"cell_name","clonal_group","group_size","Sample","Cell","newClone","Clonal","Subset"
"JR1166_1_1_A02",NA,NA,"1166_1","1166_1_1_A02","1166_1NA",FALSE,"CD4T"
"JR1166_1_1_A03",NA,NA,"1166_1","1166_1_1_A03","1166_1NA",FALSE,"CD4T"
"JR1166_1_1_A04",NA,NA,"1166_1","1166_1_1_A04","1166_1NA",FALSE,"CD4T"
"JR1166_1_1_A05",NA,NA,"1166_1","1166_1_1_A05","1166_1NA",FALSE,"CD4T"
"JR1166_1_1_A06",NA,NA,"1166_1","1166_1_1_A06","1166_1NA",FALSE,"CD4T"
"JR1166_1_1_A07",NA,NA,"1166_1","1166_1_1_A07","1166_1NA",FALSE,"CD4T"
"JR1166_1_1_A08",NA,NA,"1166_1","1166_1_1_A08","1166_1NA",FALSE,"CD4T"
"JR1166_1_1_A09",NA,NA,"1166_1","1166_1_1_A09","1166_1NA",FALSE,"CD4T"
"JR1166_1_1_A10",NA,NA,"1166_1","1166_1_1_A10","1166_1NA",FALSE,"CD8T"
"JR1166_1_1_A11",NA,NA,"1166_1","1166_1_1_A11","1166_1NA",FALSE,"CD4T"
"JR1166_1_1_A12",NA,NA,"1166_1","1166_1_1_A12","1166_1NA",FALSE,"CD4T"
"JR1166_1_1_A13",NA,NA,"1166_1","1166_1_1_A13","1166_1NA",FALSE,"CD4T"
"JR1166_1_1_A14",NA,NA,"1166_1","1166_1_1_A14","1166_1NA",FALSE,"CD4T"
"JR1166_1_1_A15",3,2,"1166_1","1166_1_1_A15","1166_13",TRUE,"CD4T"
"JR1166_1_1_A17",NA,NA,"1166_1","1166_1_1_A17","1166_1NA",FALSE,"CD4T"
"JR1166_1_1_A18",NA,NA,"1166_1","1166_1_1_A18","1166_1NA",FALSE,"CD4T"
"JR1166_1_1_A19",NA,NA,"1166_1","1166_1_1_A19","1166_1NA",FALSE,"CD4T"
"JR1166_1_1_A20",NA,NA,"1166_1","1166_1_1_A20","1166_1NA",FALSE,"CD4T"
"JR1166_1_1_A22",NA,NA,"1166_1","1166_1_1_A22","1166_1NA",FALSE,"CD8T"
"JR1166_1_1_A23",NA,NA,"1166_1","1166_1_1_A23","1166_1NA",FALSE,"CD4T"
"JR1166_1_1_A24",NA,NA,"1166_1","1166_1_1_A24","1166_1NA",FALSE,"CD4T"
"JR1166_1_1_B01",NA,NA,"1166_1","1166_1_1_B01","1166_1NA",FALSE,"CD4T"
"JR1166_1_1_B03",NA,NA,"1166_1","1166_1_1_B03","1166_1NA",FALSE,"CD4T"
"JR1166_1_1_B04",NA,NA,"1166_1","1166_1_1_B04","1166_1NA",FALSE,"CD4T"
"JR1166_1_1_B05",NA,NA,"1166_1","1166_1_1_B05","1166_1NA",FALSE,"CD4T"
"JR1166_1_1_B06",NA,NA,"1166_1","1166_1_1_B06","1166_1NA",FALSE,"CD4T"
"JR1166_1_1_B07",NA,NA,"1166_1","1166_1_1_B07","1166_1NA",FALSE,"CD8T"
"JR1166_1_1_B09",NA,NA,"1166_1","1166_1_1_B09","1166_1NA",FALSE,"CD4T"
"JR1166_1_1_B10",NA,NA,"1166_1","1166_1_1_B10","1166_1NA",FALSE,"CD4T"
"JR1166_1_1_B11",NA,NA,"1166_1","1166_1_1_B11","1166_1NA",FALSE,"CD4T"
"JR1166_1_1_B13",NA,NA,"1166_1","1166_1_1_B13","1166_1NA",FALSE,"CD4T"
"JR1166_1_1_B14",NA,NA,"1166_1","1166_1_1_B14","1166_1NA",FALSE,"CD8T"
"JR1166_1_1_B15",NA,NA,"1166_1","1166_1_1_B15","1166_1NA",FALSE,"CD4T"
"JR1166_1_1_B16",NA,NA,"1166_1","1166_1_1_B16","1166_1NA",FALSE,"CD4T"
"JR1166_1_1_B18",0,5,"1166_1","1166_1_1_B18","1166_10",TRUE,"CD8T"
"JR1166_1_1_B19",NA,NA,"1166_1","1166_1_1_B19","1166_1NA",FALSE,"CD4T"
"JR1166_1_1_B22",NA,NA,"1166_1","1166_1_1_B22","1166_1NA",FALSE,"CD4T"
"JR1166_1_1_B23",NA,NA,"1166_1","1166_1_1_B23","1166_1NA",FALSE,"CD4T"
"JR1166_1_1_B24",3,2,"1166_1","1166_1_1_B24","1166_13",TRUE,"CD4T"
"JR1166_1_1_C01",NA,NA,"1166_1","1166_1_1_C01","1166_1NA",FALSE,"CD4T"
"JR1166_1_1_C02",NA,NA,"1166_1","1166_1_1_C02","1166_1NA",FALSE,"CD8T"
"JR1166_1_1_C03",NA,NA,"1166_1","1166_1_1_C03","1166_1NA",FALSE,"CD4T"
"JR1166_1_1_C04",NA,NA,"1166_1","1166_1_1_C04","1166_1NA",FALSE,"CD4T"
"JR1166_1_1_C05",NA,NA,"1166_1","1166_1_1_C05","1166_1NA",FALSE,"CD4T"
"JR1166_1_1_C06",NA,NA,"1166_1","1166_1_1_C06","1166_1NA",FALSE,"CD4T"
"JR1166_1_1_C08",NA,NA,"1166_1","1166_1_1_C08","1166_1NA",FALSE,"CD4T"
"JR1166_1_1_C09",NA,NA,"1166_1","1166_1_1_C09","1166_1NA",FALSE,"CD4T"
"JR1166_1_1_C11",NA,NA,"1166_1","1166_1_1_C11","1166_1NA",FALSE,"CD4T"
"JR1166_1_1_C12",NA,NA,"1166_1","1166_1_1_C12","1166_1NA",FALSE,"CD4T"
"JR1166_1_1_C14",NA,NA,"1166_1","1166_1_1_C14","1166_1NA",FALSE,"CD4T"
"JR1166_1_1_C15",NA,NA,"1166_1","1166_1_1_C15","1166_1NA",FALSE,"CD4T"
"JR1166_1_1_C17",NA,NA,"1166_1","1166_1_1_C17","1166_1NA",FALSE,"CD8T"
"JR1166_1_1_C18",NA,NA,"1166_1","1166_1_1_C18","1166_1NA",FALSE,"CD4T"
"JR1166_1_1_C19",NA,NA,"1166_1","1166_1_1_C19","1166_1NA",FALSE,"CD4T"
"JR1166_1_1_C22",NA,NA,"1166_1","1166_1_1_C22","1166_1NA",FALSE,"CD4T"
"JR1166_1_1_C23",0,5,"1166_1","1166_1_1_C23","1166_10",TRUE,"CD8T"
"JR1166_1_1_C24",NA,NA,"1166_1","1166_1_1_C24","1166_1NA",FALSE,"CD4T"
"JR1166_1_1_D01",NA,NA,"1166_1","1166_1_1_D01","1166_1NA",FALSE,"CD4T"
"JR1166_1_1_D02",NA,NA,"1166_1","1166_1_1_D02","1166_1NA",FALSE,"CD8T"
"JR1166_1_1_D03",NA,NA,"1166_1","1166_1_1_D03","1166_1NA",FALSE,"CD4T"
"JR1166_1_1_D04",NA,NA,"1166_1","1166_1_1_D04","1166_1NA",FALSE,"CD4T"
"JR1166_1_1_D05",NA,NA,"1166_1","1166_1_1_D05","1166_1NA",FALSE,"CD4T"
"JR1166_1_1_D06",NA,NA,"1166_1","1166_1_1_D06","1166_1NA",FALSE,"CD4T"
"JR1166_1_1_D07",NA,NA,"1166_1","1166_1_1_D07","1166_1NA",FALSE,"CD4T"
"JR1166_1_1_D08",0,5,"1166_1","1166_1_1_D08","1166_10",TRUE,"CD8T"
"JR1166_1_1_D09",NA,NA,"1166_1","1166_1_1_D09","1166_1NA",FALSE,"CD4T"
"JR1166_1_1_D10",NA,NA,"1166_1","1166_1_1_D10","1166_1NA",FALSE,"CD4T"
"JR1166_1_1_D11",NA,NA,"1166_1","1166_1_1_D11","1166_1NA",FALSE,"CD8T"
"JR1166_1_1_D12",NA,NA,"1166_1","1166_1_1_D12","1166_1NA",FALSE,"CD4T"
"JR1166_1_1_D13",NA,NA,"1166_1","1166_1_1_D13","1166_1NA",FALSE,"CD4T"
"JR1166_1_1_D15",NA,NA,"1166_1","1166_1_1_D15","1166_1NA",FALSE,"CD4T"
"JR1166_1_1_D16",NA,NA,"1166_1","1166_1_1_D16","1166_1NA",FALSE,"CD4T"
"JR1166_1_1_D17",NA,NA,"1166_1","1166_1_1_D17","1166_1NA",FALSE,"CD4T"
"JR1166_1_1_D18",NA,NA,"1166_1","1166_1_1_D18","1166_1NA",FALSE,"CD4T"
"JR1166_1_1_D19",NA,NA,"1166_1","1166_1_1_D19","1166_1NA",FALSE,"CD4T"
"JR1166_1_1_D20",NA,NA,"1166_1","1166_1_1_D20","1166_1NA",FALSE,"CD4T"
"JR1166_1_1_D22",NA,NA,"1166_1","1166_1_1_D22","1166_1NA",FALSE,"CD4T"
"JR1166_1_1_D23",NA,NA,"1166_1","1166_1_1_D23","1166_1NA",FALSE,"CD4T"
"JR1166_1_1_D24",1,2,"1166_1","1166_1_1_D24","1166_11",TRUE,"CD4T"
"JR1166_1_1_E01",NA,NA,"1166_1","1166_1_1_E01","1166_1NA",FALSE,"CD8T"
"JR1166_1_1_E02",NA,NA,"1166_1","1166_1_1_E02","1166_1NA",FALSE,"CD8T"
"JR1166_1_1_E03",NA,NA,"1166_1","1166_1_1_E03","1166_1NA",FALSE,"CD4T"
"JR1166_1_1_E04",NA,NA,"1166_1","1166_1_1_E04","1166_1NA",FALSE,"CD4T"
"JR1166_1_1_E05",NA,NA,"1166_1","1166_1_1_E05","1166_1NA",FALSE,"CD4T"
"JR1166_1_1_E06",NA,NA,"1166_1","1166_1_1_E06","1166_1NA",FALSE,"CD4T"
"JR1166_1_1_E07",NA,NA,"1166_1","1166_1_1_E07","1166_1NA",FALSE,"CD8T"
"JR1166_1_1_E08",NA,NA,"1166_1","1166_1_1_E08","1166_1NA",FALSE,"CD4T"
"JR1166_1_1_E09",NA,NA,"1166_1","1166_1_1_E09","1166_1NA",FALSE,"CD4T"
"JR1166_1_1_E10",NA,NA,"1166_1","1166_1_1_E10","1166_1NA",FALSE,"CD4T"
"JR1166_1_1_E11",NA,NA,"1166_1","1166_1_1_E11","1166_1NA",FALSE,"CD4T"
"JR1166_1_1_E13",NA,NA,"1166_1","1166_1_1_E13","1166_1NA",FALSE,"CD4T"
"JR1166_1_1_E15",NA,NA,"1166_1","1166_1_1_E15","1166_1NA",FALSE,"CD4T"
"JR1166_1_1_E16",NA,NA,"1166_1","1166_1_1_E16","1166_1NA",FALSE,"CD4T"
"JR1166_1_1_E17",NA,NA,"1166_1","1166_1_1_E17","1166_1NA",FALSE,"CD4T"
"JR1166_1_1_E18",NA,NA,"1166_1","1166_1_1_E18","1166_1NA",FALSE,"CD4T"
"JR1166_1_1_E19",NA,NA,"1166_1","1166_1_1_E19","1166_1NA",FALSE,"CD4T"
"JR1166_1_1_E20",NA,NA,"1166_1","1166_1_1_E20","1166_1NA",FALSE,"CD4T"
"JR1166_1_1_E22",NA,NA,"1166_1","1166_1_1_E22","1166_1NA",FALSE,"CD4T"
"JR1166_1_1_E23",NA,NA,"1166_1","1166_1_1_E23","1166_1NA",FALSE,"CD4T"
"JR1166_1_1_E24",NA,NA,"1166_1","1166_1_1_E24","1166_1NA",FALSE,"CD4T"
"JR1166_1_1_F01",NA,NA,"1166_1","1166_1_1_F01","1166_1NA",FALSE,"CD4T"
"JR1166_1_1_F02",NA,NA,"1166_1","1166_1_1_F02","1166_1NA",FALSE,"CD4T"
"JR1166_1_1_F03",NA,NA,"1166_1","1166_1_1_F03","1166_1NA",FALSE,"CD4T"
"JR1166_1_1_F04",NA,NA,"1166_1","1166_1_1_F04","1166_1NA",FALSE,"CD4T"
"JR1166_1_1_F05",NA,NA,"1166_1","1166_1_1_F05","1166_1NA",FALSE,"CD4T"
"JR1166_1_1_F06",NA,NA,"1166_1","1166_1_1_F06","1166_1NA",FALSE,"CD4T"
"JR1166_1_1_F07",NA,NA,"1166_1","1166_1_1_F07","1166_1NA",FALSE,"CD8T"
"JR1166_1_1_F08",NA,NA,"1166_1","1166_1_1_F08","1166_1NA",FALSE,"CD4T"
"JR1166_1_1_F09",NA,NA,"1166_1","1166_1_1_F09","1166_1NA",FALSE,"CD4T"
"JR1166_1_1_F10",NA,NA,"1166_1","1166_1_1_F10","1166_1NA",FALSE,"CD4T"
"JR1166_1_1_F11",NA,NA,"1166_1","1166_1_1_F11","1166_1NA",FALSE,"CD4T"
"JR1166_1_1_F13",NA,NA,"1166_1","1166_1_1_F13","1166_1NA",FALSE,"CD4T"
"JR1166_1_1_F14",NA,NA,"1166_1","1166_1_1_F14","1166_1NA",FALSE,"CD4T"
"JR1166_1_1_F16",NA,NA,"1166_1","1166_1_1_F16","1166_1NA",FALSE,"CD4T"
"JR1166_1_1_F17",NA,NA,"1166_1","1166_1_1_F17","1166_1NA",FALSE,"DNT"
"JR1166_1_1_F18",NA,NA,"1166_1","1166_1_1_F18","1166_1NA",FALSE,"CD4T"
"JR1166_1_1_F19",NA,NA,"1166_1","1166_1_1_F19","1166_1NA",FALSE,"CD4T"
"JR1166_1_1_F20",NA,NA,"1166_1","1166_1_1_F20","1166_1NA",FALSE,"CD4T"
"JR1166_1_1_F22",NA,NA,"1166_1","1166_1_1_F22","1166_1NA",FALSE,"CD4T"
"JR1166_1_1_F23",NA,NA,"1166_1","1166_1_1_F23","1166_1NA",FALSE,"CD4T"
"JR1166_1_1_F24",NA,NA,"1166_1","1166_1_1_F24","1166_1NA",FALSE,"CD4T"
"JR1166_1_1_G01",NA,NA,"1166_1","1166_1_1_G01","1166_1NA",FALSE,"CD4T"
"JR1166_1_1_G02",NA,NA,"1166_1","1166_1_1_G02","1166_1NA",FALSE,"CD4T"
"JR1166_1_1_G04",NA,NA,"1166_1","1166_1_1_G04","1166_1NA",FALSE,"CD4T"
"JR1166_1_1_G05",NA,NA,"1166_1","1166_1_1_G05","1166_1NA",FALSE,"CD4T"
"JR1166_1_1_G06",NA,NA,"1166_1","1166_1_1_G06","1166_1NA",FALSE,"CD4T"
"JR1166_1_1_G07",NA,NA,"1166_1","1166_1_1_G07","1166_1NA",FALSE,"CD4T"
"JR1166_1_1_G08",NA,NA,"1166_1","1166_1_1_G08","1166_1NA",FALSE,"CD4T"
"JR1166_1_1_G10",NA,NA,"1166_1","1166_1_1_G10","1166_1NA",FALSE,"CD4T"
"JR1166_1_1_G11",NA,NA,"1166_1","1166_1_1_G11","1166_1NA",FALSE,"CD8T"
"JR1166_1_1_G13",NA,NA,"1166_1","1166_1_1_G13","1166_1NA",FALSE,"CD8T"
"JR1166_1_1_G14",NA,NA,"1166_1","1166_1_1_G14","1166_1NA",FALSE,"CD4T"
"JR1166_1_1_G15",NA,NA,"1166_1","1166_1_1_G15","1166_1NA",FALSE,"CD4T"
"JR1166_1_1_G16",NA,NA,"1166_1","1166_1_1_G16","1166_1NA",FALSE,"CD4T"
"JR1166_1_1_G17",NA,NA,"1166_1","1166_1_1_G17","1166_1NA",FALSE,"CD4T"
"JR1166_1_1_G19",NA,NA,"1166_1","1166_1_1_G19","1166_1NA",FALSE,"CD4T"
"JR1166_1_1_G21",NA,NA,"1166_1","1166_1_1_G21","1166_1NA",FALSE,"CD4T"
"JR1166_1_1_G22",NA,NA,"1166_1","1166_1_1_G22","1166_1NA",FALSE,"CD4T"
"JR1166_1_1_G23",NA,NA,"1166_1","1166_1_1_G23","1166_1NA",FALSE,"CD4T"
"JR1166_1_1_G24",NA,NA,"1166_1","1166_1_1_G24","1166_1NA",FALSE,"CD4T"
"JR1166_1_1_H02",NA,NA,"1166_1","1166_1_1_H02","1166_1NA",FALSE,"CD4T"
"JR1166_1_1_H03",NA,NA,"1166_1","1166_1_1_H03","1166_1NA",FALSE,"CD8T"
"JR1166_1_1_H04",NA,NA,"1166_1","1166_1_1_H04","1166_1NA",FALSE,"CD8T"
"JR1166_1_1_H05",NA,NA,"1166_1","1166_1_1_H05","1166_1NA",FALSE,"CD8T"
"JR1166_1_1_H06",NA,NA,"1166_1","1166_1_1_H06","1166_1NA",FALSE,"CD4T"
"JR1166_1_1_H08",NA,NA,"1166_1","1166_1_1_H08","1166_1NA",FALSE,"CD4T"
"JR1166_1_1_H09",NA,NA,"1166_1","1166_1_1_H09","1166_1NA",FALSE,"CD4T"
"JR1166_1_1_H10",NA,NA,"1166_1","1166_1_1_H10","1166_1NA",FALSE,"CD4T"
"JR1166_1_1_H11",NA,NA,"1166_1","1166_1_1_H11","1166_1NA",FALSE,"CD4T"
"JR1166_1_1_H12",NA,NA,"1166_1","1166_1_1_H12","1166_1NA",FALSE,"CD4T"
"JR1166_1_1_H13",NA,NA,"1166_1","1166_1_1_H13","1166_1NA",FALSE,"CD4T"
"JR1166_1_1_H14",NA,NA,"1166_1","1166_1_1_H14","1166_1NA",FALSE,"CD4T"
"JR1166_1_1_H15",NA,NA,"1166_1","1166_1_1_H15","1166_1NA",FALSE,"CD4T"
"JR1166_1_1_H16",NA,NA,"1166_1","1166_1_1_H16","1166_1NA",FALSE,"CD4T"
"JR1166_1_1_H18",NA,NA,"1166_1","1166_1_1_H18","1166_1NA",FALSE,"CD4T"
"JR1166_1_1_H19",NA,NA,"1166_1","1166_1_1_H19","1166_1NA",FALSE,"CD4T"
"JR1166_1_1_H20",NA,NA,"1166_1","1166_1_1_H20","1166_1NA",FALSE,"CD4T"
"JR1166_1_1_H22",NA,NA,"1166_1","1166_1_1_H22","1166_1NA",FALSE,"CD4T"
"JR1166_1_1_H23",NA,NA,"1166_1","1166_1_1_H23","1166_1NA",FALSE,"CD8T"
"JR1166_1_1_H24",NA,NA,"1166_1","1166_1_1_H24","1166_1NA",FALSE,"CD4T"
"JR1166_1_1_I02",NA,NA,"1166_1","1166_1_1_I02","1166_1NA",FALSE,"CD4T"
"JR1166_1_1_I03",NA,NA,"1166_1","1166_1_1_I03","1166_1NA",FALSE,"CD4T"
"JR1166_1_1_I04",NA,NA,"1166_1","1166_1_1_I04","1166_1NA",FALSE,"CD4T"
"JR1166_1_1_I05",NA,NA,"1166_1","1166_1_1_I05","1166_1NA",FALSE,"CD4T"
"JR1166_1_1_I07",NA,NA,"1166_1","1166_1_1_I07","1166_1NA",FALSE,"CD4T"
"JR1166_1_1_I08",4,2,"1166_1","1166_1_1_I08","1166_14",TRUE,"CD8T"
"JR1166_1_1_I09",NA,NA,"1166_1","1166_1_1_I09","1166_1NA",FALSE,"CD4T"
"JR1166_1_1_I10",NA,NA,"1166_1","1166_1_1_I10","1166_1NA",FALSE,"CD4T"
"JR1166_1_1_I11",NA,NA,"1166_1","1166_1_1_I11","1166_1NA",FALSE,"CD4T"
"JR1166_1_1_I12",NA,NA,"1166_1","1166_1_1_I12","1166_1NA",FALSE,"CD4T"
"JR1166_1_1_I13",NA,NA,"1166_1","1166_1_1_I13","1166_1NA",FALSE,"CD4T"
"JR1166_1_1_I14",NA,NA,"1166_1","1166_1_1_I14","1166_1NA",FALSE,"CD4T"
"JR1166_1_1_I15",NA,NA,"1166_1","1166_1_1_I15","1166_1NA",FALSE,"CD8T"
"JR1166_1_1_I16",NA,NA,"1166_1","1166_1_1_I16","1166_1NA",FALSE,"CD4T"
"JR1166_1_1_I17",NA,NA,"1166_1","1166_1_1_I17","1166_1NA",FALSE,"CD4T"
"JR1166_1_1_I18",NA,NA,"1166_1","1166_1_1_I18","1166_1NA",FALSE,"CD4T"
"JR1166_1_1_I19",NA,NA,"1166_1","1166_1_1_I19","1166_1NA",FALSE,"CD4T"
"JR1166_1_1_I20",NA,NA,"1166_1","1166_1_1_I20","1166_1NA",FALSE,"CD4T"
"JR1166_1_1_I22",NA,NA,"1166_1","1166_1_1_I22","1166_1NA",FALSE,"CD8T"
"JR1166_1_1_I23",NA,NA,"1166_1","1166_1_1_I23","1166_1NA",FALSE,"CD4T"
"JR1166_1_1_I24",NA,NA,"1166_1","1166_1_1_I24","1166_1NA",FALSE,"CD4T"
"JR1166_1_1_J01",NA,NA,"1166_1","1166_1_1_J01","1166_1NA",FALSE,"CD4T"
"JR1166_1_1_J02",NA,NA,"1166_1","1166_1_1_J02","1166_1NA",FALSE,"CD4T"
"JR1166_1_1_J03",NA,NA,"1166_1","1166_1_1_J03","1166_1NA",FALSE,"CD4T"
"JR1166_1_1_J04",NA,NA,"1166_1","1166_1_1_J04","1166_1NA",FALSE,"CD8T"
"JR1166_1_1_J05",NA,NA,"1166_1","1166_1_1_J05","1166_1NA",FALSE,"CD4T"
"JR1166_1_1_J06",NA,NA,"1166_1","1166_1_1_J06","1166_1NA",FALSE,"CD4T"
"JR1166_1_1_J07",NA,NA,"1166_1","1166_1_1_J07","1166_1NA",FALSE,"CD4T"
"JR1166_1_1_J08",NA,NA,"1166_1","1166_1_1_J08","1166_1NA",FALSE,"CD4T"
"JR1166_1_1_J09",NA,NA,"1166_1","1166_1_1_J09","1166_1NA",FALSE,"CD4T"
"JR1166_1_1_J10",NA,NA,"1166_1","1166_1_1_J10","1166_1NA",FALSE,"CD4T"
"JR1166_1_1_J11",NA,NA,"1166_1","1166_1_1_J11","1166_1NA",FALSE,"CD4T"
"JR1166_1_1_J13",NA,NA,"1166_1","1166_1_1_J13","1166_1NA",FALSE,"CD4T"
"JR1166_1_1_J14",NA,NA,"1166_1","1166_1_1_J14","1166_1NA",FALSE,"DNT"
"JR1166_1_1_J15",NA,NA,"1166_1","1166_1_1_J15","1166_1NA",FALSE,"CD8T"
"JR1166_1_1_J16",NA,NA,"1166_1","1166_1_1_J16","1166_1NA",FALSE,"CD4T"
"JR1166_1_1_J17",NA,NA,"1166_1","1166_1_1_J17","1166_1NA",FALSE,"CD4T"
"JR1166_1_1_J19",NA,NA,"1166_1","1166_1_1_J19","1166_1NA",FALSE,"CD4T"
"JR1166_1_1_J20",NA,NA,"1166_1","1166_1_1_J20","1166_1NA",FALSE,"CD4T"
"JR1166_1_1_J23",NA,NA,"1166_1","1166_1_1_J23","1166_1NA",FALSE,"CD4T"
"JR1166_1_1_J24",NA,NA,"1166_1","1166_1_1_J24","1166_1NA",FALSE,"CD8T"
"JR1166_1_1_K01",NA,NA,"1166_1","1166_1_1_K01","1166_1NA",FALSE,"CD4T"
"JR1166_1_1_K02",NA,NA,"1166_1","1166_1_1_K02","1166_1NA",FALSE,"CD4T"
"JR1166_1_1_K03",NA,NA,"1166_1","1166_1_1_K03","1166_1NA",FALSE,"CD4T"
"JR1166_1_1_K04",NA,NA,"1166_1","1166_1_1_K04","1166_1NA",FALSE,"CD4T"
"JR1166_1_1_K05",NA,NA,"1166_1","1166_1_1_K05","1166_1NA",FALSE,"CD4T"
"JR1166_1_1_K06",NA,NA,"1166_1","1166_1_1_K06","1166_1NA",FALSE,"CD4T"
"JR1166_1_1_K07",NA,NA,"1166_1","1166_1_1_K07","1166_1NA",FALSE,"CD4T"
"JR1166_1_1_K08",NA,NA,"1166_1","1166_1_1_K08","1166_1NA",FALSE,"CD4T"
"JR1166_1_1_K09",NA,NA,"1166_1","1166_1_1_K09","1166_1NA",FALSE,"CD8T"
"JR1166_1_1_K10",NA,NA,"1166_1","1166_1_1_K10","1166_1NA",FALSE,"CD4T"
"JR1166_1_1_K11",NA,NA,"1166_1","1166_1_1_K11","1166_1NA",FALSE,"CD4T"
"JR1166_1_1_K12",NA,NA,"1166_1","1166_1_1_K12","1166_1NA",FALSE,"CD4T"
"JR1166_1_1_K14",NA,NA,"1166_1","1166_1_1_K14","1166_1NA",FALSE,"CD4T"
"JR1166_1_1_K15",1,2,"1166_1","1166_1_1_K15","1166_11",TRUE,"CD4T"
"JR1166_1_1_K16",NA,NA,"1166_1","1166_1_1_K16","1166_1NA",FALSE,"CD4T"
"JR1166_1_1_K17",NA,NA,"1166_1","1166_1_1_K17","1166_1NA",FALSE,"CD4T"
"JR1166_1_1_K18",NA,NA,"1166_1","1166_1_1_K18","1166_1NA",FALSE,"CD4T"
"JR1166_1_1_K19",NA,NA,"1166_1","1166_1_1_K19","1166_1NA",FALSE,"CD4T"
"JR1166_1_1_K21",NA,NA,"1166_1","1166_1_1_K21","1166_1NA",FALSE,"CD4T"
"JR1166_1_1_K22",NA,NA,"1166_1","1166_1_1_K22","1166_1NA",FALSE,"CD4T"
"JR1166_1_1_K23",NA,NA,"1166_1","1166_1_1_K23","1166_1NA",FALSE,"CD4T"
"JR1166_1_1_K24",NA,NA,"1166_1","1166_1_1_K24","1166_1NA",FALSE,"CD4T"
"JR1166_1_1_L01",NA,NA,"1166_1","1166_1_1_L01","1166_1NA",FALSE,"CD4T"
"JR1166_1_1_L02",NA,NA,"1166_1","1166_1_1_L02","1166_1NA",FALSE,"DNT"
"JR1166_1_1_L03",NA,NA,"1166_1","1166_1_1_L03","1166_1NA",FALSE,"CD4T"
"JR1166_1_1_L04",NA,NA,"1166_1","1166_1_1_L04","1166_1NA",FALSE,"CD4T"
"JR1166_1_1_L05",NA,NA,"1166_1","1166_1_1_L05","1166_1NA",FALSE,"CD4T"
"JR1166_1_1_L06",NA,NA,"1166_1","1166_1_1_L06","1166_1NA",FALSE,"CD4T"
"JR1166_1_1_L07",NA,NA,"1166_1","1166_1_1_L07","1166_1NA",FALSE,"CD4T"
"JR1166_1_1_L08",NA,NA,"1166_1","1166_1_1_L08","1166_1NA",FALSE,"CD4T"
"JR1166_1_1_L09",NA,NA,"1166_1","1166_1_1_L09","1166_1NA",FALSE,"CD4T"
"JR1166_1_1_L10",NA,NA,"1166_1","1166_1_1_L10","1166_1NA",FALSE,"CD4T"
"JR1166_1_1_L11",NA,NA,"1166_1","1166_1_1_L11","1166_1NA",FALSE,"CD4T"
"JR1166_1_1_L12",NA,NA,"1166_1","1166_1_1_L12","1166_1NA",FALSE,"CD4T"
"JR1166_1_1_L13",NA,NA,"1166_1","1166_1_1_L13","1166_1NA",FALSE,"CD4T"
"JR1166_1_1_L14",NA,NA,"1166_1","1166_1_1_L14","1166_1NA",FALSE,"CD4T"
"JR1166_1_1_L16",NA,NA,"1166_1","1166_1_1_L16","1166_1NA",FALSE,"CD4T"
"JR1166_1_1_L17",0,5,"1166_1","1166_1_1_L17","1166_10",TRUE,"CD8T"
"JR1166_1_1_L18",NA,NA,"1166_1","1166_1_1_L18","1166_1NA",FALSE,"CD4T"
"JR1166_1_1_L19",NA,NA,"1166_1","1166_1_1_L19","1166_1NA",FALSE,"CD8T"
"JR1166_1_1_L20",NA,NA,"1166_1","1166_1_1_L20","1166_1NA",FALSE,"CD4T"
"JR1166_1_1_L21",NA,NA,"1166_1","1166_1_1_L21","1166_1NA",FALSE,"CD8T"
"JR1166_1_1_L22",NA,NA,"1166_1","1166_1_1_L22","1166_1NA",FALSE,"CD4T"
"JR1166_1_1_M02",NA,NA,"1166_1","1166_1_1_M02","1166_1NA",FALSE,"CD4T"
"JR1166_1_1_M03",NA,NA,"1166_1","1166_1_1_M03","1166_1NA",FALSE,"CD4T"
"JR1166_1_1_M05",NA,NA,"1166_1","1166_1_1_M05","1166_1NA",FALSE,"CD8T"
"JR1166_1_1_M07",NA,NA,"1166_1","1166_1_1_M07","1166_1NA",FALSE,"CD8T"
"JR1166_1_1_M08",NA,NA,"1166_1","1166_1_1_M08","1166_1NA",FALSE,"CD4T"
"JR1166_1_1_M09",NA,NA,"1166_1","1166_1_1_M09","1166_1NA",FALSE,"CD4T"
"JR1166_1_1_M11",NA,NA,"1166_1","1166_1_1_M11","1166_1NA",FALSE,"CD4T"
"JR1166_1_1_M12",NA,NA,"1166_1","1166_1_1_M12","1166_1NA",FALSE,"CD4T"
"JR1166_1_1_M13",NA,NA,"1166_1","1166_1_1_M13","1166_1NA",FALSE,"CD8T"
"JR1166_1_2_A03",NA,NA,"1166_1","1166_1_2_A03","1166_1NA",FALSE,"CD4T"
"JR1166_1_2_A05",NA,NA,"1166_1","1166_1_2_A05","1166_1NA",FALSE,"CD4T"
"JR1166_1_2_A08",NA,NA,"1166_1","1166_1_2_A08","1166_1NA",FALSE,"CD4T"
"JR1166_1_2_B01",NA,NA,"1166_1","1166_1_2_B01","1166_1NA",FALSE,"CD4T"
"JR1166_1_2_B07",NA,NA,"1166_1","1166_1_2_B07","1166_1NA",FALSE,"CD4T"
"JR1166_1_2_C01",NA,NA,"1166_1","1166_1_2_C01","1166_1NA",FALSE,"CD4T"
"JR1166_1_2_C13",NA,NA,"1166_1","1166_1_2_C13","1166_1NA",FALSE,"CD4T"
"JR1166_1_2_D01",NA,NA,"1166_1","1166_1_2_D01","1166_1NA",FALSE,"CD4T"
"JR1166_1_2_D06",NA,NA,"1166_1","1166_1_2_D06","1166_1NA",FALSE,"DPT"
"JR1166_1_2_F01",NA,NA,"1166_1","1166_1_2_F01","1166_1NA",FALSE,"CD4T"
"JR1166_1_2_F04",NA,NA,"1166_1","1166_1_2_F04","1166_1NA",FALSE,"DNT"
"JR1166_1_2_G01",NA,NA,"1166_1","1166_1_2_G01","1166_1NA",FALSE,"CD4T"
"JR1166_1_2_H01",NA,NA,"1166_1","1166_1_2_H01","1166_1NA",FALSE,"CD4T"
"JR1166_1_2_H04",NA,NA,"1166_1","1166_1_2_H04","1166_1NA",FALSE,"CD4T"
"JR1166_1_2_I01",4,2,"1166_1","1166_1_2_I01","1166_14",TRUE,"CD8T"
"JR1166_1_2_J01",0,5,"1166_1","1166_1_2_J01","1166_10",TRUE,"CD8T"
"JR1166_1_2_J11",NA,NA,"1166_1","1166_1_2_J11","1166_1NA",FALSE,"CD4T"
"JR1166_1_2_J14",NA,NA,"1166_1","1166_1_2_J14","1166_1NA",FALSE,"DNT"
"JR1166_1_2_K01",NA,NA,"1166_1","1166_1_2_K01","1166_1NA",FALSE,"CD4T"
"JR1166_1_2_K13",2,2,"1166_1","1166_1_2_K13","1166_12",TRUE,"CD4T"
"JR1166_1_2_K14",NA,NA,"1166_1","1166_1_2_K14","1166_1NA",FALSE,"CD4T"
"JR1166_1_2_L01",NA,NA,"1166_1","1166_1_2_L01","1166_1NA",FALSE,"CD4T"
"JR1166_1_2_M01",2,2,"1166_1","1166_1_2_M01","1166_12",TRUE,"CD4T"
"JR1166_1_2_N04",NA,NA,"1166_1","1166_1_2_N04","1166_1NA",FALSE,"CD4T"
"JR1166_1_2_N06",NA,NA,"1166_1","1166_1_2_N06","1166_1NA",FALSE,"CD4T"
"JR1166_1_2_N16",NA,NA,"1166_1","1166_1_2_N16","1166_1NA",FALSE,"CD4T"
"JR1166_1_2_O01",NA,NA,"1166_1","1166_1_2_O01","1166_1NA",FALSE,"CD8T"
"JR1166_1_2_O07",NA,NA,"1166_1","1166_1_2_O07","1166_1NA",FALSE,"CD4T"
"JR1166_1_2_O12",NA,NA,"1166_1","1166_1_2_O12","1166_1NA",FALSE,"CD4T"
"JR1166_1_2_P01",NA,NA,"1166_1","1166_1_2_P01","1166_1NA",FALSE,"CD4T"
"JR1166_1_2_P02",NA,NA,"1166_1","1166_1_2_P02","1166_1NA",FALSE,"CD4T"
"JR1166_1_2_P08",NA,NA,"1166_1","1166_1_2_P08","1166_1NA",FALSE,"CD4T"
"JR1227_1_1_A02",NA,NA,"1227_1","1227_1_1_A02","1227_1NA",FALSE,"CD4T"
"JR1227_1_1_A03",NA,NA,"1227_1","1227_1_1_A03","1227_1NA",FALSE,"CD4T"
"JR1227_1_1_A04",NA,NA,"1227_1","1227_1_1_A04","1227_1NA",FALSE,"CD8T"
"JR1227_1_1_A06",NA,NA,"1227_1","1227_1_1_A06","1227_1NA",FALSE,"CD4T"
"JR1227_1_1_A15",NA,NA,"1227_1","1227_1_1_A15","1227_1NA",FALSE,"CD4T"
"JR1227_1_1_A16",11,21,"1227_1","1227_1_1_A16","1227_111",TRUE,"CD8T"
"JR1227_1_1_A19",NA,NA,"1227_1","1227_1_1_A19","1227_1NA",FALSE,"CD4T"
"JR1227_1_1_B01",NA,NA,"1227_1","1227_1_1_B01","1227_1NA",FALSE,"CD4T"
"JR1227_1_1_B03",NA,NA,"1227_1","1227_1_1_B03","1227_1NA",FALSE,"CD4T"
"JR1227_1_1_B05",7,7,"1227_1","1227_1_1_B05","1227_17",TRUE,"CD8T"
"JR1227_1_1_B06",NA,NA,"1227_1","1227_1_1_B06","1227_1NA",FALSE,"CD4T"
"JR1227_1_1_B07",3,2,"1227_1","1227_1_1_B07","1227_13",FALSE,"CD8T"
"JR1227_1_1_B09",NA,NA,"1227_1","1227_1_1_B09","1227_1NA",FALSE,"CD4T"
"JR1227_1_1_B10",NA,NA,"1227_1","1227_1_1_B10","1227_1NA",FALSE,"CD4T"
"JR1227_1_1_B11",NA,NA,"1227_1","1227_1_1_B11","1227_1NA",FALSE,"DPT"
"JR1227_1_1_B12",NA,NA,"1227_1","1227_1_1_B12","1227_1NA",FALSE,"CD4T"
"JR1227_1_1_B13",NA,NA,"1227_1","1227_1_1_B13","1227_1NA",FALSE,"CD4T"
"JR1227_1_1_B14",NA,NA,"1227_1","1227_1_1_B14","1227_1NA",FALSE,"CD4T"
"JR1227_1_1_B15",NA,NA,"1227_1","1227_1_1_B15","1227_1NA",FALSE,"CD8T"
"JR1227_1_1_B16",NA,NA,"1227_1","1227_1_1_B16","1227_1NA",FALSE,"CD4T"
"JR1227_1_1_B18",NA,NA,"1227_1","1227_1_1_B18","1227_1NA",FALSE,"CD4T"
"JR1227_1_1_C02",NA,NA,"1227_1","1227_1_1_C02","1227_1NA",FALSE,"CD4T"
"JR1227_1_1_C03",NA,NA,"1227_1","1227_1_1_C03","1227_1NA",FALSE,"CD4T"
"JR1227_1_1_C04",NA,NA,"1227_1","1227_1_1_C04","1227_1NA",FALSE,"CD4T"
"JR1227_1_1_C05",NA,NA,"1227_1","1227_1_1_C05","1227_1NA",FALSE,"DPT"
"JR1227_1_1_C07",NA,NA,"1227_1","1227_1_1_C07","1227_1NA",FALSE,"CD4T"
"JR1227_1_1_C08",NA,NA,"1227_1","1227_1_1_C08","1227_1NA",FALSE,"CD8T"
"JR1227_1_1_C09",NA,NA,"1227_1","1227_1_1_C09","1227_1NA",FALSE,"CD8T"
"JR1227_1_1_C10",NA,NA,"1227_1","1227_1_1_C10","1227_1NA",FALSE,"CD4T"
"JR1227_1_1_C11",NA,NA,"1227_1","1227_1_1_C11","1227_1NA",FALSE,"CD4T"
"JR1227_1_1_C12",NA,NA,"1227_1","1227_1_1_C12","1227_1NA",FALSE,"CD4T"
"JR1227_1_1_C13",NA,NA,"1227_1","1227_1_1_C13","1227_1NA",FALSE,"CD4T"
"JR1227_1_1_C14",NA,NA,"1227_1","1227_1_1_C14","1227_1NA",FALSE,"CD4T"
"JR1227_1_1_C15",NA,NA,"1227_1","1227_1_1_C15","1227_1NA",FALSE,"DPT"
"JR1227_1_1_C16",NA,NA,"1227_1","1227_1_1_C16","1227_1NA",FALSE,"CD4T"
"JR1227_1_1_C17",NA,NA,"1227_1","1227_1_1_C17","1227_1NA",FALSE,"CD4T"
"JR1227_1_1_C18",NA,NA,"1227_1","1227_1_1_C18","1227_1NA",FALSE,"CD4T"
"JR1227_1_1_C19",NA,NA,"1227_1","1227_1_1_C19","1227_1NA",FALSE,"CD4T"
"JR1227_1_1_D01",NA,NA,"1227_1","1227_1_1_D01","1227_1NA",FALSE,"DPT"
"JR1227_1_1_D02",NA,NA,"1227_1","1227_1_1_D02","1227_1NA",FALSE,"CD4T"
"JR1227_1_1_D03",NA,NA,"1227_1","1227_1_1_D03","1227_1NA",FALSE,"CD8T"
"JR1227_1_1_D05",NA,NA,"1227_1","1227_1_1_D05","1227_1NA",FALSE,"DPT"
"JR1227_1_1_D06",NA,NA,"1227_1","1227_1_1_D06","1227_1NA",FALSE,"CD4T"
"JR1227_1_1_D07",NA,NA,"1227_1","1227_1_1_D07","1227_1NA",FALSE,"CD8T"
"JR1227_1_1_D08",NA,NA,"1227_1","1227_1_1_D08","1227_1NA",FALSE,"CD4T"
"JR1227_1_1_D09",NA,NA,"1227_1","1227_1_1_D09","1227_1NA",FALSE,"CD4T"
"JR1227_1_1_D10",NA,NA,"1227_1","1227_1_1_D10","1227_1NA",FALSE,"CD4T"
"JR1227_1_1_D11",NA,NA,"1227_1","1227_1_1_D11","1227_1NA",FALSE,"CD4T"
"JR1227_1_1_D12",NA,NA,"1227_1","1227_1_1_D12","1227_1NA",FALSE,"CD4T"
"JR1227_1_1_D13",20,2,"1227_1","1227_1_1_D13","1227_120",FALSE,"CD8T"
"JR1227_1_1_D14",NA,NA,"1227_1","1227_1_1_D14","1227_1NA",FALSE,"CD4T"
"JR1227_1_1_D16",NA,NA,"1227_1","1227_1_1_D16","1227_1NA",FALSE,"CD4T"
"JR1227_1_1_D17",NA,NA,"1227_1","1227_1_1_D17","1227_1NA",FALSE,"CD4T"
"JR1227_1_1_D18",NA,NA,"1227_1","1227_1_1_D18","1227_1NA",FALSE,"DPT"
"JR1227_1_1_D19",NA,NA,"1227_1","1227_1_1_D19","1227_1NA",FALSE,"DNT"
"JR1227_1_1_E01",NA,NA,"1227_1","1227_1_1_E01","1227_1NA",FALSE,"DPT"
"JR1227_1_1_E02",NA,NA,"1227_1","1227_1_1_E02","1227_1NA",FALSE,"CD4T"
"JR1227_1_1_E03",NA,NA,"1227_1","1227_1_1_E03","1227_1NA",FALSE,"CD4T"
"JR1227_1_1_E04",NA,NA,"1227_1","1227_1_1_E04","1227_1NA",FALSE,"CD4T"
"JR1227_1_1_E06",NA,NA,"1227_1","1227_1_1_E06","1227_1NA",FALSE,"CD4T"
"JR1227_1_1_E07",NA,NA,"1227_1","1227_1_1_E07","1227_1NA",FALSE,"CD4T"
"JR1227_1_1_E08",NA,NA,"1227_1","1227_1_1_E08","1227_1NA",FALSE,"CD4T"
"JR1227_1_1_E09",NA,NA,"1227_1","1227_1_1_E09","1227_1NA",FALSE,"CD4T"
"JR1227_1_1_E10",NA,NA,"1227_1","1227_1_1_E10","1227_1NA",FALSE,"CD4T"
"JR1227_1_1_E12",16,2,"1227_1","1227_1_1_E12","1227_116",FALSE,"CD8T"
"JR1227_1_1_E14",NA,NA,"1227_1","1227_1_1_E14","1227_1NA",FALSE,"CD8T"
"JR1227_1_1_E15",NA,NA,"1227_1","1227_1_1_E15","1227_1NA",FALSE,"CD4T"
"JR1227_1_1_E16",NA,NA,"1227_1","1227_1_1_E16","1227_1NA",FALSE,"CD4T"
"JR1227_1_1_E17",NA,NA,"1227_1","1227_1_1_E17","1227_1NA",FALSE,"DPT"
"JR1227_1_1_E18",NA,NA,"1227_1","1227_1_1_E18","1227_1NA",FALSE,"DPT"
"JR1227_1_1_E19",NA,NA,"1227_1","1227_1_1_E19","1227_1NA",FALSE,"CD4T"
"JR1227_1_1_F01",NA,NA,"1227_1","1227_1_1_F01","1227_1NA",FALSE,"CD4T"
"JR1227_1_1_F02",NA,NA,"1227_1","1227_1_1_F02","1227_1NA",FALSE,"CD8T"
"JR1227_1_1_F03",NA,NA,"1227_1","1227_1_1_F03","1227_1NA",FALSE,"CD4T"
"JR1227_1_1_F05",NA,NA,"1227_1","1227_1_1_F05","1227_1NA",FALSE,"CD4T"
"JR1227_1_1_F06",NA,NA,"1227_1","1227_1_1_F06","1227_1NA",FALSE,"CD4T"
"JR1227_1_1_F07",NA,NA,"1227_1","1227_1_1_F07","1227_1NA",FALSE,"CD4T"
"JR1227_1_1_F08",NA,NA,"1227_1","1227_1_1_F08","1227_1NA",FALSE,"DPT"
"JR1227_1_1_F09",13,2,"1227_1","1227_1_1_F09","1227_113",TRUE,"CD4T"
"JR1227_1_1_F10",NA,NA,"1227_1","1227_1_1_F10","1227_1NA",FALSE,"CD8T"
"JR1227_1_1_F11",NA,NA,"1227_1","1227_1_1_F11","1227_1NA",FALSE,"CD4T"
"JR1227_1_1_F13",NA,NA,"1227_1","1227_1_1_F13","1227_1NA",FALSE,"CD4T"
"JR1227_1_1_F15",NA,NA,"1227_1","1227_1_1_F15","1227_1NA",FALSE,"CD4T"
"JR1227_1_1_F16",NA,NA,"1227_1","1227_1_1_F16","1227_1NA",FALSE,"CD8T"
"JR1227_1_1_F17",NA,NA,"1227_1","1227_1_1_F17","1227_1NA",FALSE,"CD4T"
"JR1227_1_1_F19",4,15,"1227_1","1227_1_1_F19","1227_14",TRUE,"CD8T"
"JR1227_1_1_G01",5,11,"1227_1","1227_1_1_G01","1227_15",TRUE,"CD8T"
"JR1227_1_1_G02",NA,NA,"1227_1","1227_1_1_G02","1227_1NA",FALSE,"CD8T"
"JR1227_1_1_G04",NA,NA,"1227_1","1227_1_1_G04","1227_1NA",FALSE,"CD4T"
"JR1227_1_1_G05",NA,NA,"1227_1","1227_1_1_G05","1227_1NA",FALSE,"CD4T"
"JR1227_1_1_G06",NA,NA,"1227_1","1227_1_1_G06","1227_1NA",FALSE,"DPT"
"JR1227_1_1_G07",NA,NA,"1227_1","1227_1_1_G07","1227_1NA",FALSE,"CD4T"
"JR1227_1_1_G09",NA,NA,"1227_1","1227_1_1_G09","1227_1NA",FALSE,"CD4T"
"JR1227_1_1_G10",NA,NA,"1227_1","1227_1_1_G10","1227_1NA",FALSE,"CD4T"
"JR1227_1_1_G12",NA,NA,"1227_1","1227_1_1_G12","1227_1NA",FALSE,"CD4T"
"JR1227_1_1_G13",7,7,"1227_1","1227_1_1_G13","1227_17",TRUE,"CD8T"
"JR1227_1_1_G14",NA,NA,"1227_1","1227_1_1_G14","1227_1NA",FALSE,"CD4T"
"JR1227_1_1_G15",NA,NA,"1227_1","1227_1_1_G15","1227_1NA",FALSE,"CD4T"
"JR1227_1_1_G16",NA,NA,"1227_1","1227_1_1_G16","1227_1NA",FALSE,"CD4T"
"JR1227_1_1_G18",NA,NA,"1227_1","1227_1_1_G18","1227_1NA",FALSE,"CD4T"
"JR1227_1_1_H01",NA,NA,"1227_1","1227_1_1_H01","1227_1NA",FALSE,"DPT"
"JR1227_1_1_H02",NA,NA,"1227_1","1227_1_1_H02","1227_1NA",FALSE,"DPT"
"JR1227_1_1_H03",NA,NA,"1227_1","1227_1_1_H03","1227_1NA",FALSE,"CD4T"
"JR1227_1_1_H06",NA,NA,"1227_1","1227_1_1_H06","1227_1NA",FALSE,"CD4T"
"JR1227_1_1_H07",NA,NA,"1227_1","1227_1_1_H07","1227_1NA",FALSE,"CD4T"
"JR1227_1_1_H08",NA,NA,"1227_1","1227_1_1_H08","1227_1NA",FALSE,"CD4T"
"JR1227_1_1_H09",NA,NA,"1227_1","1227_1_1_H09","1227_1NA",FALSE,"CD4T"
"JR1227_1_1_H10",NA,NA,"1227_1","1227_1_1_H10","1227_1NA",FALSE,"CD4T"
"JR1227_1_1_H11",NA,NA,"1227_1","1227_1_1_H11","1227_1NA",FALSE,"CD4T"
"JR1227_1_1_H13",NA,NA,"1227_1","1227_1_1_H13","1227_1NA",FALSE,"CD4T"
"JR1227_1_1_H14",NA,NA,"1227_1","1227_1_1_H14","1227_1NA",FALSE,"CD4T"
"JR1227_1_1_H15",NA,NA,"1227_1","1227_1_1_H15","1227_1NA",FALSE,"CD4T"
"JR1227_1_1_H16",NA,NA,"1227_1","1227_1_1_H16","1227_1NA",FALSE,"CD4T"
"JR1227_1_1_H19",NA,NA,"1227_1","1227_1_1_H19","1227_1NA",FALSE,"DPT"
"JR1227_1_1_I01",NA,NA,"1227_1","1227_1_1_I01","1227_1NA",FALSE,"DPT"
"JR1227_1_1_I02",NA,NA,"1227_1","1227_1_1_I02","1227_1NA",FALSE,"CD8T"
"JR1227_1_1_I04",NA,NA,"1227_1","1227_1_1_I04","1227_1NA",FALSE,"CD8T"
"JR1227_1_1_I05",NA,NA,"1227_1","1227_1_1_I05","1227_1NA",FALSE,"CD4T"
"JR1227_1_1_I06",NA,NA,"1227_1","1227_1_1_I06","1227_1NA",FALSE,"CD4T"
"JR1227_1_1_I07",NA,NA,"1227_1","1227_1_1_I07","1227_1NA",FALSE,"CD4T"
"JR1227_1_1_I08",NA,NA,"1227_1","1227_1_1_I08","1227_1NA",FALSE,"CD8T"
"JR1227_1_1_I09",NA,NA,"1227_1","1227_1_1_I09","1227_1NA",FALSE,"CD4T"
"JR1227_1_1_I10",NA,NA,"1227_1","1227_1_1_I10","1227_1NA",FALSE,"CD4T"
"JR1227_1_1_I11",NA,NA,"1227_1","1227_1_1_I11","1227_1NA",FALSE,"CD4T"
"JR1227_1_1_I12",NA,NA,"1227_1","1227_1_1_I12","1227_1NA",FALSE,"CD4T"
"JR1227_1_1_I13",NA,NA,"1227_1","1227_1_1_I13","1227_1NA",FALSE,"CD4T"
"JR1227_1_1_I14",NA,NA,"1227_1","1227_1_1_I14","1227_1NA",FALSE,"CD4T"
"JR1227_1_1_I15",NA,NA,"1227_1","1227_1_1_I15","1227_1NA",FALSE,"CD4T"
"JR1227_1_1_I16",NA,NA,"1227_1","1227_1_1_I16","1227_1NA",FALSE,"CD4T"
"JR1227_1_1_I17",NA,NA,"1227_1","1227_1_1_I17","1227_1NA",FALSE,"CD4T"
"JR1227_1_1_I18",NA,NA,"1227_1","1227_1_1_I18","1227_1NA",FALSE,"CD4T"
"JR1227_1_1_J01",NA,NA,"1227_1","1227_1_1_J01","1227_1NA",FALSE,"DPT"
"JR1227_1_1_J03",NA,NA,"1227_1","1227_1_1_J03","1227_1NA",FALSE,"CD4T"
"JR1227_1_1_J04",NA,NA,"1227_1","1227_1_1_J04","1227_1NA",FALSE,"DPT"
"JR1227_1_1_J05",NA,NA,"1227_1","1227_1_1_J05","1227_1NA",FALSE,"CD4T"
"JR1227_1_1_J06",NA,NA,"1227_1","1227_1_1_J06","1227_1NA",FALSE,"CD4T"
"JR1227_1_1_J09",NA,NA,"1227_1","1227_1_1_J09","1227_1NA",FALSE,"CD4T"
"JR1227_1_1_J10",NA,NA,"1227_1","1227_1_1_J10","1227_1NA",FALSE,"CD4T"
"JR1227_1_1_J11",NA,NA,"1227_1","1227_1_1_J11","1227_1NA",FALSE,"CD4T"
"JR1227_1_1_J12",NA,NA,"1227_1","1227_1_1_J12","1227_1NA",FALSE,"CD4T"
"JR1227_1_1_J13",NA,NA,"1227_1","1227_1_1_J13","1227_1NA",FALSE,"CD4T"
"JR1227_1_1_J14",NA,NA,"1227_1","1227_1_1_J14","1227_1NA",FALSE,"CD4T"
"JR1227_1_1_J15",NA,NA,"1227_1","1227_1_1_J15","1227_1NA",FALSE,"CD4T"
"JR1227_1_1_J16",NA,NA,"1227_1","1227_1_1_J16","1227_1NA",FALSE,"CD4T"
"JR1227_1_1_J17",NA,NA,"1227_1","1227_1_1_J17","1227_1NA",FALSE,"CD4T"
"JR1227_1_1_J18",NA,NA,"1227_1","1227_1_1_J18","1227_1NA",FALSE,"CD4T"
"JR1227_1_1_J19",NA,NA,"1227_1","1227_1_1_J19","1227_1NA",FALSE,"CD4T"
"JR1227_1_1_K02",NA,NA,"1227_1","1227_1_1_K02","1227_1NA",FALSE,"CD4T"
"JR1227_1_1_K03",NA,NA,"1227_1","1227_1_1_K03","1227_1NA",FALSE,"CD4T"
"JR1227_1_1_K04",NA,NA,"1227_1","1227_1_1_K04","1227_1NA",FALSE,"CD4T"
"JR1227_1_1_K06",NA,NA,"1227_1","1227_1_1_K06","1227_1NA",FALSE,"CD4T"
"JR1227_1_1_K08",NA,NA,"1227_1","1227_1_1_K08","1227_1NA",FALSE,"CD4T"
"JR1227_1_1_K09",NA,NA,"1227_1","1227_1_1_K09","1227_1NA",FALSE,"CD4T"
"JR1227_1_1_K10",NA,NA,"1227_1","1227_1_1_K10","1227_1NA",FALSE,"CD4T"
"JR1227_1_1_K11",NA,NA,"1227_1","1227_1_1_K11","1227_1NA",FALSE,"CD4T"
"JR1227_1_1_K12",NA,NA,"1227_1","1227_1_1_K12","1227_1NA",FALSE,"CD4T"
"JR1227_1_1_K13",NA,NA,"1227_1","1227_1_1_K13","1227_1NA",FALSE,"CD4T"
"JR1227_1_1_K15",NA,NA,"1227_1","1227_1_1_K15","1227_1NA",FALSE,"CD4T"
"JR1227_1_1_K16",NA,NA,"1227_1","1227_1_1_K16","1227_1NA",FALSE,"CD4T"
"JR1227_1_1_K17",NA,NA,"1227_1","1227_1_1_K17","1227_1NA",FALSE,"CD4T"
"JR1227_1_1_K18",NA,NA,"1227_1","1227_1_1_K18","1227_1NA",FALSE,"CD4T"
"JR1227_1_1_K19",NA,NA,"1227_1","1227_1_1_K19","1227_1NA",FALSE,"CD4T"
"JR1227_1_1_L01",4,15,"1227_1","1227_1_1_L01","1227_14",TRUE,"CD8T"
"JR1227_1_1_L02",NA,NA,"1227_1","1227_1_1_L02","1227_1NA",FALSE,"CD4T"
"JR1227_1_1_L03",NA,NA,"1227_1","1227_1_1_L03","1227_1NA",FALSE,"CD8T"
"JR1227_1_1_L04",NA,NA,"1227_1","1227_1_1_L04","1227_1NA",FALSE,"CD4T"
"JR1227_1_1_L05",NA,NA,"1227_1","1227_1_1_L05","1227_1NA",FALSE,"CD4T"
"JR1227_1_1_L06",NA,NA,"1227_1","1227_1_1_L06","1227_1NA",FALSE,"CD4T"
"JR1227_1_1_L07",NA,NA,"1227_1","1227_1_1_L07","1227_1NA",FALSE,"CD4T"
"JR1227_1_1_L08",NA,NA,"1227_1","1227_1_1_L08","1227_1NA",FALSE,"CD4T"
"JR1227_1_1_L09",NA,NA,"1227_1","1227_1_1_L09","1227_1NA",FALSE,"CD4T"
"JR1227_1_1_L10",NA,NA,"1227_1","1227_1_1_L10","1227_1NA",FALSE,"DPT"
"JR1227_1_1_L11",NA,NA,"1227_1","1227_1_1_L11","1227_1NA",FALSE,"CD4T"
"JR1227_1_1_L12",NA,NA,"1227_1","1227_1_1_L12","1227_1NA",FALSE,"CD4T"
"JR1227_1_1_L14",NA,NA,"1227_1","1227_1_1_L14","1227_1NA",FALSE,"CD4T"
"JR1227_1_1_L15",NA,NA,"1227_1","1227_1_1_L15","1227_1NA",FALSE,"CD4T"
"JR1227_1_1_L16",NA,NA,"1227_1","1227_1_1_L16","1227_1NA",FALSE,"CD4T"
"JR1227_1_1_L17",NA,NA,"1227_1","1227_1_1_L17","1227_1NA",FALSE,"CD4T"
"JR1227_1_1_L18",NA,NA,"1227_1","1227_1_1_L18","1227_1NA",FALSE,"DPT"
"JR1227_1_1_L19",NA,NA,"1227_1","1227_1_1_L19","1227_1NA",FALSE,"CD4T"
"JR1227_1_1_M01",NA,NA,"1227_1","1227_1_1_M01","1227_1NA",FALSE,"CD4T"
"JR1227_1_1_M03",NA,NA,"1227_1","1227_1_1_M03","1227_1NA",FALSE,"CD4T"
"JR1227_1_1_M04",NA,NA,"1227_1","1227_1_1_M04","1227_1NA",FALSE,"CD4T"
"JR1227_1_1_M05",NA,NA,"1227_1","1227_1_1_M05","1227_1NA",FALSE,"CD4T"
"JR1227_1_1_M06",NA,NA,"1227_1","1227_1_1_M06","1227_1NA",FALSE,"CD4T"
"JR1227_1_1_M08",NA,NA,"1227_1","1227_1_1_M08","1227_1NA",FALSE,"CD4T"
"JR1227_1_1_M09",NA,NA,"1227_1","1227_1_1_M09","1227_1NA",FALSE,"CD4T"
"JR1227_1_1_M11",NA,NA,"1227_1","1227_1_1_M11","1227_1NA",FALSE,"CD4T"
"JR1227_1_1_M12",NA,NA,"1227_1","1227_1_1_M12","1227_1NA",FALSE,"CD4T"
"JR1227_1_1_M13",NA,NA,"1227_1","1227_1_1_M13","1227_1NA",FALSE,"CD4T"
"JR1227_1_1_M14",NA,NA,"1227_1","1227_1_1_M14","1227_1NA",FALSE,"CD4T"
"JR1227_1_1_M15",11,21,"1227_1","1227_1_1_M15","1227_111",TRUE,"CD8T"
"JR1227_1_1_M16",NA,NA,"1227_1","1227_1_1_M16","1227_1NA",FALSE,"CD4T"
"JR1227_1_1_M17",NA,NA,"1227_1","1227_1_1_M17","1227_1NA",FALSE,"CD4T"
"JR1227_1_1_N01",NA,NA,"1227_1","1227_1_1_N01","1227_1NA",FALSE,"CD4T"
"JR1227_1_1_N03",NA,NA,"1227_1","1227_1_1_N03","1227_1NA",FALSE,"CD8T"
"JR1227_1_1_N04",NA,NA,"1227_1","1227_1_1_N04","1227_1NA",FALSE,"CD8T"
"JR1227_1_1_N05",NA,NA,"1227_1","1227_1_1_N05","1227_1NA",FALSE,"CD4T"
"JR1227_1_1_N06",NA,NA,"1227_1","1227_1_1_N06","1227_1NA",FALSE,"CD4T"
"JR1227_1_1_N07",NA,NA,"1227_1","1227_1_1_N07","1227_1NA",FALSE,"DPT"
"JR1227_1_1_N08",NA,NA,"1227_1","1227_1_1_N08","1227_1NA",FALSE,"CD4T"
"JR1227_1_1_N09",NA,NA,"1227_1","1227_1_1_N09","1227_1NA",FALSE,"CD4T"
"JR1227_1_1_N10",11,21,"1227_1","1227_1_1_N10","1227_111",TRUE,"CD8T"
"JR1227_1_1_N12",NA,NA,"1227_1","1227_1_1_N12","1227_1NA",FALSE,"CD8T"
"JR1227_1_1_N13",NA,NA,"1227_1","1227_1_1_N13","1227_1NA",FALSE,"CD4T"
"JR1227_1_1_N14",NA,NA,"1227_1","1227_1_1_N14","1227_1NA",FALSE,"CD4T"
"JR1227_1_1_N15",NA,NA,"1227_1","1227_1_1_N15","1227_1NA",FALSE,"CD4T"
"JR1227_1_1_N16",NA,NA,"1227_1","1227_1_1_N16","1227_1NA",FALSE,"CD8T"
"JR1227_1_1_N17",NA,NA,"1227_1","1227_1_1_N17","1227_1NA",FALSE,"CD4T"
"JR1227_1_1_N18",NA,NA,"1227_1","1227_1_1_N18","1227_1NA",FALSE,"CD4T"
"JR1227_1_1_N19",NA,NA,"1227_1","1227_1_1_N19","1227_1NA",FALSE,"CD4T"
"JR1227_1_1_O01",NA,NA,"1227_1","1227_1_1_O01","1227_1NA",FALSE,"CD4T"
"JR1227_1_1_O02",13,2,"1227_1","1227_1_1_O02","1227_113",TRUE,"CD4T"
"JR1227_1_1_O03",NA,NA,"1227_1","1227_1_1_O03","1227_1NA",FALSE,"CD4T"
"JR1227_1_1_O04",NA,NA,"1227_1","1227_1_1_O04","1227_1NA",FALSE,"DPT"
"JR1227_1_1_O05",NA,NA,"1227_1","1227_1_1_O05","1227_1NA",FALSE,"DPT"
"JR1227_1_1_O06",NA,NA,"1227_1","1227_1_1_O06","1227_1NA",FALSE,"CD4T"
"JR1227_1_1_O07",NA,NA,"1227_1","1227_1_1_O07","1227_1NA",FALSE,"CD4T"
"JR1227_1_1_O09",NA,NA,"1227_1","1227_1_1_O09","1227_1NA",FALSE,"CD4T"
"JR1227_1_1_O10",NA,NA,"1227_1","1227_1_1_O10","1227_1NA",FALSE,"CD8T"
"JR1227_1_1_O11",NA,NA,"1227_1","1227_1_1_O11","1227_1NA",FALSE,"DPT"
"JR1227_1_1_O12",NA,NA,"1227_1","1227_1_1_O12","1227_1NA",FALSE,"CD4T"
"JR1227_1_1_O13",2,7,"1227_1","1227_1_1_O13","1227_12",FALSE,"CD8T"
"JR1227_1_1_O14",9,4,"1227_1","1227_1_1_O14","1227_19",TRUE,"CD4T"
"JR1227_1_1_O15",NA,NA,"1227_1","1227_1_1_O15","1227_1NA",FALSE,"CD4T"
"JR1227_1_1_O17",18,3,"1227_1","1227_1_1_O17","1227_118",FALSE,"CD8T"
"JR1227_1_1_O18",NA,NA,"1227_1","1227_1_1_O18","1227_1NA",FALSE,"CD8T"
"JR1227_1_1_O19",NA,NA,"1227_1","1227_1_1_O19","1227_1NA",FALSE,"CD4T"
"JR1227_1_1_P02",NA,NA,"1227_1","1227_1_1_P02","1227_1NA",FALSE,"CD4T"
"JR1227_1_1_P03",NA,NA,"1227_1","1227_1_1_P03","1227_1NA",FALSE,"CD4T"
"JR1227_1_1_P04",NA,NA,"1227_1","1227_1_1_P04","1227_1NA",FALSE,"CD4T"
"JR1227_1_1_P05",NA,NA,"1227_1","1227_1_1_P05","1227_1NA",FALSE,"CD4T"
"JR1227_1_1_P06",NA,NA,"1227_1","1227_1_1_P06","1227_1NA",FALSE,"CD4T"
"JR1227_1_1_P07",NA,NA,"1227_1","1227_1_1_P07","1227_1NA",FALSE,"CD4T"
"JR1227_1_1_P08",NA,NA,"1227_1","1227_1_1_P08","1227_1NA",FALSE,"CD4T"
"JR1227_1_1_P09",NA,NA,"1227_1","1227_1_1_P09","1227_1NA",FALSE,"CD4T"
"JR1227_1_1_P10",5,11,"1227_1","1227_1_1_P10","1227_15",TRUE,"CD8T"
"JR1227_1_1_P11",NA,NA,"1227_1","1227_1_1_P11","1227_1NA",FALSE,"CD4T"
"JR1227_1_1_P12",NA,NA,"1227_1","1227_1_1_P12","1227_1NA",FALSE,"CD4T"
"JR1227_1_1_P13",NA,NA,"1227_1","1227_1_1_P13","1227_1NA",FALSE,"CD4T"
"JR1227_1_1_P14",NA,NA,"1227_1","1227_1_1_P14","1227_1NA",FALSE,"CD8T"
"JR1227_1_1_P15",NA,NA,"1227_1","1227_1_1_P15","1227_1NA",FALSE,"CD4T"
"JR1227_1_1_P16",NA,NA,"1227_1","1227_1_1_P16","1227_1NA",FALSE,"CD4T"
"JR1227_1_1_P18",NA,NA,"1227_1","1227_1_1_P18","1227_1NA",FALSE,"DNT"
"JR1227_1_2_A03",NA,NA,"1227_1","1227_1_2_A03","1227_1NA",FALSE,"DPT"
"JR1227_1_2_A07",11,21,"1227_1","1227_1_2_A07","1227_111",TRUE,"CD8T"
"JR1227_1_2_B01",NA,NA,"1227_1","1227_1_2_B01","1227_1NA",FALSE,"CD4T"
"JR1227_1_2_C01",4,15,"1227_1","1227_1_2_C01","1227_14",TRUE,"CD8T"
"JR1227_1_2_C03",6,3,"1227_1","1227_1_2_C03","1227_16",FALSE,"CD4T"
"JR1227_1_2_C06",23,3,"1227_1","1227_1_2_C06","1227_123",FALSE,"CD8T"
"JR1227_1_2_D08",NA,NA,"1227_1","1227_1_2_D08","1227_1NA",FALSE,"DPT"
"JR1227_1_2_E05",NA,NA,"1227_1","1227_1_2_E05","1227_1NA",FALSE,"CD8T"
"JR1227_1_2_E08",NA,NA,"1227_1","1227_1_2_E08","1227_1NA",FALSE,"CD8T"
"JR1227_1_2_F03",9,4,"1227_1","1227_1_2_F03","1227_19",TRUE,"CD4T"
"JR1227_1_2_F06",NA,NA,"1227_1","1227_1_2_F06","1227_1NA",FALSE,"DPT"
"JR1227_1_2_G05",NA,NA,"1227_1","1227_1_2_G05","1227_1NA",FALSE,"DPT"
"JR1227_1_2_H04",NA,NA,"1227_1","1227_1_2_H04","1227_1NA",FALSE,"CD8T"
"JR1227_1_2_H06",19,4,"1227_1","1227_1_2_H06","1227_119",FALSE,"CD8T"
"JR1227_1_2_I01",11,21,"1227_1","1227_1_2_I01","1227_111",TRUE,"CD8T"
"JR1227_1_2_I02",NA,NA,"1227_1","1227_1_2_I02","1227_1NA",FALSE,"DPT"
"JR1227_1_2_I04",9,4,"1227_1","1227_1_2_I04","1227_19",TRUE,"DPT"
"JR1227_1_2_K06",NA,NA,"1227_1","1227_1_2_K06","1227_1NA",FALSE,"DNT"
"JR1227_1_2_L05",NA,NA,"1227_1","1227_1_2_L05","1227_1NA",FALSE,"CD4T"
"JR1227_1_2_L06",NA,NA,"1227_1","1227_1_2_L06","1227_1NA",FALSE,"DPT"
"JR1227_1_2_M03",NA,NA,"1227_1","1227_1_2_M03","1227_1NA",FALSE,"CD4T"
"JR1227_1_2_M05",28,2,"1227_1","1227_1_2_M05","1227_128",FALSE,"CD8T"
"JR1227_1_2_N01",NA,NA,"1227_1","1227_1_2_N01","1227_1NA",FALSE,"CD8T"
"JR1227_1_2_N04",11,21,"1227_1","1227_1_2_N04","1227_111",TRUE,"CD8T"
"JR1227_1_2_N07",NA,NA,"1227_1","1227_1_2_N07","1227_1NA",FALSE,"CD4T"
"JR1227_1_2_O02",NA,NA,"1227_1","1227_1_2_O02","1227_1NA",FALSE,"CD4T"
"JR1227_1_2_O08",NA,NA,"1227_1","1227_1_2_O08","1227_1NA",FALSE,"DPT"
"JR1227_1_2_P02",NA,NA,"1227_1","1227_1_2_P02","1227_1NA",FALSE,"CD4T"
"JR1227_1_2_P03",NA,NA,"1227_1","1227_1_2_P03","1227_1NA",FALSE,"CD8T"
"JR1227_1_2_P06",NA,NA,"1227_1","1227_1_2_P06","1227_1NA",FALSE,"CD8T"
"JR1227_1_3_B02",NA,NA,"1227_1","1227_1_3_B02","1227_1NA",FALSE,"CD4T"
"JR1227_1_3_C03",NA,NA,"1227_1","1227_1_3_C03","1227_1NA",FALSE,"CD4T"
"JR1227_1_3_E02",NA,NA,"1227_1","1227_1_3_E02","1227_1NA",FALSE,"CD8T"
"JR1227_1_3_E03",NA,NA,"1227_1","1227_1_3_E03","1227_1NA",FALSE,"DNT"
"JR1227_1_3_G01",22,4,"1227_1","1227_1_3_G01","1227_122",FALSE,"CD8T"
"JR1227_1_3_G02",NA,NA,"1227_1","1227_1_3_G02","1227_1NA",FALSE,"CD8T"
"JR1227_1_3_I02",NA,NA,"1227_1","1227_1_3_I02","1227_1NA",FALSE,"DNT"
"JR1227_1_3_K02",NA,NA,"1227_1","1227_1_3_K02","1227_1NA",FALSE,"DPT"
"JR1227_1_3_M01",5,11,"1227_1","1227_1_3_M01","1227_15",TRUE,"CD8T"
"JR1227_1_3_O01",NA,NA,"1227_1","1227_1_3_O01","1227_1NA",FALSE,"DPT"
"JR1227_1_3_O02",NA,NA,"1227_1","1227_1_3_O02","1227_1NA",FALSE,"CD8T"
"JR1284_1_1_A02",NA,NA,"1284_1","1284_1_1_A02","1284_1NA",FALSE,"CD8T"
"JR1284_1_1_A03",NA,NA,"1284_1","1284_1_1_A03","1284_1NA",FALSE,"CD8T"
"JR1284_1_1_A04",NA,NA,"1284_1","1284_1_1_A04","1284_1NA",FALSE,"CD4T"
"JR1284_1_1_A05",27,2,"1284_1","1284_1_1_A05","1284_127",TRUE,"CD4T"
"JR1284_1_1_A06",NA,NA,"1284_1","1284_1_1_A06","1284_1NA",FALSE,"CD8T"
"JR1284_1_1_A07",NA,NA,"1284_1","1284_1_1_A07","1284_1NA",FALSE,"CD4T"
"JR1284_1_1_A08",NA,NA,"1284_1","1284_1_1_A08","1284_1NA",FALSE,"CD4T"
"JR1284_1_1_A09",NA,NA,"1284_1","1284_1_1_A09","1284_1NA",FALSE,"CD4T"
"JR1284_1_1_A10",5,2,"1284_1","1284_1_1_A10","1284_15",TRUE,"CD8T"
"JR1284_1_1_A11",NA,NA,"1284_1","1284_1_1_A11","1284_1NA",FALSE,"CD4T"
"JR1284_1_1_B01",NA,NA,"1284_1","1284_1_1_B01","1284_1NA",FALSE,"CD4T"
"JR1284_1_1_B03",NA,NA,"1284_1","1284_1_1_B03","1284_1NA",FALSE,"CD4T"
"JR1284_1_1_B04",NA,NA,"1284_1","1284_1_1_B04","1284_1NA",FALSE,"CD4T"
"JR1284_1_1_B05",NA,NA,"1284_1","1284_1_1_B05","1284_1NA",FALSE,"CD4T"
"JR1284_1_1_B06",NA,NA,"1284_1","1284_1_1_B06","1284_1NA",FALSE,"CD4T"
"JR1284_1_1_B07",NA,NA,"1284_1","1284_1_1_B07","1284_1NA",FALSE,"CD8T"
"JR1284_1_1_B08",NA,NA,"1284_1","1284_1_1_B08","1284_1NA",FALSE,"CD4T"
"JR1284_1_1_B09",NA,NA,"1284_1","1284_1_1_B09","1284_1NA",FALSE,"CD4T"
"JR1284_1_1_B10",NA,NA,"1284_1","1284_1_1_B10","1284_1NA",FALSE,"CD8T"
"JR1284_1_1_B11",NA,NA,"1284_1","1284_1_1_B11","1284_1NA",FALSE,"CD4T"
"JR1284_1_1_B12",17,2,"1284_1","1284_1_1_B12","1284_117",TRUE,"CD8T"
"JR1284_1_1_C01",NA,NA,"1284_1","1284_1_1_C01","1284_1NA",FALSE,"CD4T"
"JR1284_1_1_C02",15,3,"1284_1","1284_1_1_C02","1284_115",TRUE,"CD4T"
"JR1284_1_1_C03",NA,NA,"1284_1","1284_1_1_C03","1284_1NA",FALSE,"CD4T"
"JR1284_1_1_C04",NA,NA,"1284_1","1284_1_1_C04","1284_1NA",FALSE,"CD4T"
"JR1284_1_1_C05",NA,NA,"1284_1","1284_1_1_C05","1284_1NA",FALSE,"CD4T"
"JR1284_1_1_C06",NA,NA,"1284_1","1284_1_1_C06","1284_1NA",FALSE,"CD4T"
"JR1284_1_1_C07",NA,NA,"1284_1","1284_1_1_C07","1284_1NA",FALSE,"CD4T"
"JR1284_1_1_C08",NA,NA,"1284_1","1284_1_1_C08","1284_1NA",FALSE,"CD8T"
"JR1284_1_1_C09",NA,NA,"1284_1","1284_1_1_C09","1284_1NA",FALSE,"CD8T"
"JR1284_1_1_C10",NA,NA,"1284_1","1284_1_1_C10","1284_1NA",FALSE,"CD4T"
"JR1284_1_1_C11",NA,NA,"1284_1","1284_1_1_C11","1284_1NA",FALSE,"CD4T"
"JR1284_1_1_C12",NA,NA,"1284_1","1284_1_1_C12","1284_1NA",FALSE,"CD8T"
"JR1284_1_1_D01",NA,NA,"1284_1","1284_1_1_D01","1284_1NA",FALSE,"CD4T"
"JR1284_1_1_D02",NA,NA,"1284_1","1284_1_1_D02","1284_1NA",FALSE,"CD4T"
"JR1284_1_1_D03",NA,NA,"1284_1","1284_1_1_D03","1284_1NA",FALSE,"CD4T"
"JR1284_1_1_D05",NA,NA,"1284_1","1284_1_1_D05","1284_1NA",FALSE,"CD4T"
"JR1284_1_1_D06",NA,NA,"1284_1","1284_1_1_D06","1284_1NA",FALSE,"CD4T"
"JR1284_1_1_D07",21,8,"1284_1","1284_1_1_D07","1284_121",TRUE,"DPT"
"JR1284_1_1_D08",NA,NA,"1284_1","1284_1_1_D08","1284_1NA",FALSE,"CD4T"
"JR1284_1_1_D09",NA,NA,"1284_1","1284_1_1_D09","1284_1NA",FALSE,"CD4T"
"JR1284_1_1_D10",NA,NA,"1284_1","1284_1_1_D10","1284_1NA",FALSE,"CD4T"
"JR1284_1_1_D11",22,3,"1284_1","1284_1_1_D11","1284_122",TRUE,"CD4T"
"JR1284_1_1_E01",NA,NA,"1284_1","1284_1_1_E01","1284_1NA",FALSE,"CD8T"
"JR1284_1_1_E02",NA,NA,"1284_1","1284_1_1_E02","1284_1NA",FALSE,"CD4T"
"JR1284_1_1_E03",NA,NA,"1284_1","1284_1_1_E03","1284_1NA",FALSE,"CD4T"
"JR1284_1_1_E05",21,8,"1284_1","1284_1_1_E05","1284_121",TRUE,"CD4T"
"JR1284_1_1_E06",NA,NA,"1284_1","1284_1_1_E06","1284_1NA",FALSE,"CD4T"
"JR1284_1_1_E07",NA,NA,"1284_1","1284_1_1_E07","1284_1NA",FALSE,"CD4T"
"JR1284_1_1_E08",NA,NA,"1284_1","1284_1_1_E08","1284_1NA",FALSE,"CD4T"
"JR1284_1_1_E09",23,2,"1284_1","1284_1_1_E09","1284_123",TRUE,"CD4T"
"JR1284_1_1_E10",NA,NA,"1284_1","1284_1_1_E10","1284_1NA",FALSE,"CD4T"
"JR1284_1_1_E11",0,23,"1284_1","1284_1_1_E11","1284_10",TRUE,"CD8T"
"JR1284_1_1_E12",NA,NA,"1284_1","1284_1_1_E12","1284_1NA",FALSE,"CD4T"
"JR1284_1_1_F02",NA,NA,"1284_1","1284_1_1_F02","1284_1NA",FALSE,"CD4T"
"JR1284_1_1_F03",NA,NA,"1284_1","1284_1_1_F03","1284_1NA",FALSE,"CD4T"
"JR1284_1_1_F04",NA,NA,"1284_1","1284_1_1_F04","1284_1NA",FALSE,"CD8T"
"JR1284_1_1_F06",NA,NA,"1284_1","1284_1_1_F06","1284_1NA",FALSE,"CD4T"
"JR1284_1_1_F08",NA,NA,"1284_1","1284_1_1_F08","1284_1NA",FALSE,"CD4T"
"JR1284_1_1_F10",NA,NA,"1284_1","1284_1_1_F10","1284_1NA",FALSE,"CD4T"
"JR1284_1_1_F11",NA,NA,"1284_1","1284_1_1_F11","1284_1NA",FALSE,"DNT"
"JR1284_1_1_F12",16,3,"1284_1","1284_1_1_F12","1284_116",TRUE,"CD8T"
"JR1284_1_1_G01",NA,NA,"1284_1","1284_1_1_G01","1284_1NA",FALSE,"CD4T"
"JR1284_1_1_G02",NA,NA,"1284_1","1284_1_1_G02","1284_1NA",FALSE,"CD4T"
"JR1284_1_1_G03",NA,NA,"1284_1","1284_1_1_G03","1284_1NA",FALSE,"CD4T"
"JR1284_1_1_G04",NA,NA,"1284_1","1284_1_1_G04","1284_1NA",FALSE,"CD4T"
"JR1284_1_1_G05",NA,NA,"1284_1","1284_1_1_G05","1284_1NA",FALSE,"CD4T"
"JR1284_1_1_G06",NA,NA,"1284_1","1284_1_1_G06","1284_1NA",FALSE,"CD4T"
"JR1284_1_1_G07",NA,NA,"1284_1","1284_1_1_G07","1284_1NA",FALSE,"CD4T"
"JR1284_1_1_G09",NA,NA,"1284_1","1284_1_1_G09","1284_1NA",FALSE,"CD4T"
"JR1284_1_1_G10",NA,NA,"1284_1","1284_1_1_G10","1284_1NA",FALSE,"CD4T"
"JR1284_1_1_G11",NA,NA,"1284_1","1284_1_1_G11","1284_1NA",FALSE,"CD4T"
"JR1284_1_1_G12",NA,NA,"1284_1","1284_1_1_G12","1284_1NA",FALSE,"CD4T"
"JR1284_1_1_H01",NA,NA,"1284_1","1284_1_1_H01","1284_1NA",FALSE,"CD4T"
"JR1284_1_1_H02",NA,NA,"1284_1","1284_1_1_H02","1284_1NA",FALSE,"CD4T"
"JR1284_1_1_H03",NA,NA,"1284_1","1284_1_1_H03","1284_1NA",FALSE,"CD4T"
"JR1284_1_1_H04",NA,NA,"1284_1","1284_1_1_H04","1284_1NA",FALSE,"CD4T"
"JR1284_1_1_H05",NA,NA,"1284_1","1284_1_1_H05","1284_1NA",FALSE,"CD4T"
"JR1284_1_1_H08",NA,NA,"1284_1","1284_1_1_H08","1284_1NA",FALSE,"CD4T"
"JR1284_1_1_H09",NA,NA,"1284_1","1284_1_1_H09","1284_1NA",FALSE,"CD4T"
"JR1284_1_1_H10",NA,NA,"1284_1","1284_1_1_H10","1284_1NA",FALSE,"CD4T"
"JR1284_1_1_H11",NA,NA,"1284_1","1284_1_1_H11","1284_1NA",FALSE,"CD4T"
"JR1284_1_1_H12",NA,NA,"1284_1","1284_1_1_H12","1284_1NA",FALSE,"CD4T"
"JR1284_1_1_I01",NA,NA,"1284_1","1284_1_1_I01","1284_1NA",FALSE,"CD4T"
"JR1284_1_1_I02",NA,NA,"1284_1","1284_1_1_I02","1284_1NA",FALSE,"CD4T"
"JR1284_1_1_I03",NA,NA,"1284_1","1284_1_1_I03","1284_1NA",FALSE,"CD4T"
"JR1284_1_1_I04",NA,NA,"1284_1","1284_1_1_I04","1284_1NA",FALSE,"CD4T"
"JR1284_1_1_I05",NA,NA,"1284_1","1284_1_1_I05","1284_1NA",FALSE,"CD4T"
"JR1284_1_1_I06",NA,NA,"1284_1","1284_1_1_I06","1284_1NA",FALSE,"CD4T"
"JR1284_1_1_I07",NA,NA,"1284_1","1284_1_1_I07","1284_1NA",FALSE,"CD4T"
"JR1284_1_1_I08",NA,NA,"1284_1","1284_1_1_I08","1284_1NA",FALSE,"CD4T"
"JR1284_1_1_I11",6,4,"1284_1","1284_1_1_I11","1284_16",TRUE,"CD4T"
"JR1284_1_1_I12",11,2,"1284_1","1284_1_1_I12","1284_111",TRUE,"CD4T"
"JR1284_1_1_J01",NA,NA,"1284_1","1284_1_1_J01","1284_1NA",FALSE,"CD4T"
"JR1284_1_1_J02",NA,NA,"1284_1","1284_1_1_J02","1284_1NA",FALSE,"CD4T"
"JR1284_1_1_J03",4,4,"1284_1","1284_1_1_J03","1284_14",TRUE,"CD8T"
"JR1284_1_1_J04",NA,NA,"1284_1","1284_1_1_J04","1284_1NA",FALSE,"CD4T"
"JR1284_1_1_J05",NA,NA,"1284_1","1284_1_1_J05","1284_1NA",FALSE,"CD4T"
"JR1284_1_1_J06",NA,NA,"1284_1","1284_1_1_J06","1284_1NA",FALSE,"DPT"
"JR1284_1_1_J07",NA,NA,"1284_1","1284_1_1_J07","1284_1NA",FALSE,"CD4T"
"JR1284_1_1_J08",NA,NA,"1284_1","1284_1_1_J08","1284_1NA",FALSE,"CD4T"
"JR1284_1_1_J09",NA,NA,"1284_1","1284_1_1_J09","1284_1NA",FALSE,"CD4T"
"JR1284_1_1_J10",NA,NA,"1284_1","1284_1_1_J10","1284_1NA",FALSE,"CD4T"
"JR1284_1_1_J11",NA,NA,"1284_1","1284_1_1_J11","1284_1NA",FALSE,"CD4T"
"JR1284_1_1_J12",NA,NA,"1284_1","1284_1_1_J12","1284_1NA",FALSE,"CD8T"
"JR1284_1_1_K01",NA,NA,"1284_1","1284_1_1_K01","1284_1NA",FALSE,"CD4T"
"JR1284_1_1_K02",NA,NA,"1284_1","1284_1_1_K02","1284_1NA",FALSE,"CD4T"
"JR1284_1_1_K03",NA,NA,"1284_1","1284_1_1_K03","1284_1NA",FALSE,"CD4T"
"JR1284_1_1_K04",NA,NA,"1284_1","1284_1_1_K04","1284_1NA",FALSE,"DNT"
"JR1284_1_1_K05",NA,NA,"1284_1","1284_1_1_K05","1284_1NA",FALSE,"CD8T"
"JR1284_1_1_K06",NA,NA,"1284_1","1284_1_1_K06","1284_1NA",FALSE,"CD4T"
"JR1284_1_1_K09",NA,NA,"1284_1","1284_1_1_K09","1284_1NA",FALSE,"CD4T"
"JR1284_1_1_K10",NA,NA,"1284_1","1284_1_1_K10","1284_1NA",FALSE,"CD4T"
"JR1284_1_1_K11",NA,NA,"1284_1","1284_1_1_K11","1284_1NA",FALSE,"CD4T"
"JR1284_1_1_L01",NA,NA,"1284_1","1284_1_1_L01","1284_1NA",FALSE,"CD8T"
"JR1284_1_1_L02",NA,NA,"1284_1","1284_1_1_L02","1284_1NA",FALSE,"CD4T"
"JR1284_1_1_L03",NA,NA,"1284_1","1284_1_1_L03","1284_1NA",FALSE,"CD4T"
"JR1284_1_1_L04",NA,NA,"1284_1","1284_1_1_L04","1284_1NA",FALSE,"CD8T"
"JR1284_1_1_L05",NA,NA,"1284_1","1284_1_1_L05","1284_1NA",FALSE,"CD4T"
"JR1284_1_1_L06",NA,NA,"1284_1","1284_1_1_L06","1284_1NA",FALSE,"CD4T"
"JR1284_1_1_L07",NA,NA,"1284_1","1284_1_1_L07","1284_1NA",FALSE,"CD4T"
"JR1284_1_1_L08",NA,NA,"1284_1","1284_1_1_L08","1284_1NA",FALSE,"CD4T"
"JR1284_1_1_L09",NA,NA,"1284_1","1284_1_1_L09","1284_1NA",FALSE,"CD4T"
"JR1284_1_1_L10",NA,NA,"1284_1","1284_1_1_L10","1284_1NA",FALSE,"CD4T"
"JR1284_1_1_L11",NA,NA,"1284_1","1284_1_1_L11","1284_1NA",FALSE,"CD4T"
"JR1284_1_1_L12",18,2,"1284_1","1284_1_1_L12","1284_118",TRUE,"CD8T"
"JR1284_1_1_M04",NA,NA,"1284_1","1284_1_1_M04","1284_1NA",FALSE,"CD4T"
"JR1284_1_1_M05",NA,NA,"1284_1","1284_1_1_M05","1284_1NA",FALSE,"CD4T"
"JR1284_1_1_M06",NA,NA,"1284_1","1284_1_1_M06","1284_1NA",FALSE,"CD4T"
"JR1284_1_1_M07",NA,NA,"1284_1","1284_1_1_M07","1284_1NA",FALSE,"CD4T"
"JR1284_1_1_M08",NA,NA,"1284_1","1284_1_1_M08","1284_1NA",FALSE,"CD4T"
"JR1284_1_1_M09",NA,NA,"1284_1","1284_1_1_M09","1284_1NA",FALSE,"CD8T"
"JR1284_1_1_M10",9,2,"1284_1","1284_1_1_M10","1284_19",TRUE,"CD8T"
"JR1284_1_1_M11",NA,NA,"1284_1","1284_1_1_M11","1284_1NA",FALSE,"CD4T"
"JR1284_1_1_M12",NA,NA,"1284_1","1284_1_1_M12","1284_1NA",FALSE,"CD4T"
"JR1284_1_1_N01",26,4,"1284_1","1284_1_1_N01","1284_126",TRUE,"CD8T"
"JR1284_1_1_N02",21,8,"1284_1","1284_1_1_N02","1284_121",TRUE,"CD8T"
"JR1284_1_1_N03",NA,NA,"1284_1","1284_1_1_N03","1284_1NA",FALSE,"CD8T"
"JR1284_1_1_N04",NA,NA,"1284_1","1284_1_1_N04","1284_1NA",FALSE,"CD4T"
"JR1284_1_1_N05",NA,NA,"1284_1","1284_1_1_N05","1284_1NA",FALSE,"CD4T"
"JR1284_1_1_N06",NA,NA,"1284_1","1284_1_1_N06","1284_1NA",FALSE,"CD4T"
"JR1284_1_1_N07",NA,NA,"1284_1","1284_1_1_N07","1284_1NA",FALSE,"DNT"
"JR1284_1_1_N08",NA,NA,"1284_1","1284_1_1_N08","1284_1NA",FALSE,"CD8T"
"JR1284_1_1_N09",NA,NA,"1284_1","1284_1_1_N09","1284_1NA",FALSE,"CD4T"
"JR1284_1_1_N10",NA,NA,"1284_1","1284_1_1_N10","1284_1NA",FALSE,"CD4T"
"JR1284_1_1_N11",NA,NA,"1284_1","1284_1_1_N11","1284_1NA",FALSE,"CD8T"
"JR1284_1_1_O01",NA,NA,"1284_1","1284_1_1_O01","1284_1NA",FALSE,"CD4T"
"JR1284_1_1_O02",NA,NA,"1284_1","1284_1_1_O02","1284_1NA",FALSE,"DNT"
"JR1284_1_1_O03",NA,NA,"1284_1","1284_1_1_O03","1284_1NA",FALSE,"CD4T"
"JR1284_1_1_O04",NA,NA,"1284_1","1284_1_1_O04","1284_1NA",FALSE,"CD4T"
"JR1284_1_1_O05",NA,NA,"1284_1","1284_1_1_O05","1284_1NA",FALSE,"CD4T"
"JR1284_1_1_O07",NA,NA,"1284_1","1284_1_1_O07","1284_1NA",FALSE,"CD4T"
"JR1284_1_1_O08",7,3,"1284_1","1284_1_1_O08","1284_17",TRUE,"CD8T"
"JR1284_1_1_O09",NA,NA,"1284_1","1284_1_1_O09","1284_1NA",FALSE,"CD4T"
"JR1284_1_1_O10",NA,NA,"1284_1","1284_1_1_O10","1284_1NA",FALSE,"CD4T"
"JR1284_1_1_O11",NA,NA,"1284_1","1284_1_1_O11","1284_1NA",FALSE,"CD4T"
"JR1284_1_1_P01",NA,NA,"1284_1","1284_1_1_P01","1284_1NA",FALSE,"CD4T"
"JR1284_1_1_P02",0,23,"1284_1","1284_1_1_P02","1284_10",TRUE,"CD4T"
"JR1284_1_1_P03",0,23,"1284_1","1284_1_1_P03","1284_10",TRUE,"CD8T"
"JR1284_1_1_P04",NA,NA,"1284_1","1284_1_1_P04","1284_1NA",FALSE,"DPT"
"JR1284_1_1_P05",NA,NA,"1284_1","1284_1_1_P05","1284_1NA",FALSE,"CD4T"
"JR1284_1_1_P06",NA,NA,"1284_1","1284_1_1_P06","1284_1NA",FALSE,"CD4T"
"JR1284_1_1_P07",NA,NA,"1284_1","1284_1_1_P07","1284_1NA",FALSE,"CD4T"
"JR1284_1_1_P08",3,2,"1284_1","1284_1_1_P08","1284_13",TRUE,"CD4T"
"JR1284_1_1_P09",20,2,"1284_1","1284_1_1_P09","1284_120",TRUE,"CD4T"
"JR1284_1_1_P10",NA,NA,"1284_1","1284_1_1_P10","1284_1NA",FALSE,"CD8T"
"JR1284_1_1_P11",3,2,"1284_1","1284_1_1_P11","1284_13",TRUE,"CD4T"
"JR1284_1_2_A03",11,2,"1284_1","1284_1_2_A03","1284_111",TRUE,"CD4T"
"JR1284_1_2_A04",NA,NA,"1284_1","1284_1_2_A04","1284_1NA",FALSE,"CD4T"
"JR1284_1_2_A05",NA,NA,"1284_1","1284_1_2_A05","1284_1NA",FALSE,"CD8T"
"JR1284_1_2_A06",20,2,"1284_1","1284_1_2_A06","1284_120",TRUE,"CD4T"
"JR1284_1_2_B01",NA,NA,"1284_1","1284_1_2_B01","1284_1NA",FALSE,"CD4T"
"JR1284_1_2_B02",NA,NA,"1284_1","1284_1_2_B02","1284_1NA",FALSE,"CD4T"
"JR1284_1_2_B03",NA,NA,"1284_1","1284_1_2_B03","1284_1NA",FALSE,"CD4T"
"JR1284_1_2_B04",NA,NA,"1284_1","1284_1_2_B04","1284_1NA",FALSE,"CD4T"
"JR1284_1_2_B05",NA,NA,"1284_1","1284_1_2_B05","1284_1NA",FALSE,"CD8T"
"JR1284_1_2_B06",NA,NA,"1284_1","1284_1_2_B06","1284_1NA",FALSE,"CD4T"
"JR1284_1_2_C01",NA,NA,"1284_1","1284_1_2_C01","1284_1NA",FALSE,"CD4T"
"JR1284_1_2_C02",NA,NA,"1284_1","1284_1_2_C02","1284_1NA",FALSE,"CD8T"
"JR1284_1_2_C03",NA,NA,"1284_1","1284_1_2_C03","1284_1NA",FALSE,"CD8T"
"JR1284_1_2_C04",NA,NA,"1284_1","1284_1_2_C04","1284_1NA",FALSE,"CD8T"
"JR1284_1_2_C05",12,3,"1284_1","1284_1_2_C05","1284_112",TRUE,"CD4T"
"JR1284_1_2_C06",NA,NA,"1284_1","1284_1_2_C06","1284_1NA",FALSE,"CD4T"
"JR1284_1_2_D01",NA,NA,"1284_1","1284_1_2_D01","1284_1NA",FALSE,"CD4T"
"JR1284_1_2_D02",NA,NA,"1284_1","1284_1_2_D02","1284_1NA",FALSE,"CD4T"
"JR1284_1_2_D03",NA,NA,"1284_1","1284_1_2_D03","1284_1NA",FALSE,"CD4T"
"JR1284_1_2_D04",NA,NA,"1284_1","1284_1_2_D04","1284_1NA",FALSE,"CD4T"
"JR1284_1_2_D05",NA,NA,"1284_1","1284_1_2_D05","1284_1NA",FALSE,"CD4T"
"JR1284_1_2_D06",NA,NA,"1284_1","1284_1_2_D06","1284_1NA",FALSE,"CD4T"
"JR1284_1_2_E01",NA,NA,"1284_1","1284_1_2_E01","1284_1NA",FALSE,"CD4T"
"JR1284_1_2_E02",NA,NA,"1284_1","1284_1_2_E02","1284_1NA",FALSE,"CD4T"
"JR1284_1_2_E03",NA,NA,"1284_1","1284_1_2_E03","1284_1NA",FALSE,"CD4T"
"JR1284_1_2_E04",7,3,"1284_1","1284_1_2_E04","1284_17",TRUE,"CD8T"
"JR1284_1_2_E05",NA,NA,"1284_1","1284_1_2_E05","1284_1NA",FALSE,"CD4T"
"JR1284_1_2_E06",NA,NA,"1284_1","1284_1_2_E06","1284_1NA",FALSE,"CD4T"
"JR1284_1_2_F01",NA,NA,"1284_1","1284_1_2_F01","1284_1NA",FALSE,"CD4T"
"JR1284_1_2_F02",NA,NA,"1284_1","1284_1_2_F02","1284_1NA",FALSE,"CD4T"
"JR1284_1_2_F03",NA,NA,"1284_1","1284_1_2_F03","1284_1NA",FALSE,"DNT"
"JR1284_1_2_F04",NA,NA,"1284_1","1284_1_2_F04","1284_1NA",FALSE,"CD4T"
"JR1284_1_2_F05",0,23,"1284_1","1284_1_2_F05","1284_10",TRUE,"CD8T"
"JR1284_1_2_F06",NA,NA,"1284_1","1284_1_2_F06","1284_1NA",FALSE,"CD8T"
"JR1284_1_2_G01",NA,NA,"1284_1","1284_1_2_G01","1284_1NA",FALSE,"CD4T"
"JR1284_1_2_G02",NA,NA,"1284_1","1284_1_2_G02","1284_1NA",FALSE,"CD4T"
"JR1284_1_2_G03",NA,NA,"1284_1","1284_1_2_G03","1284_1NA",FALSE,"CD4T"
"JR1284_1_2_G05",NA,NA,"1284_1","1284_1_2_G05","1284_1NA",FALSE,"CD4T"
"JR1284_1_2_G06",NA,NA,"1284_1","1284_1_2_G06","1284_1NA",FALSE,"CD4T"
"JR1284_1_2_H01",NA,NA,"1284_1","1284_1_2_H01","1284_1NA",FALSE,"CD4T"
"JR1284_1_2_H02",NA,NA,"1284_1","1284_1_2_H02","1284_1NA",FALSE,"CD4T"
"JR1284_1_2_H03",NA,NA,"1284_1","1284_1_2_H03","1284_1NA",FALSE,"DPT"
"JR1284_1_2_H04",NA,NA,"1284_1","1284_1_2_H04","1284_1NA",FALSE,"DPT"
"JR1284_1_2_H05",NA,NA,"1284_1","1284_1_2_H05","1284_1NA",FALSE,"CD4T"
"JR1284_1_2_H06",NA,NA,"1284_1","1284_1_2_H06","1284_1NA",FALSE,"CD4T"
"JR1284_1_2_I01",NA,NA,"1284_1","1284_1_2_I01","1284_1NA",FALSE,"CD4T"
"JR1284_1_2_I02",NA,NA,"1284_1","1284_1_2_I02","1284_1NA",FALSE,"CD4T"
"JR1284_1_2_I03",NA,NA,"1284_1","1284_1_2_I03","1284_1NA",FALSE,"CD4T"
"JR1284_1_2_I04",NA,NA,"1284_1","1284_1_2_I04","1284_1NA",FALSE,"CD4T"
"JR1284_1_2_I05",NA,NA,"1284_1","1284_1_2_I05","1284_1NA",FALSE,"CD4T"
"JR1284_1_2_I06",NA,NA,"1284_1","1284_1_2_I06","1284_1NA",FALSE,"CD4T"
"JR1284_1_2_J01",NA,NA,"1284_1","1284_1_2_J01","1284_1NA",FALSE,"CD4T"
"JR1284_1_2_J02",NA,NA,"1284_1","1284_1_2_J02","1284_1NA",FALSE,"CD8T"
"JR1284_1_2_J03",NA,NA,"1284_1","1284_1_2_J03","1284_1NA",FALSE,"CD4T"
"JR1284_1_2_J04",10,2,"1284_1","1284_1_2_J04","1284_110",TRUE,"CD8T"
"JR1284_1_2_J05",5,2,"1284_1","1284_1_2_J05","1284_15",TRUE,"CD8T"
"JR1284_1_2_J06",NA,NA,"1284_1","1284_1_2_J06","1284_1NA",FALSE,"CD4T"
"JR1284_1_2_K01",NA,NA,"1284_1","1284_1_2_K01","1284_1NA",FALSE,"CD4T"
"JR1284_1_2_K02",NA,NA,"1284_1","1284_1_2_K02","1284_1NA",FALSE,"CD4T"
"JR1284_1_2_K03",28,2,"1284_1","1284_1_2_K03","1284_128",TRUE,"CD8T"
"JR1284_1_2_K04",NA,NA,"1284_1","1284_1_2_K04","1284_1NA",FALSE,"CD4T"
"JR1284_1_2_K05",NA,NA,"1284_1","1284_1_2_K05","1284_1NA",FALSE,"CD4T"
"JR1284_1_2_L01",NA,NA,"1284_1","1284_1_2_L01","1284_1NA",FALSE,"CD4T"
"JR1284_1_2_L02",NA,NA,"1284_1","1284_1_2_L02","1284_1NA",FALSE,"CD4T"
"JR1284_1_2_L03",NA,NA,"1284_1","1284_1_2_L03","1284_1NA",FALSE,"CD8T"
"JR1284_1_2_L04",NA,NA,"1284_1","1284_1_2_L04","1284_1NA",FALSE,"CD4T"
"JR1284_1_2_L05",NA,NA,"1284_1","1284_1_2_L05","1284_1NA",FALSE,"CD4T"
"JR1284_1_2_L06",NA,NA,"1284_1","1284_1_2_L06","1284_1NA",FALSE,"CD4T"
"JR1284_1_2_M01",NA,NA,"1284_1","1284_1_2_M01","1284_1NA",FALSE,"CD4T"
"JR1284_1_2_M02",10,2,"1284_1","1284_1_2_M02","1284_110",TRUE,"DNT"
"JR1284_1_2_M03",NA,NA,"1284_1","1284_1_2_M03","1284_1NA",FALSE,"CD4T"
"JR1284_1_2_M04",NA,NA,"1284_1","1284_1_2_M04","1284_1NA",FALSE,"CD4T"
"JR1284_1_2_M05",14,3,"1284_1","1284_1_2_M05","1284_114",TRUE,"CD8T"
"JR1284_1_2_M06",NA,NA,"1284_1","1284_1_2_M06","1284_1NA",FALSE,"CD4T"
"JR1284_1_2_N01",NA,NA,"1284_1","1284_1_2_N01","1284_1NA",FALSE,"CD8T"
"JR1284_1_2_N02",NA,NA,"1284_1","1284_1_2_N02","1284_1NA",FALSE,"CD4T"
"JR1284_1_2_N03",19,2,"1284_1","1284_1_2_N03","1284_119",TRUE,"CD8T"
"JR1284_1_2_N04",NA,NA,"1284_1","1284_1_2_N04","1284_1NA",FALSE,"CD4T"
"JR1284_1_2_N05",NA,NA,"1284_1","1284_1_2_N05","1284_1NA",FALSE,"CD4T"
"JR1284_1_2_N06",NA,NA,"1284_1","1284_1_2_N06","1284_1NA",FALSE,"DNT"
"JR1284_1_2_O01",14,3,"1284_1","1284_1_2_O01","1284_114",TRUE,"CD8T"
"JR1284_1_2_O02",NA,NA,"1284_1","1284_1_2_O02","1284_1NA",FALSE,"CD4T"
"JR1284_1_2_O05",NA,NA,"1284_1","1284_1_2_O05","1284_1NA",FALSE,"CD8T"
"JR1284_1_2_O06",NA,NA,"1284_1","1284_1_2_O06","1284_1NA",FALSE,"CD8T"
"JR1284_1_2_P01",NA,NA,"1284_1","1284_1_2_P01","1284_1NA",FALSE,"CD4T"
"JR1284_1_2_P02",NA,NA,"1284_1","1284_1_2_P02","1284_1NA",FALSE,"CD4T"
"JR1284_1_2_P03",NA,NA,"1284_1","1284_1_2_P03","1284_1NA",FALSE,"CD4T"
"JR1284_1_2_P04",NA,NA,"1284_1","1284_1_2_P04","1284_1NA",FALSE,"CD4T"
"JR1284_1_2_P05",12,3,"1284_1","1284_1_2_P05","1284_112",TRUE,"CD4T"
"JR1284_1_2_P06",NA,NA,"1284_1","1284_1_2_P06","1284_1NA",FALSE,"CD4T"
"JR1284_1_3_A03",25,2,"1284_1","1284_1_3_A03","1284_125",TRUE,"CD8T"
"JR1284_1_3_A05",NA,NA,"1284_1","1284_1_3_A05","1284_1NA",FALSE,"CD4T"
"JR1284_1_3_A07",NA,NA,"1284_1","1284_1_3_A07","1284_1NA",FALSE,"CD4T"
"JR1284_1_3_A08",25,2,"1284_1","1284_1_3_A08","1284_125",TRUE,"CD8T"
"JR1284_1_3_A09",NA,NA,"1284_1","1284_1_3_A09","1284_1NA",FALSE,"CD4T"
"JR1284_1_3_A10",NA,NA,"1284_1","1284_1_3_A10","1284_1NA",FALSE,"CD8T"
"JR1284_1_3_A11",NA,NA,"1284_1","1284_1_3_A11","1284_1NA",FALSE,"CD4T"
"JR1284_1_3_A12",16,3,"1284_1","1284_1_3_A12","1284_116",TRUE,"CD8T"
"JR1284_1_3_B01",NA,NA,"1284_1","1284_1_3_B01","1284_1NA",FALSE,"CD8T"
"JR1284_1_3_B02",NA,NA,"1284_1","1284_1_3_B02","1284_1NA",FALSE,"CD4T"
"JR1284_1_3_B03",NA,NA,"1284_1","1284_1_3_B03","1284_1NA",FALSE,"CD4T"
"JR1284_1_3_B04",12,3,"1284_1","1284_1_3_B04","1284_112",TRUE,"CD4T"
"JR1284_1_3_B05",NA,NA,"1284_1","1284_1_3_B05","1284_1NA",FALSE,"CD4T"
"JR1284_1_3_B06",NA,NA,"1284_1","1284_1_3_B06","1284_1NA",FALSE,"CD8T"
"JR1284_1_3_B07",NA,NA,"1284_1","1284_1_3_B07","1284_1NA",FALSE,"CD4T"
"JR1284_1_3_B08",9,2,"1284_1","1284_1_3_B08","1284_19",TRUE,"CD8T"
"JR1284_1_3_B09",NA,NA,"1284_1","1284_1_3_B09","1284_1NA",FALSE,"CD4T"
"JR1284_1_3_B10",NA,NA,"1284_1","1284_1_3_B10","1284_1NA",FALSE,"CD8T"
"JR1284_1_3_B11",NA,NA,"1284_1","1284_1_3_B11","1284_1NA",FALSE,"CD4T"
"JR1284_1_3_C02",NA,NA,"1284_1","1284_1_3_C02","1284_1NA",FALSE,"CD4T"
"JR1284_1_3_C03",NA,NA,"1284_1","1284_1_3_C03","1284_1NA",FALSE,"CD4T"
"JR1284_1_3_C04",NA,NA,"1284_1","1284_1_3_C04","1284_1NA",FALSE,"CD4T"
"JR1284_1_3_C05",NA,NA,"1284_1","1284_1_3_C05","1284_1NA",FALSE,"CD4T"
"JR1284_1_3_C06",NA,NA,"1284_1","1284_1_3_C06","1284_1NA",FALSE,"CD8T"
"JR1284_1_3_C07",NA,NA,"1284_1","1284_1_3_C07","1284_1NA",FALSE,"CD8T"
"JR1284_1_3_C08",NA,NA,"1284_1","1284_1_3_C08","1284_1NA",FALSE,"CD4T"
"JR1284_1_3_C09",NA,NA,"1284_1","1284_1_3_C09","1284_1NA",FALSE,"CD4T"
"JR1284_1_3_C10",NA,NA,"1284_1","1284_1_3_C10","1284_1NA",FALSE,"CD4T"
"JR1284_1_3_C11",29,2,"1284_1","1284_1_3_C11","1284_129",TRUE,"CD4T"
"JR1284_1_3_C12",NA,NA,"1284_1","1284_1_3_C12","1284_1NA",FALSE,"CD4T"
"JR1284_1_3_D01",NA,NA,"1284_1","1284_1_3_D01","1284_1NA",FALSE,"CD4T"
"JR1284_1_3_D02",NA,NA,"1284_1","1284_1_3_D02","1284_1NA",FALSE,"CD4T"
"JR1284_1_3_D03",NA,NA,"1284_1","1284_1_3_D03","1284_1NA",FALSE,"CD8T"
"JR1284_1_3_D04",23,2,"1284_1","1284_1_3_D04","1284_123",TRUE,"CD4T"
"JR1284_1_3_D05",NA,NA,"1284_1","1284_1_3_D05","1284_1NA",FALSE,"CD4T"
"JR1284_1_3_D06",NA,NA,"1284_1","1284_1_3_D06","1284_1NA",FALSE,"CD4T"
"JR1284_1_3_D07",NA,NA,"1284_1","1284_1_3_D07","1284_1NA",FALSE,"CD4T"
"JR1284_1_3_D08",NA,NA,"1284_1","1284_1_3_D08","1284_1NA",FALSE,"CD4T"
"JR1284_1_3_D09",NA,NA,"1284_1","1284_1_3_D09","1284_1NA",FALSE,"CD4T"
"JR1284_1_3_D10",4,4,"1284_1","1284_1_3_D10","1284_14",TRUE,"CD8T"
"JR1284_1_3_D11",NA,NA,"1284_1","1284_1_3_D11","1284_1NA",FALSE,"CD4T"
"JR1284_1_3_D12",NA,NA,"1284_1","1284_1_3_D12","1284_1NA",FALSE,"DNT"
"JR1284_1_3_E01",4,4,"1284_1","1284_1_3_E01","1284_14",TRUE,"CD8T"
"JR1284_1_3_E02",NA,NA,"1284_1","1284_1_3_E02","1284_1NA",FALSE,"CD4T"
"JR1284_1_3_E03",NA,NA,"1284_1","1284_1_3_E03","1284_1NA",FALSE,"CD4T"
"JR1284_1_3_E04",NA,NA,"1284_1","1284_1_3_E04","1284_1NA",FALSE,"CD8T"
"JR1284_1_3_E05",NA,NA,"1284_1","1284_1_3_E05","1284_1NA",FALSE,"CD4T"
"JR1284_1_3_E06",NA,NA,"1284_1","1284_1_3_E06","1284_1NA",FALSE,"CD4T"
"JR1284_1_3_E07",NA,NA,"1284_1","1284_1_3_E07","1284_1NA",FALSE,"CD4T"
"JR1284_1_3_E09",17,2,"1284_1","1284_1_3_E09","1284_117",TRUE,"CD8T"
"JR1284_1_3_E10",NA,NA,"1284_1","1284_1_3_E10","1284_1NA",FALSE,"CD4T"
"JR1284_1_3_E11",29,2,"1284_1","1284_1_3_E11","1284_129",TRUE,"CD4T"
"JR1284_1_3_E12",NA,NA,"1284_1","1284_1_3_E12","1284_1NA",FALSE,"CD4T"
"JR1284_1_3_F01",4,4,"1284_1","1284_1_3_F01","1284_14",TRUE,"CD8T"
"JR1284_1_3_F02",NA,NA,"1284_1","1284_1_3_F02","1284_1NA",FALSE,"CD4T"
"JR1284_1_3_F03",NA,NA,"1284_1","1284_1_3_F03","1284_1NA",FALSE,"CD4T"
"JR1284_1_3_F04",NA,NA,"1284_1","1284_1_3_F04","1284_1NA",FALSE,"CD4T"
"JR1284_1_3_F05",NA,NA,"1284_1","1284_1_3_F05","1284_1NA",FALSE,"CD4T"
"JR1284_1_3_F06",NA,NA,"1284_1","1284_1_3_F06","1284_1NA",FALSE,"CD4T"
"JR1284_1_3_F07",NA,NA,"1284_1","1284_1_3_F07","1284_1NA",FALSE,"CD4T"
"JR1284_1_3_F08",2,8,"1284_1","1284_1_3_F08","1284_12",TRUE,"CD4T"
"JR1284_1_3_F09",NA,NA,"1284_1","1284_1_3_F09","1284_1NA",FALSE,"CD8T"
"JR1284_1_3_F10",NA,NA,"1284_1","1284_1_3_F10","1284_1NA",FALSE,"CD8T"
"JR1284_1_3_F11",NA,NA,"1284_1","1284_1_3_F11","1284_1NA",FALSE,"CD4T"
"JR1284_1_3_F12",NA,NA,"1284_1","1284_1_3_F12","1284_1NA",FALSE,"CD8T"
"JR1284_1_3_G01",NA,NA,"1284_1","1284_1_3_G01","1284_1NA",FALSE,"CD4T"
"JR1284_1_3_G02",0,23,"1284_1","1284_1_3_G02","1284_10",TRUE,"CD8T"
"JR1284_1_3_G03",NA,NA,"1284_1","1284_1_3_G03","1284_1NA",FALSE,"CD4T"
"JR1284_1_3_G05",NA,NA,"1284_1","1284_1_3_G05","1284_1NA",FALSE,"CD4T"
"JR1284_1_3_G06",NA,NA,"1284_1","1284_1_3_G06","1284_1NA",FALSE,"CD4T"
"JR1284_1_3_G08",NA,NA,"1284_1","1284_1_3_G08","1284_1NA",FALSE,"DPT"
"JR1284_1_3_G09",NA,NA,"1284_1","1284_1_3_G09","1284_1NA",FALSE,"CD8T"
"JR1284_1_3_G10",NA,NA,"1284_1","1284_1_3_G10","1284_1NA",FALSE,"CD4T"
"JR1284_1_3_G11",NA,NA,"1284_1","1284_1_3_G11","1284_1NA",FALSE,"CD4T"
"JR1284_1_3_H01",NA,NA,"1284_1","1284_1_3_H01","1284_1NA",FALSE,"CD4T"
"JR1284_1_3_H02",NA,NA,"1284_1","1284_1_3_H02","1284_1NA",FALSE,"CD4T"
"JR1284_1_3_H03",NA,NA,"1284_1","1284_1_3_H03","1284_1NA",FALSE,"CD4T"
"JR1284_1_3_H05",NA,NA,"1284_1","1284_1_3_H05","1284_1NA",FALSE,"CD4T"
"JR1284_1_3_H06",NA,NA,"1284_1","1284_1_3_H06","1284_1NA",FALSE,"CD4T"
"JR1284_1_3_H07",NA,NA,"1284_1","1284_1_3_H07","1284_1NA",FALSE,"CD4T"
"JR1284_1_3_H08",NA,NA,"1284_1","1284_1_3_H08","1284_1NA",FALSE,"CD4T"
"JR1284_1_3_H09",19,2,"1284_1","1284_1_3_H09","1284_119",TRUE,"CD8T"
"JR1284_1_3_H12",NA,NA,"1284_1","1284_1_3_H12","1284_1NA",FALSE,"CD4T"
"JR1284_1_3_I01",NA,NA,"1284_1","1284_1_3_I01","1284_1NA",FALSE,"CD4T"
"JR1284_1_3_I03",NA,NA,"1284_1","1284_1_3_I03","1284_1NA",FALSE,"CD8T"
"JR1284_1_3_I04",NA,NA,"1284_1","1284_1_3_I04","1284_1NA",FALSE,"CD4T"
"JR1284_1_3_I05",NA,NA,"1284_1","1284_1_3_I05","1284_1NA",FALSE,"CD4T"
"JR1284_1_3_I06",NA,NA,"1284_1","1284_1_3_I06","1284_1NA",FALSE,"CD4T"
"JR1284_1_3_I08",NA,NA,"1284_1","1284_1_3_I08","1284_1NA",FALSE,"CD4T"
"JR1284_1_3_I09",NA,NA,"1284_1","1284_1_3_I09","1284_1NA",FALSE,"CD4T"
"JR1284_1_3_I10",NA,NA,"1284_1","1284_1_3_I10","1284_1NA",FALSE,"CD4T"
"JR1284_1_3_I11",28,2,"1284_1","1284_1_3_I11","1284_128",TRUE,"CD8T"
"JR1284_1_3_I12",NA,NA,"1284_1","1284_1_3_I12","1284_1NA",FALSE,"CD4T"
"JR1284_1_3_J01",NA,NA,"1284_1","1284_1_3_J01","1284_1NA",FALSE,"CD4T"
"JR1284_1_3_J02",NA,NA,"1284_1","1284_1_3_J02","1284_1NA",FALSE,"CD4T"
"JR1284_1_3_J03",NA,NA,"1284_1","1284_1_3_J03","1284_1NA",FALSE,"CD4T"
"JR1284_1_3_J04",2,8,"1284_1","1284_1_3_J04","1284_12",TRUE,"DPT"
"JR1284_1_3_J05",NA,NA,"1284_1","1284_1_3_J05","1284_1NA",FALSE,"CD4T"
"JR1284_1_3_J06",NA,NA,"1284_1","1284_1_3_J06","1284_1NA",FALSE,"CD4T"
"JR1284_1_3_J07",NA,NA,"1284_1","1284_1_3_J07","1284_1NA",FALSE,"CD4T"
"JR1284_1_3_J08",NA,NA,"1284_1","1284_1_3_J08","1284_1NA",FALSE,"CD4T"
"JR1284_1_3_J09",NA,NA,"1284_1","1284_1_3_J09","1284_1NA",FALSE,"CD4T"
"JR1284_1_3_J10",NA,NA,"1284_1","1284_1_3_J10","1284_1NA",FALSE,"CD4T"
"JR1284_1_3_J11",21,8,"1284_1","1284_1_3_J11","1284_121",TRUE,"CD4T"
"JR1284_1_3_J12",26,4,"1284_1","1284_1_3_J12","1284_126",TRUE,"CD8T"
"JR1284_1_3_K01",NA,NA,"1284_1","1284_1_3_K01","1284_1NA",FALSE,"CD4T"
"JR1284_1_3_K03",NA,NA,"1284_1","1284_1_3_K03","1284_1NA",FALSE,"CD4T"
"JR1284_1_3_K04",NA,NA,"1284_1","1284_1_3_K04","1284_1NA",FALSE,"CD4T"
"JR1284_1_3_K05",NA,NA,"1284_1","1284_1_3_K05","1284_1NA",FALSE,"CD4T"
"JR1284_1_3_K07",27,2,"1284_1","1284_1_3_K07","1284_127",TRUE,"CD4T"
"JR1284_1_3_K09",NA,NA,"1284_1","1284_1_3_K09","1284_1NA",FALSE,"CD4T"
"JR1284_1_3_K10",NA,NA,"1284_1","1284_1_3_K10","1284_1NA",FALSE,"CD8T"
"JR1284_1_3_K12",NA,NA,"1284_1","1284_1_3_K12","1284_1NA",FALSE,"CD4T"
"JR1284_1_3_L01",NA,NA,"1284_1","1284_1_3_L01","1284_1NA",FALSE,"CD4T"
"JR1284_1_3_L02",NA,NA,"1284_1","1284_1_3_L02","1284_1NA",FALSE,"CD4T"
"JR1284_1_3_L03",NA,NA,"1284_1","1284_1_3_L03","1284_1NA",FALSE,"CD4T"
"JR1284_1_3_L04",NA,NA,"1284_1","1284_1_3_L04","1284_1NA",FALSE,"CD8T"
"JR1284_1_3_L05",NA,NA,"1284_1","1284_1_3_L05","1284_1NA",FALSE,"CD4T"
"JR1284_1_3_L06",NA,NA,"1284_1","1284_1_3_L06","1284_1NA",FALSE,"CD4T"
"JR1284_1_3_L07",NA,NA,"1284_1","1284_1_3_L07","1284_1NA",FALSE,"CD4T"
"JR1284_1_3_L08",NA,NA,"1284_1","1284_1_3_L08","1284_1NA",FALSE,"CD4T"
"JR1284_1_3_L09",2,8,"1284_1","1284_1_3_L09","1284_12",TRUE,"CD4T"
"JR1284_1_3_L10",NA,NA,"1284_1","1284_1_3_L10","1284_1NA",FALSE,"CD8T"
"JR1284_1_3_L11",NA,NA,"1284_1","1284_1_3_L11","1284_1NA",FALSE,"CD4T"
"JR1284_1_3_L12",NA,NA,"1284_1","1284_1_3_L12","1284_1NA",FALSE,"CD4T"
"JR1284_1_3_M01",NA,NA,"1284_1","1284_1_3_M01","1284_1NA",FALSE,"CD4T"
"JR1284_1_3_M02",NA,NA,"1284_1","1284_1_3_M02","1284_1NA",FALSE,"CD4T"
"JR1284_1_3_M03",NA,NA,"1284_1","1284_1_3_M03","1284_1NA",FALSE,"CD4T"
"JR1284_1_3_M05",NA,NA,"1284_1","1284_1_3_M05","1284_1NA",FALSE,"CD4T"
"JR1284_1_3_M06",NA,NA,"1284_1","1284_1_3_M06","1284_1NA",FALSE,"CD4T"
"JR1284_1_3_M08",NA,NA,"1284_1","1284_1_3_M08","1284_1NA",FALSE,"CD4T"
"JR1284_1_3_M09",NA,NA,"1284_1","1284_1_3_M09","1284_1NA",FALSE,"CD8T"
"JR1284_1_3_M10",NA,NA,"1284_1","1284_1_3_M10","1284_1NA",FALSE,"CD4T"
"JR1284_1_3_M11",NA,NA,"1284_1","1284_1_3_M11","1284_1NA",FALSE,"CD4T"
"JR1284_1_3_M12",NA,NA,"1284_1","1284_1_3_M12","1284_1NA",FALSE,"CD4T"
"JR1284_1_3_N01",NA,NA,"1284_1","1284_1_3_N01","1284_1NA",FALSE,"CD4T"
"JR1284_1_3_N02",NA,NA,"1284_1","1284_1_3_N02","1284_1NA",FALSE,"CD8T"
"JR1284_1_3_N03",NA,NA,"1284_1","1284_1_3_N03","1284_1NA",FALSE,"CD8T"
"JR1284_1_3_N04",8,2,"1284_1","1284_1_3_N04","1284_18",TRUE,"CD8T"
"JR1284_1_3_N05",NA,NA,"1284_1","1284_1_3_N05","1284_1NA",FALSE,"CD4T"
"JR1284_1_3_N06",NA,NA,"1284_1","1284_1_3_N06","1284_1NA",FALSE,"CD4T"
"JR1284_1_3_N08",NA,NA,"1284_1","1284_1_3_N08","1284_1NA",FALSE,"CD4T"
"JR1284_1_3_N09",NA,NA,"1284_1","1284_1_3_N09","1284_1NA",FALSE,"CD4T"
"JR1284_1_3_N10",NA,NA,"1284_1","1284_1_3_N10","1284_1NA",FALSE,"CD4T"
"JR1284_1_3_N11",NA,NA,"1284_1","1284_1_3_N11","1284_1NA",FALSE,"CD4T"
"JR1284_1_3_N12",NA,NA,"1284_1","1284_1_3_N12","1284_1NA",FALSE,"CD8T"
"JR1284_1_3_O01",NA,NA,"1284_1","1284_1_3_O01","1284_1NA",FALSE,"CD4T"
"JR1284_1_3_O02",NA,NA,"1284_1","1284_1_3_O02","1284_1NA",FALSE,"CD4T"
"JR1284_1_3_O03",NA,NA,"1284_1","1284_1_3_O03","1284_1NA",FALSE,"CD4T"
"JR1284_1_3_O04",NA,NA,"1284_1","1284_1_3_O04","1284_1NA",FALSE,"CD4T"
"JR1284_1_3_O05",NA,NA,"1284_1","1284_1_3_O05","1284_1NA",FALSE,"CD4T"
"JR1284_1_3_O06",NA,NA,"1284_1","1284_1_3_O06","1284_1NA",FALSE,"CD4T"
"JR1284_1_3_O07",NA,NA,"1284_1","1284_1_3_O07","1284_1NA",FALSE,"CD4T"
"JR1284_1_3_O08",0,23,"1284_1","1284_1_3_O08","1284_10",TRUE,"CD8T"
"JR1284_1_3_O12",NA,NA,"1284_1","1284_1_3_O12","1284_1NA",FALSE,"CD4T"
"JR1284_1_3_P01",18,2,"1284_1","1284_1_3_P01","1284_118",TRUE,"CD8T"
"JR1284_1_3_P02",NA,NA,"1284_1","1284_1_3_P02","1284_1NA",FALSE,"CD4T"
"JR1284_1_3_P04",NA,NA,"1284_1","1284_1_3_P04","1284_1NA",FALSE,"CD4T"
"JR1284_1_3_P05",NA,NA,"1284_1","1284_1_3_P05","1284_1NA",FALSE,"CD4T"
"JR1284_1_3_P06",NA,NA,"1284_1","1284_1_3_P06","1284_1NA",FALSE,"CD8T"
"JR1284_1_3_P07",26,4,"1284_1","1284_1_3_P07","1284_126",TRUE,"CD8T"
"JR1284_1_3_P08",NA,NA,"1284_1","1284_1_3_P08","1284_1NA",FALSE,"CD4T"
"JR1284_1_3_P09",NA,NA,"1284_1","1284_1_3_P09","1284_1NA",FALSE,"CD8T"
"JR1284_1_3_P10",NA,NA,"1284_1","1284_1_3_P10","1284_1NA",FALSE,"CD4T"
"JR1284_1_3_P11",NA,NA,"1284_1","1284_1_3_P11","1284_1NA",FALSE,"CD4T"
"JR1284_1_4_A02",0,23,"1284_1","1284_1_4_A02","1284_10",TRUE,"CD8T"
"JR1284_1_4_A04",30,2,"1284_1","1284_1_4_A04","1284_130",TRUE,"CD4T"
"JR1284_1_4_B02",NA,NA,"1284_1","1284_1_4_B02","1284_1NA",FALSE,"CD8T"
"JR1284_1_4_B03",26,4,"1284_1","1284_1_4_B03","1284_126",TRUE,"CD8T"
"JR1284_1_4_B04",0,23,"1284_1","1284_1_4_B04","1284_10",TRUE,"CD8T"
"JR1284_1_4_C02",14,3,"1284_1","1284_1_4_C02","1284_114",TRUE,"CD8T"
"JR1284_1_4_C04",15,3,"1284_1","1284_1_4_C04","1284_115",TRUE,"CD4T"
"JR1284_1_4_E02",22,3,"1284_1","1284_1_4_E02","1284_122",TRUE,"DPT"
"JR1284_1_4_E06",NA,NA,"1284_1","1284_1_4_E06","1284_1NA",FALSE,"CD4T"
"JR1284_1_4_F02",2,8,"1284_1","1284_1_4_F02","1284_12",TRUE,"CD4T"
"JR1284_1_4_F03",0,23,"1284_1","1284_1_4_F03","1284_10",TRUE,"CD8T"
"JR1284_1_4_F05",2,8,"1284_1","1284_1_4_F05","1284_12",TRUE,"CD4T"
"JR1284_1_4_G06",NA,NA,"1284_1","1284_1_4_G06","1284_1NA",FALSE,"CD4T"
"JR1284_1_4_H06",NA,NA,"1284_1","1284_1_4_H06","1284_1NA",FALSE,"CD4T"
"JR1284_1_4_I03",NA,NA,"1284_1","1284_1_4_I03","1284_1NA",FALSE,"DNT"
"JR1284_1_4_J01",0,23,"1284_1","1284_1_4_J01","1284_10",TRUE,"CD8T"
"JR1284_1_4_K02",2,8,"1284_1","1284_1_4_K02","1284_12",TRUE,"CD4T"
"JR1284_1_4_L03",NA,NA,"1284_1","1284_1_4_L03","1284_1NA",FALSE,"CD4T"
"JR1284_1_4_L05",8,2,"1284_1","1284_1_4_L05","1284_18",TRUE,"CD8T"
"JR1284_1_4_M02",0,23,"1284_1","1284_1_4_M02","1284_10",TRUE,"CD8T"
"JR1284_1_4_M03",21,8,"1284_1","1284_1_4_M03","1284_121",TRUE,"CD4T"
"JR1284_1_4_O04",0,23,"1284_1","1284_1_4_O04","1284_10",TRUE,"CD8T"
"JR1284_1_4_O06",NA,NA,"1284_1","1284_1_4_O06","1284_1NA",FALSE,"CD4T"
"JR1284_1_4_P01",7,3,"1284_1","1284_1_4_P01","1284_17",TRUE,"CD8T"
"JR1284_1_4_P02",6,4,"1284_1","1284_1_4_P02","1284_16",TRUE,"CD4T"
"JR1284_1_4_P03",NA,NA,"1284_1","1284_1_4_P03","1284_1NA",FALSE,"CD4T"
"JR1284_1_4_P04",0,23,"1284_1","1284_1_4_P04","1284_10",TRUE,"CD8T"
"JR1284_1_5_B02",NA,NA,"1284_1","1284_1_5_B02","1284_1NA",FALSE,"CD4T"
"JR1284_1_5_B04",0,23,"1284_1","1284_1_5_B04","1284_10",TRUE,"CD8T"
"JR1284_1_5_C01",2,8,"1284_1","1284_1_5_C01","1284_12",TRUE,"CD4T"
"JR1284_1_5_C02",NA,NA,"1284_1","1284_1_5_C02","1284_1NA",FALSE,"DNT"
"JR1284_1_5_C04",NA,NA,"1284_1","1284_1_5_C04","1284_1NA",FALSE,"DNT"
"JR1284_1_5_C05",0,23,"1284_1","1284_1_5_C05","1284_10",TRUE,"CD8T"
"JR1284_1_5_D01",NA,NA,"1284_1","1284_1_5_D01","1284_1NA",FALSE,"CD4T"
"JR1284_1_5_E01",0,23,"1284_1","1284_1_5_E01","1284_10",TRUE,"CD8T"
"JR1284_1_5_E03",1,2,"1284_1","1284_1_5_E03","1284_11",TRUE,"CD8T"
"JR1284_1_5_E04",0,23,"1284_1","1284_1_5_E04","1284_10",TRUE,"CD8T"
"JR1284_1_5_E05",1,2,"1284_1","1284_1_5_E05","1284_11",TRUE,"CD8T"
"JR1284_1_5_E06",NA,NA,"1284_1","1284_1_5_E06","1284_1NA",FALSE,"CD8T"
"JR1284_1_5_G01",NA,NA,"1284_1","1284_1_5_G01","1284_1NA",FALSE,"DNT"
"JR1284_1_5_G02",0,23,"1284_1","1284_1_5_G02","1284_10",TRUE,"CD8T"
"JR1284_1_5_G03",13,2,"1284_1","1284_1_5_G03","1284_113",TRUE,"CD8T"
"JR1284_1_5_G06",NA,NA,"1284_1","1284_1_5_G06","1284_1NA",FALSE,"CD8T"
"JR1284_1_5_H03",NA,NA,"1284_1","1284_1_5_H03","1284_1NA",FALSE,"CD8T"
"JR1284_1_5_I02",0,23,"1284_1","1284_1_5_I02","1284_10",TRUE,"CD8T"
"JR1284_1_5_I03",NA,NA,"1284_1","1284_1_5_I03","1284_1NA",FALSE,"CD8T"
"JR1284_1_5_J02",0,23,"1284_1","1284_1_5_J02","1284_10",TRUE,"CD8T"
"JR1284_1_5_J04",15,3,"1284_1","1284_1_5_J04","1284_115",TRUE,"CD4T"
"JR1284_1_5_K01",2,8,"1284_1","1284_1_5_K01","1284_12",TRUE,"CD4T"
"JR1284_1_5_L01",0,23,"1284_1","1284_1_5_L01","1284_10",TRUE,"CD8T"
"JR1284_1_5_L03",NA,NA,"1284_1","1284_1_5_L03","1284_1NA",FALSE,"CD4T"
"JR1284_1_5_L06",0,23,"1284_1","1284_1_5_L06","1284_10",TRUE,"CD8T"
"JR1284_1_5_M01",22,3,"1284_1","1284_1_5_M01","1284_122",TRUE,"DPT"
"JR1284_1_5_M02",6,4,"1284_1","1284_1_5_M02","1284_16",TRUE,"CD4T"
"JR1284_1_5_N02",13,2,"1284_1","1284_1_5_N02","1284_113",TRUE,"CD8T"
"JR1284_1_5_N05",21,8,"1284_1","1284_1_5_N05","1284_121",TRUE,"CD4T"
"JR1284_1_5_O02",24,2,"1284_1","1284_1_5_O02","1284_124",TRUE,"CD4T"
"JR1284_1_5_O05",24,2,"1284_1","1284_1_5_O05","1284_124",TRUE,"DNT"
"JR1284_1_5_O06",0,23,"1284_1","1284_1_5_O06","1284_10",TRUE,"CD8T"
"JR1284_1_5_P02",30,2,"1284_1","1284_1_5_P02","1284_130",TRUE,"CD4T"
"JR1284_1_6_D04",NA,NA,"1284_1","1284_1_6_D04","1284_1NA",FALSE,"DNT"
"JR1284_1_6_G01",6,4,"1284_1","1284_1_6_G01","1284_16",TRUE,"DNT"
