"","CellID","Cell","singler","excluded"
"1","onefilepercell_JR1166_1_1_B02_and_others_N8PVQ:JR1166_1_1_B02.out.bam","1166_1_1_B02","Undefined",TRUE
"2","onefilepercell_JR1166_1_1_B02_and_others_N8PVQ:JR1166_1_1_B17.out.bam","1166_1_1_B17","PB",FALSE
"3","onefilepercell_JR1166_1_1_B02_and_others_N8PVQ:JR1166_1_1_C07.out.bam","1166_1_1_C07","PC",FALSE
"4","onefilepercell_JR1166_1_1_B02_and_others_N8PVQ:JR1166_1_1_D14.out.bam","1166_1_1_D14","PC",FALSE
"5","onefilepercell_JR1166_1_1_B02_and_others_N8PVQ:JR1166_1_1_E14.out.bam","1166_1_1_E14","Undefined",TRUE
"6","onefilepercell_JR1166_1_1_B02_and_others_N8PVQ:JR1166_1_1_G03.out.bam","1166_1_1_G03","MBC",FALSE
"7","onefilepercell_JR1166_1_1_B02_and_others_N8PVQ:JR1166_1_1_G09.out.bam","1166_1_1_G09","MBC",FALSE
"8","onefilepercell_JR1166_1_1_B02_and_others_N8PVQ:JR1166_1_1_G12.out.bam","1166_1_1_G12","PC",FALSE
"9","onefilepercell_JR1166_1_1_B02_and_others_N8PVQ:JR1166_1_1_G18.out.bam","1166_1_1_G18","PB",FALSE
"10","onefilepercell_JR1166_1_1_B02_and_others_N8PVQ:JR1166_1_1_H01.out.bam","1166_1_1_H01","PC",FALSE
"11","onefilepercell_JR1166_1_1_B02_and_others_N8PVQ:JR1166_1_1_H17.out.bam","1166_1_1_H17","Undefined",TRUE
"12","onefilepercell_JR1166_1_1_B02_and_others_N8PVQ:JR1166_1_1_I06.out.bam","1166_1_1_I06","Undefined",TRUE
"13","onefilepercell_JR1166_1_1_B02_and_others_N8PVQ:JR1166_1_1_J18.out.bam","1166_1_1_J18","PB",FALSE
"14","onefilepercell_JR1166_1_1_B02_and_others_N8PVQ:JR1166_1_1_J22.out.bam","1166_1_1_J22","Undefined",TRUE
"15","onefilepercell_JR1166_1_1_B02_and_others_N8PVQ:JR1166_1_1_L15.out.bam","1166_1_1_L15","Undefined",TRUE
"16","onefilepercell_JR1166_1_1_B02_and_others_N8PVQ:JR1166_1_1_M06.out.bam","1166_1_1_M06","MBC",FALSE
"17","onefilepercell_JR1166_1_1_B02_and_others_N8PVQ:JR1166_1_1_N16.out.bam","1166_1_1_N16","MBC",FALSE
"18","onefilepercell_JR1166_1_1_B02_and_others_N8PVQ:JR1166_1_1_O20.out.bam","1166_1_1_O20","PB",FALSE
"19","onefilepercell_JR1166_1_1_B02_and_others_N8PVQ:JR1166_1_2_A02.out.bam","1166_1_2_A02","PC",FALSE
"20","onefilepercell_JR1166_1_1_B02_and_others_N8PVQ:JR1166_1_2_A06.out.bam","1166_1_2_A06","PB",FALSE
"21","onefilepercell_JR1166_1_1_B02_and_others_N8PVQ:JR1166_1_2_A07.out.bam","1166_1_2_A07","PB",FALSE
"22","onefilepercell_JR1166_1_1_B02_and_others_N8PVQ:JR1166_1_2_A09.out.bam","1166_1_2_A09","MBC",FALSE
"23","onefilepercell_JR1166_1_1_B02_and_others_N8PVQ:JR1166_1_2_A10.out.bam","1166_1_2_A10","PB",FALSE
"24","onefilepercell_JR1166_1_1_B02_and_others_N8PVQ:JR1166_1_2_A11.out.bam","1166_1_2_A11","PB",FALSE
"25","onefilepercell_JR1166_1_1_B02_and_others_N8PVQ:JR1166_1_2_A12.out.bam","1166_1_2_A12","Undefined",TRUE
"26","onefilepercell_JR1166_1_1_B02_and_others_N8PVQ:JR1166_1_2_A13.out.bam","1166_1_2_A13","PB",FALSE
"27","onefilepercell_JR1166_1_1_B02_and_others_N8PVQ:JR1166_1_2_A14.out.bam","1166_1_2_A14","Undefined",TRUE
"28","onefilepercell_JR1166_1_1_B02_and_others_N8PVQ:JR1166_1_2_A15.out.bam","1166_1_2_A15","PB",FALSE
"29","onefilepercell_JR1166_1_1_B02_and_others_N8PVQ:JR1166_1_2_B02.out.bam","1166_1_2_B02","PC",FALSE
"30","onefilepercell_JR1166_1_1_B02_and_others_N8PVQ:JR1166_1_2_B03.out.bam","1166_1_2_B03","PB",FALSE
"31","onefilepercell_JR1166_1_1_B02_and_others_N8PVQ:JR1166_1_2_B04.out.bam","1166_1_2_B04","PB",FALSE
"32","onefilepercell_JR1166_1_1_B02_and_others_N8PVQ:JR1166_1_2_B05.out.bam","1166_1_2_B05","PC",FALSE
"33","onefilepercell_JR1166_1_1_B02_and_others_N8PVQ:JR1166_1_2_B06.out.bam","1166_1_2_B06","PB",FALSE
"34","onefilepercell_JR1166_1_1_B02_and_others_N8PVQ:JR1166_1_2_B08.out.bam","1166_1_2_B08","Undefined",TRUE
"35","onefilepercell_JR1166_1_1_B02_and_others_N8PVQ:JR1166_1_2_B09.out.bam","1166_1_2_B09","MBC",FALSE
"36","onefilepercell_JR1166_1_1_B02_and_others_N8PVQ:JR1166_1_2_B10.out.bam","1166_1_2_B10","PB",FALSE
"37","onefilepercell_JR1166_1_1_B02_and_others_N8PVQ:JR1166_1_2_B11.out.bam","1166_1_2_B11","PB",FALSE
"38","onefilepercell_JR1166_1_1_B02_and_others_N8PVQ:JR1166_1_2_B12.out.bam","1166_1_2_B12","PB",FALSE
"39","onefilepercell_JR1166_1_1_B02_and_others_N8PVQ:JR1166_1_2_B13.out.bam","1166_1_2_B13","PC",FALSE
"40","onefilepercell_JR1166_1_1_B02_and_others_N8PVQ:JR1166_1_2_B14.out.bam","1166_1_2_B14","MBC",FALSE
"41","onefilepercell_JR1166_1_1_B02_and_others_N8PVQ:JR1166_1_2_B15.out.bam","1166_1_2_B15","PB",FALSE
"42","onefilepercell_JR1166_1_1_B02_and_others_N8PVQ:JR1166_1_2_C02.out.bam","1166_1_2_C02","PB",FALSE
"43","onefilepercell_JR1166_1_1_B02_and_others_N8PVQ:JR1166_1_2_C03.out.bam","1166_1_2_C03","MBC",FALSE
"44","onefilepercell_JR1166_1_1_B02_and_others_N8PVQ:JR1166_1_2_C04.out.bam","1166_1_2_C04","PB",FALSE
"45","onefilepercell_JR1166_1_1_B02_and_others_N8PVQ:JR1166_1_2_C05.out.bam","1166_1_2_C05","PB",FALSE
"46","onefilepercell_JR1166_1_1_B02_and_others_N8PVQ:JR1166_1_2_C06.out.bam","1166_1_2_C06","PB",FALSE
"47","onefilepercell_JR1166_1_1_B02_and_others_N8PVQ:JR1166_1_2_C07.out.bam","1166_1_2_C07","PB",FALSE
"48","onefilepercell_JR1166_1_1_B02_and_others_N8PVQ:JR1166_1_2_C08.out.bam","1166_1_2_C08","PC",FALSE
"49","onefilepercell_JR1166_1_1_B02_and_others_N8PVQ:JR1166_1_2_C09.out.bam","1166_1_2_C09","PB",FALSE
"50","onefilepercell_JR1166_1_1_B02_and_others_N8PVQ:JR1166_1_2_C10.out.bam","1166_1_2_C10","MBC",FALSE
"51","onefilepercell_JR1166_1_1_B02_and_others_N8PVQ:JR1166_1_2_C11.out.bam","1166_1_2_C11","PB",FALSE
"52","onefilepercell_JR1166_1_1_B02_and_others_N8PVQ:JR1166_1_2_C12.out.bam","1166_1_2_C12","prePB",FALSE
"53","onefilepercell_JR1166_1_1_B02_and_others_N8PVQ:JR1166_1_2_C14.out.bam","1166_1_2_C14","PB",FALSE
"54","onefilepercell_JR1166_1_1_B02_and_others_N8PVQ:JR1166_1_2_C15.out.bam","1166_1_2_C15","MBC",FALSE
"55","onefilepercell_JR1166_1_1_B02_and_others_N8PVQ:JR1166_1_2_D02.out.bam","1166_1_2_D02","PB",FALSE
"56","onefilepercell_JR1166_1_1_B02_and_others_N8PVQ:JR1166_1_2_D03.out.bam","1166_1_2_D03","Undefined",TRUE
"57","onefilepercell_JR1166_1_1_B02_and_others_N8PVQ:JR1166_1_2_D04.out.bam","1166_1_2_D04","PC",FALSE
"58","onefilepercell_JR1166_1_1_B02_and_others_N8PVQ:JR1166_1_2_D07.out.bam","1166_1_2_D07","PB",FALSE
"59","onefilepercell_JR1166_1_1_B02_and_others_N8PVQ:JR1166_1_2_D08.out.bam","1166_1_2_D08","PC",FALSE
"60","onefilepercell_JR1166_1_1_B02_and_others_N8PVQ:JR1166_1_2_D09.out.bam","1166_1_2_D09","PB",FALSE
"61","onefilepercell_JR1166_1_1_B02_and_others_N8PVQ:JR1166_1_2_D10.out.bam","1166_1_2_D10","PB",FALSE
"62","onefilepercell_JR1166_1_1_B02_and_others_N8PVQ:JR1166_1_2_D12.out.bam","1166_1_2_D12","PB",FALSE
"63","onefilepercell_JR1166_1_1_B02_and_others_N8PVQ:JR1166_1_2_D13.out.bam","1166_1_2_D13","MBC",FALSE
"64","onefilepercell_JR1166_1_1_B02_and_others_N8PVQ:JR1166_1_2_D14.out.bam","1166_1_2_D14","PB",FALSE
"65","onefilepercell_JR1166_1_1_B02_and_others_N8PVQ:JR1166_1_2_D15.out.bam","1166_1_2_D15","PC",FALSE
"66","onefilepercell_JR1166_1_1_B02_and_others_N8PVQ:JR1166_1_2_E01.out.bam","1166_1_2_E01","PB",FALSE
"67","onefilepercell_JR1166_1_1_B02_and_others_N8PVQ:JR1166_1_2_E02.out.bam","1166_1_2_E02","PB",FALSE
"68","onefilepercell_JR1166_1_1_B02_and_others_N8PVQ:JR1166_1_2_E03.out.bam","1166_1_2_E03","PB",FALSE
"69","onefilepercell_JR1166_1_1_B02_and_others_N8PVQ:JR1166_1_2_E04.out.bam","1166_1_2_E04","PB",FALSE
"70","onefilepercell_JR1166_1_1_B02_and_others_N8PVQ:JR1166_1_2_E05.out.bam","1166_1_2_E05","PB",FALSE
"71","onefilepercell_JR1166_1_1_B02_and_others_N8PVQ:JR1166_1_2_E06.out.bam","1166_1_2_E06","PC",FALSE
"72","onefilepercell_JR1166_1_1_B02_and_others_N8PVQ:JR1166_1_2_E07.out.bam","1166_1_2_E07","PB",FALSE
"73","onefilepercell_JR1166_1_1_B02_and_others_N8PVQ:JR1166_1_2_E08.out.bam","1166_1_2_E08","PC",FALSE
"74","onefilepercell_JR1166_1_1_B02_and_others_N8PVQ:JR1166_1_2_E09.out.bam","1166_1_2_E09","PB",FALSE
"75","onefilepercell_JR1166_1_1_B02_and_others_N8PVQ:JR1166_1_2_E10.out.bam","1166_1_2_E10","Undefined",TRUE
"76","onefilepercell_JR1166_1_1_B02_and_others_N8PVQ:JR1166_1_2_E11.out.bam","1166_1_2_E11","PB",FALSE
"77","onefilepercell_JR1166_1_1_B02_and_others_N8PVQ:JR1166_1_2_E12.out.bam","1166_1_2_E12","PB",FALSE
"78","onefilepercell_JR1166_1_1_B02_and_others_N8PVQ:JR1166_1_2_E13.out.bam","1166_1_2_E13","PC",FALSE
"79","onefilepercell_JR1166_1_1_B02_and_others_N8PVQ:JR1166_1_2_E14.out.bam","1166_1_2_E14","MBC",FALSE
"80","onefilepercell_JR1166_1_1_B02_and_others_N8PVQ:JR1166_1_2_E15.out.bam","1166_1_2_E15","PB",FALSE
"81","onefilepercell_JR1166_1_1_B02_and_others_N8PVQ:JR1166_1_2_F02.out.bam","1166_1_2_F02","MBC",FALSE
"82","onefilepercell_JR1166_1_1_B02_and_others_N8PVQ:JR1166_1_2_F03.out.bam","1166_1_2_F03","PB",FALSE
"83","onefilepercell_JR1166_1_1_B02_and_others_N8PVQ:JR1166_1_2_F04.out.bam","1166_1_2_F04","PB",FALSE
"84","onefilepercell_JR1166_1_1_B02_and_others_N8PVQ:JR1166_1_2_F05.out.bam","1166_1_2_F05","PB",FALSE
"85","onefilepercell_JR1166_1_1_B02_and_others_N8PVQ:JR1166_1_2_F06.out.bam","1166_1_2_F06","PB",FALSE
"86","onefilepercell_JR1166_1_1_B02_and_others_N8PVQ:JR1166_1_2_F07.out.bam","1166_1_2_F07","PB",FALSE
"87","onefilepercell_JR1166_1_1_B02_and_others_N8PVQ:JR1166_1_2_F08.out.bam","1166_1_2_F08","PB",FALSE
"88","onefilepercell_JR1166_1_1_B02_and_others_N8PVQ:JR1166_1_2_F09.out.bam","1166_1_2_F09","PB",FALSE
"89","onefilepercell_JR1166_1_1_B02_and_others_N8PVQ:JR1166_1_2_F10.out.bam","1166_1_2_F10","PB",FALSE
"90","onefilepercell_JR1166_1_1_B02_and_others_N8PVQ:JR1166_1_2_F11.out.bam","1166_1_2_F11","PC",FALSE
"91","onefilepercell_JR1166_1_1_B02_and_others_N8PVQ:JR1166_1_2_F12.out.bam","1166_1_2_F12","PB",FALSE
"92","onefilepercell_JR1166_1_1_B02_and_others_N8PVQ:JR1166_1_2_F13.out.bam","1166_1_2_F13","PB",FALSE
"93","onefilepercell_JR1166_1_1_B02_and_others_N8PVQ:JR1166_1_2_F14.out.bam","1166_1_2_F14","MBC",FALSE
"94","onefilepercell_JR1166_1_1_B02_and_others_N8PVQ:JR1166_1_2_F15.out.bam","1166_1_2_F15","PB",FALSE
"95","onefilepercell_JR1166_1_1_B02_and_others_N8PVQ:JR1166_1_2_G02.out.bam","1166_1_2_G02","PB",FALSE
"96","onefilepercell_JR1166_1_1_B02_and_others_N8PVQ:JR1166_1_2_G03.out.bam","1166_1_2_G03","PB",FALSE
"97","onefilepercell_JR1166_1_1_B02_and_others_N8PVQ:JR1166_1_2_G04.out.bam","1166_1_2_G04","PB",FALSE
"98","onefilepercell_JR1166_1_1_B02_and_others_N8PVQ:JR1166_1_2_G05.out.bam","1166_1_2_G05","PB",FALSE
"99","onefilepercell_JR1166_1_1_B02_and_others_N8PVQ:JR1166_1_2_G06.out.bam","1166_1_2_G06","PB",FALSE
"100","onefilepercell_JR1166_1_1_B02_and_others_N8PVQ:JR1166_1_2_G07.out.bam","1166_1_2_G07","Undefined",TRUE
"101","onefilepercell_JR1166_1_1_B02_and_others_N8PVQ:JR1166_1_2_G08.out.bam","1166_1_2_G08","prePB",FALSE
"102","onefilepercell_JR1166_1_1_B02_and_others_N8PVQ:JR1166_1_2_G09.out.bam","1166_1_2_G09","PB",FALSE
"103","onefilepercell_JR1166_1_1_B02_and_others_N8PVQ:JR1166_1_2_G10.out.bam","1166_1_2_G10","PC",FALSE
"104","onefilepercell_JR1166_1_1_B02_and_others_N8PVQ:JR1166_1_2_G11.out.bam","1166_1_2_G11","PB",FALSE
"105","onefilepercell_JR1166_1_1_B02_and_others_N8PVQ:JR1166_1_2_G12.out.bam","1166_1_2_G12","PB",FALSE
"106","onefilepercell_JR1166_1_1_B02_and_others_N8PVQ:JR1166_1_2_G13.out.bam","1166_1_2_G13","PB",FALSE
"107","onefilepercell_JR1166_1_1_B02_and_others_N8PVQ:JR1166_1_2_G14.out.bam","1166_1_2_G14","PC",FALSE
"108","onefilepercell_JR1166_1_1_B02_and_others_N8PVQ:JR1166_1_2_G15.out.bam","1166_1_2_G15","PB",FALSE
"109","onefilepercell_JR1166_1_1_B02_and_others_N8PVQ:JR1166_1_2_H02.out.bam","1166_1_2_H02","PB",FALSE
"110","onefilepercell_JR1166_1_1_B02_and_others_N8PVQ:JR1166_1_2_H03.out.bam","1166_1_2_H03","PB",FALSE
"111","onefilepercell_JR1166_1_1_B02_and_others_N8PVQ:JR1166_1_2_H05.out.bam","1166_1_2_H05","PB",FALSE
"112","onefilepercell_JR1166_1_1_B02_and_others_N8PVQ:JR1166_1_2_H06.out.bam","1166_1_2_H06","PB",FALSE
"113","onefilepercell_JR1166_1_1_B02_and_others_N8PVQ:JR1166_1_2_H07.out.bam","1166_1_2_H07","PB",FALSE
"114","onefilepercell_JR1166_1_1_B02_and_others_N8PVQ:JR1166_1_2_H08.out.bam","1166_1_2_H08","PB",FALSE
"115","onefilepercell_JR1166_1_1_B02_and_others_N8PVQ:JR1166_1_2_H09.out.bam","1166_1_2_H09","PB",FALSE
"116","onefilepercell_JR1166_1_1_B02_and_others_N8PVQ:JR1166_1_2_H10.out.bam","1166_1_2_H10","PB",FALSE
"117","onefilepercell_JR1166_1_1_B02_and_others_N8PVQ:JR1166_1_2_H11.out.bam","1166_1_2_H11","PC",FALSE
"118","onefilepercell_JR1166_1_1_B02_and_others_N8PVQ:JR1166_1_2_H12.out.bam","1166_1_2_H12","PB",FALSE
"119","onefilepercell_JR1166_1_1_B02_and_others_N8PVQ:JR1166_1_2_H13.out.bam","1166_1_2_H13","PC",FALSE
"120","onefilepercell_JR1166_1_1_B02_and_others_N8PVQ:JR1166_1_2_H14.out.bam","1166_1_2_H14","PB",FALSE
"121","onefilepercell_JR1166_1_1_B02_and_others_N8PVQ:JR1166_1_2_H15.out.bam","1166_1_2_H15","PC",FALSE
"122","onefilepercell_JR1166_1_1_B02_and_others_N8PVQ:JR1166_1_2_I02.out.bam","1166_1_2_I02","PB",FALSE
"123","onefilepercell_JR1166_1_1_B02_and_others_N8PVQ:JR1166_1_2_I03.out.bam","1166_1_2_I03","PB",FALSE
"124","onefilepercell_JR1166_1_1_B02_and_others_N8PVQ:JR1166_1_2_I05.out.bam","1166_1_2_I05","PB",FALSE
"125","onefilepercell_JR1166_1_1_B02_and_others_N8PVQ:JR1166_1_2_I06.out.bam","1166_1_2_I06","PB",FALSE
"126","onefilepercell_JR1166_1_1_B02_and_others_N8PVQ:JR1166_1_2_I07.out.bam","1166_1_2_I07","prePB",FALSE
"127","onefilepercell_JR1166_1_1_B02_and_others_N8PVQ:JR1166_1_2_I08.out.bam","1166_1_2_I08","PB",FALSE
"128","onefilepercell_JR1166_1_1_B02_and_others_N8PVQ:JR1166_1_2_I09.out.bam","1166_1_2_I09","PC",FALSE
"129","onefilepercell_JR1166_1_1_B02_and_others_N8PVQ:JR1166_1_2_I10.out.bam","1166_1_2_I10","PB",FALSE
"130","onefilepercell_JR1166_1_1_B02_and_others_N8PVQ:JR1166_1_2_I11.out.bam","1166_1_2_I11","PB",FALSE
"131","onefilepercell_JR1166_1_1_B02_and_others_N8PVQ:JR1166_1_2_I12.out.bam","1166_1_2_I12","PB",FALSE
"132","onefilepercell_JR1166_1_1_B02_and_others_N8PVQ:JR1166_1_2_I13.out.bam","1166_1_2_I13","PB",FALSE
"133","onefilepercell_JR1166_1_1_B02_and_others_N8PVQ:JR1166_1_2_I14.out.bam","1166_1_2_I14","PB",FALSE
"134","onefilepercell_JR1166_1_1_B02_and_others_N8PVQ:JR1166_1_2_I15.out.bam","1166_1_2_I15","Undefined",TRUE
"135","onefilepercell_JR1166_1_1_B02_and_others_N8PVQ:JR1166_1_2_J02.out.bam","1166_1_2_J02","PB",FALSE
"136","onefilepercell_JR1166_1_1_B02_and_others_N8PVQ:JR1166_1_2_J03.out.bam","1166_1_2_J03","PC",FALSE
"137","onefilepercell_JR1166_1_1_B02_and_others_N8PVQ:JR1166_1_2_J04.out.bam","1166_1_2_J04","PC",FALSE
"138","onefilepercell_JR1166_1_1_B02_and_others_N8PVQ:JR1166_1_2_J05.out.bam","1166_1_2_J05","PB",FALSE
"139","onefilepercell_JR1166_1_1_B02_and_others_N8PVQ:JR1166_1_2_J07.out.bam","1166_1_2_J07","prePB",FALSE
"140","onefilepercell_JR1166_1_1_B02_and_others_N8PVQ:JR1166_1_2_J08.out.bam","1166_1_2_J08","PB",FALSE
"141","onefilepercell_JR1166_1_1_B02_and_others_N8PVQ:JR1166_1_2_J09.out.bam","1166_1_2_J09","PC",FALSE
"142","onefilepercell_JR1166_1_1_B02_and_others_N8PVQ:JR1166_1_2_J10.out.bam","1166_1_2_J10","PB",FALSE
"143","onefilepercell_JR1166_1_1_B02_and_others_N8PVQ:JR1166_1_2_J12.out.bam","1166_1_2_J12","Undefined",TRUE
"144","onefilepercell_JR1166_1_1_B02_and_others_N8PVQ:JR1166_1_2_J13.out.bam","1166_1_2_J13","prePB",FALSE
"145","onefilepercell_JR1166_1_1_B02_and_others_N8PVQ:JR1166_1_2_J15.out.bam","1166_1_2_J15","MBC",FALSE
"146","onefilepercell_JR1166_1_1_B02_and_others_N8PVQ:JR1166_1_2_J16.out.bam","1166_1_2_J16","prePB",FALSE
"147","onefilepercell_JR1166_1_1_B02_and_others_N8PVQ:JR1166_1_2_K02.out.bam","1166_1_2_K02","PB",FALSE
"148","onefilepercell_JR1166_1_1_B02_and_others_N8PVQ:JR1166_1_2_K03.out.bam","1166_1_2_K03","PB",FALSE
"149","onefilepercell_JR1166_1_1_B02_and_others_N8PVQ:JR1166_1_2_K04.out.bam","1166_1_2_K04","PB",FALSE
"150","onefilepercell_JR1166_1_1_B02_and_others_N8PVQ:JR1166_1_2_K05.out.bam","1166_1_2_K05","PC",FALSE
"151","onefilepercell_JR1166_1_1_B02_and_others_N8PVQ:JR1166_1_2_K06.out.bam","1166_1_2_K06","PB",FALSE
"152","onefilepercell_JR1166_1_1_B02_and_others_N8PVQ:JR1166_1_2_K07.out.bam","1166_1_2_K07","PB",FALSE
"153","onefilepercell_JR1166_1_1_B02_and_others_N8PVQ:JR1166_1_2_K08.out.bam","1166_1_2_K08","PB",FALSE
"154","onefilepercell_JR1166_1_1_B02_and_others_N8PVQ:JR1166_1_2_K09.out.bam","1166_1_2_K09","PB",FALSE
"155","onefilepercell_JR1166_1_1_B02_and_others_N8PVQ:JR1166_1_2_K10.out.bam","1166_1_2_K10","PC",FALSE
"156","onefilepercell_JR1166_1_1_B02_and_others_N8PVQ:JR1166_1_2_K11.out.bam","1166_1_2_K11","PB",FALSE
"157","onefilepercell_JR1166_1_1_B02_and_others_N8PVQ:JR1166_1_2_K12.out.bam","1166_1_2_K12","PB",FALSE
"158","onefilepercell_JR1166_1_1_B02_and_others_N8PVQ:JR1166_1_2_K15.out.bam","1166_1_2_K15","PB",FALSE
"159","onefilepercell_JR1166_1_1_B02_and_others_N8PVQ:JR1166_1_2_K16.out.bam","1166_1_2_K16","MBC",FALSE
"160","onefilepercell_JR1166_1_1_B02_and_others_N8PVQ:JR1166_1_2_L02.out.bam","1166_1_2_L02","PC",FALSE
"161","onefilepercell_JR1166_1_1_B02_and_others_N8PVQ:JR1166_1_2_L03.out.bam","1166_1_2_L03","PB",FALSE
"162","onefilepercell_JR1166_1_1_B02_and_others_N8PVQ:JR1166_1_2_L04.out.bam","1166_1_2_L04","PB",FALSE
"163","onefilepercell_JR1166_1_1_B02_and_others_N8PVQ:JR1166_1_2_L05.out.bam","1166_1_2_L05","Undefined",TRUE
"164","onefilepercell_JR1166_1_1_B02_and_others_N8PVQ:JR1166_1_2_L06.out.bam","1166_1_2_L06","PB",FALSE
"165","onefilepercell_JR1166_1_1_B02_and_others_N8PVQ:JR1166_1_2_L07.out.bam","1166_1_2_L07","PC",FALSE
"166","onefilepercell_JR1166_1_1_B02_and_others_N8PVQ:JR1166_1_2_L08.out.bam","1166_1_2_L08","PB",FALSE
"167","onefilepercell_JR1166_1_1_B02_and_others_N8PVQ:JR1166_1_2_L09.out.bam","1166_1_2_L09","MBC",FALSE
"168","onefilepercell_JR1166_1_1_B02_and_others_N8PVQ:JR1166_1_2_L10.out.bam","1166_1_2_L10","PC",FALSE
"169","onefilepercell_JR1166_1_1_B02_and_others_N8PVQ:JR1166_1_2_L12.out.bam","1166_1_2_L12","PB",FALSE
"170","onefilepercell_JR1166_1_1_B02_and_others_N8PVQ:JR1166_1_2_L13.out.bam","1166_1_2_L13","PB",FALSE
"171","onefilepercell_JR1166_1_1_B02_and_others_N8PVQ:JR1166_1_2_L14.out.bam","1166_1_2_L14","PB",FALSE
"172","onefilepercell_JR1166_1_1_B02_and_others_N8PVQ:JR1166_1_2_L15.out.bam","1166_1_2_L15","PB",FALSE
"173","onefilepercell_JR1166_1_1_B02_and_others_N8PVQ:JR1166_1_2_L16.out.bam","1166_1_2_L16","prePB",FALSE
"174","onefilepercell_JR1166_1_1_B02_and_others_N8PVQ:JR1166_1_2_M02.out.bam","1166_1_2_M02","PB",FALSE
"175","onefilepercell_JR1166_1_1_B02_and_others_N8PVQ:JR1166_1_2_M03.out.bam","1166_1_2_M03","PB",FALSE
"176","onefilepercell_JR1166_1_1_B02_and_others_N8PVQ:JR1166_1_2_M04.out.bam","1166_1_2_M04","PB",FALSE
"177","onefilepercell_JR1166_1_1_B02_and_others_N8PVQ:JR1166_1_2_M05.out.bam","1166_1_2_M05","PB",FALSE
"178","onefilepercell_JR1166_1_1_B02_and_others_N8PVQ:JR1166_1_2_M06.out.bam","1166_1_2_M06","MBC",FALSE
"179","onefilepercell_JR1166_1_1_B02_and_others_N8PVQ:JR1166_1_2_M07.out.bam","1166_1_2_M07","PB",FALSE
"180","onefilepercell_JR1166_1_1_B02_and_others_N8PVQ:JR1166_1_2_M08.out.bam","1166_1_2_M08","PB",FALSE
"181","onefilepercell_JR1166_1_1_B02_and_others_N8PVQ:JR1166_1_2_M09.out.bam","1166_1_2_M09","PC",FALSE
"182","onefilepercell_JR1166_1_1_B02_and_others_N8PVQ:JR1166_1_2_M10.out.bam","1166_1_2_M10","MBC",FALSE
"183","onefilepercell_JR1166_1_1_B02_and_others_N8PVQ:JR1166_1_2_M11.out.bam","1166_1_2_M11","PB",FALSE
"184","onefilepercell_JR1166_1_1_B02_and_others_N8PVQ:JR1166_1_2_M12.out.bam","1166_1_2_M12","Undefined",TRUE
"185","onefilepercell_JR1166_1_1_B02_and_others_N8PVQ:JR1166_1_2_M13.out.bam","1166_1_2_M13","Undefined",TRUE
"186","onefilepercell_JR1166_1_1_B02_and_others_N8PVQ:JR1166_1_2_M14.out.bam","1166_1_2_M14","Undefined",TRUE
"187","onefilepercell_JR1166_1_1_B02_and_others_N8PVQ:JR1166_1_2_M15.out.bam","1166_1_2_M15","PB",FALSE
"188","onefilepercell_JR1166_1_1_B02_and_others_N8PVQ:JR1166_1_2_M16.out.bam","1166_1_2_M16","PB",FALSE
"189","onefilepercell_JR1166_1_1_B02_and_others_N8PVQ:JR1166_1_2_N01.out.bam","1166_1_2_N01","PC",FALSE
"190","onefilepercell_JR1166_1_1_B02_and_others_N8PVQ:JR1166_1_2_N02.out.bam","1166_1_2_N02","PB",FALSE
"191","onefilepercell_JR1166_1_1_B02_and_others_N8PVQ:JR1166_1_2_N03.out.bam","1166_1_2_N03","PB",FALSE
"192","onefilepercell_JR1166_1_1_B02_and_others_N8PVQ:JR1166_1_2_N05.out.bam","1166_1_2_N05","PB",FALSE
"193","onefilepercell_JR1166_1_1_B02_and_others_N8PVQ:JR1166_1_2_N07.out.bam","1166_1_2_N07","PB",FALSE
"194","onefilepercell_JR1166_1_1_B02_and_others_N8PVQ:JR1166_1_2_N08.out.bam","1166_1_2_N08","MBC",FALSE
"195","onefilepercell_JR1166_1_1_B02_and_others_N8PVQ:JR1166_1_2_N09.out.bam","1166_1_2_N09","PB",FALSE
"196","onefilepercell_JR1166_1_1_B02_and_others_N8PVQ:JR1166_1_2_N10.out.bam","1166_1_2_N10","PC",FALSE
"197","onefilepercell_JR1166_1_1_B02_and_others_N8PVQ:JR1166_1_2_N11.out.bam","1166_1_2_N11","PB",FALSE
"198","onefilepercell_JR1166_1_1_B02_and_others_N8PVQ:JR1166_1_2_N12.out.bam","1166_1_2_N12","PB",FALSE
"199","onefilepercell_JR1166_1_1_B02_and_others_N8PVQ:JR1166_1_2_N13.out.bam","1166_1_2_N13","PB",FALSE
"200","onefilepercell_JR1166_1_1_B02_and_others_N8PVQ:JR1166_1_2_N14.out.bam","1166_1_2_N14","PC",FALSE
"201","onefilepercell_JR1166_1_1_B02_and_others_N8PVQ:JR1166_1_2_N15.out.bam","1166_1_2_N15","MBC",FALSE
"202","onefilepercell_JR1166_1_1_B02_and_others_N8PVQ:JR1166_1_2_O02.out.bam","1166_1_2_O02","PB",FALSE
"203","onefilepercell_JR1166_1_1_B02_and_others_N8PVQ:JR1166_1_2_O03.out.bam","1166_1_2_O03","prePB",FALSE
"204","onefilepercell_JR1166_1_1_B02_and_others_N8PVQ:JR1166_1_2_O04.out.bam","1166_1_2_O04","PB",FALSE
"205","onefilepercell_JR1166_1_1_B02_and_others_N8PVQ:JR1166_1_2_O06.out.bam","1166_1_2_O06","PB",FALSE
"206","onefilepercell_JR1166_1_1_B02_and_others_N8PVQ:JR1166_1_2_O08.out.bam","1166_1_2_O08","PC",FALSE
"207","onefilepercell_JR1166_1_1_B02_and_others_N8PVQ:JR1166_1_2_O09.out.bam","1166_1_2_O09","PB",FALSE
"208","onefilepercell_JR1166_1_1_B02_and_others_N8PVQ:JR1166_1_2_O11.out.bam","1166_1_2_O11","PB",FALSE
"209","onefilepercell_JR1166_1_1_B02_and_others_N8PVQ:JR1166_1_2_O13.out.bam","1166_1_2_O13","MBC",FALSE
"210","onefilepercell_JR1166_1_1_B02_and_others_N8PVQ:JR1166_1_2_O15.out.bam","1166_1_2_O15","PB",FALSE
"211","onefilepercell_JR1166_1_1_B02_and_others_N8PVQ:JR1166_1_2_O16.out.bam","1166_1_2_O16","PB",FALSE
"212","onefilepercell_JR1166_1_1_B02_and_others_N8PVQ:JR1166_1_2_P03.out.bam","1166_1_2_P03","PB",FALSE
"213","onefilepercell_JR1166_1_1_B02_and_others_N8PVQ:JR1166_1_2_P04.out.bam","1166_1_2_P04","MBC",FALSE
"214","onefilepercell_JR1166_1_1_B02_and_others_N8PVQ:JR1166_1_2_P05.out.bam","1166_1_2_P05","PB",FALSE
"215","onefilepercell_JR1166_1_1_B02_and_others_N8PVQ:JR1166_1_2_P06.out.bam","1166_1_2_P06","PB",FALSE
"216","onefilepercell_JR1166_1_1_B02_and_others_N8PVQ:JR1166_1_2_P07.out.bam","1166_1_2_P07","Undefined",TRUE
"217","onefilepercell_JR1166_1_1_B02_and_others_N8PVQ:JR1166_1_2_P09.out.bam","1166_1_2_P09","PB",FALSE
"218","onefilepercell_JR1166_1_1_B02_and_others_N8PVQ:JR1166_1_2_P10.out.bam","1166_1_2_P10","MBC",FALSE
"219","onefilepercell_JR1166_1_1_B02_and_others_N8PVQ:JR1166_1_2_P11.out.bam","1166_1_2_P11","PC",FALSE
"220","onefilepercell_JR1166_1_1_B02_and_others_N8PVQ:JR1166_1_2_P12.out.bam","1166_1_2_P12","PB",FALSE
"221","onefilepercell_JR1166_1_1_B02_and_others_N8PVQ:JR1166_1_2_P13.out.bam","1166_1_2_P13","MBC",FALSE
"222","onefilepercell_JR1166_1_1_B02_and_others_N8PVQ:JR1166_1_2_P14.out.bam","1166_1_2_P14","PC",FALSE
"223","onefilepercell_JR1166_1_1_B02_and_others_N8PVQ:JR1166_1_2_P15.out.bam","1166_1_2_P15","PB",FALSE
"224","onefilepercell_JR1166_1_1_B02_and_others_N8PVQ:JR1166_1_2_P16.out.bam","1166_1_2_P16","PB",FALSE
"225","onefilepercell_JR1227_1_1_A05_and_others_LBT7E:JR1227_1_1_A05.out.bam","1227_1_1_A05","MBC",FALSE
"226","onefilepercell_JR1227_1_1_A05_and_others_LBT7E:JR1227_1_1_B08.out.bam","1227_1_1_B08","MBC",FALSE
"227","onefilepercell_JR1227_1_1_A05_and_others_LBT7E:JR1227_1_1_C06.out.bam","1227_1_1_C06","MBC",FALSE
"228","onefilepercell_JR1227_1_1_A05_and_others_LBT7E:JR1227_1_1_D15.out.bam","1227_1_1_D15","Undefined",TRUE
"229","onefilepercell_JR1227_1_1_A05_and_others_LBT7E:JR1227_1_1_E05.out.bam","1227_1_1_E05","MBC",FALSE
"230","onefilepercell_JR1227_1_1_A05_and_others_LBT7E:JR1227_1_1_F04.out.bam","1227_1_1_F04","PB",FALSE
"231","onefilepercell_JR1227_1_1_A05_and_others_LBT7E:JR1227_1_1_G08.out.bam","1227_1_1_G08","MBC",FALSE
"232","onefilepercell_JR1227_1_1_A05_and_others_LBT7E:JR1227_1_1_H05.out.bam","1227_1_1_H05","MBC",FALSE
"233","onefilepercell_JR1227_1_1_A05_and_others_LBT7E:JR1227_1_1_H12.out.bam","1227_1_1_H12","MBC",FALSE
"234","onefilepercell_JR1227_1_1_A05_and_others_LBT7E:JR1227_1_1_H18.out.bam","1227_1_1_H18","MBC",FALSE
"235","onefilepercell_JR1227_1_1_A05_and_others_LBT7E:JR1227_1_1_J08.out.bam","1227_1_1_J08","Undefined",TRUE
"236","onefilepercell_JR1227_1_1_A05_and_others_LBT7E:JR1227_1_1_K05.out.bam","1227_1_1_K05","MBC",FALSE
"237","onefilepercell_JR1227_1_1_A05_and_others_LBT7E:JR1227_1_1_K07.out.bam","1227_1_1_K07","MBC",FALSE
"238","onefilepercell_JR1227_1_1_A05_and_others_LBT7E:JR1227_1_1_M19.out.bam","1227_1_1_M19","PB",FALSE
"239","onefilepercell_JR1227_1_1_A05_and_others_LBT7E:JR1227_1_1_N02.out.bam","1227_1_1_N02","PC",FALSE
"240","onefilepercell_JR1227_1_1_A05_and_others_LBT7E:JR1227_1_2_A02.out.bam","1227_1_2_A02","MBC",FALSE
"241","onefilepercell_JR1227_1_1_A05_and_others_LBT7E:JR1227_1_2_A04.out.bam","1227_1_2_A04","PB",FALSE
"242","onefilepercell_JR1227_1_1_A05_and_others_LBT7E:JR1227_1_2_A05.out.bam","1227_1_2_A05","Undefined",TRUE
"243","onefilepercell_JR1227_1_1_A05_and_others_LBT7E:JR1227_1_2_A06.out.bam","1227_1_2_A06","Undefined",TRUE
"244","onefilepercell_JR1227_1_1_A05_and_others_LBT7E:JR1227_1_2_B02.out.bam","1227_1_2_B02","MBC",FALSE
"245","onefilepercell_JR1227_1_1_A05_and_others_LBT7E:JR1227_1_2_B06.out.bam","1227_1_2_B06","MBC",FALSE
"246","onefilepercell_JR1227_1_1_A05_and_others_LBT7E:JR1227_1_2_B07.out.bam","1227_1_2_B07","PB",FALSE
"247","onefilepercell_JR1227_1_1_A05_and_others_LBT7E:JR1227_1_2_B08.out.bam","1227_1_2_B08","PB",FALSE
"248","onefilepercell_JR1227_1_1_A05_and_others_LBT7E:JR1227_1_2_C02.out.bam","1227_1_2_C02","MBC",FALSE
"249","onefilepercell_JR1227_1_1_A05_and_others_LBT7E:JR1227_1_2_C04.out.bam","1227_1_2_C04","PB",FALSE
"250","onefilepercell_JR1227_1_1_A05_and_others_LBT7E:JR1227_1_2_C07.out.bam","1227_1_2_C07","MBC",FALSE
"251","onefilepercell_JR1227_1_1_A05_and_others_LBT7E:JR1227_1_2_D02.out.bam","1227_1_2_D02","MBC",FALSE
"252","onefilepercell_JR1227_1_1_A05_and_others_LBT7E:JR1227_1_2_D03.out.bam","1227_1_2_D03","PC",FALSE
"253","onefilepercell_JR1227_1_1_A05_and_others_LBT7E:JR1227_1_2_D05.out.bam","1227_1_2_D05","MBC",FALSE
"254","onefilepercell_JR1227_1_1_A05_and_others_LBT7E:JR1227_1_2_D07.out.bam","1227_1_2_D07","Undefined",TRUE
"255","onefilepercell_JR1227_1_1_A05_and_others_LBT7E:JR1227_1_2_E01.out.bam","1227_1_2_E01","Undefined",TRUE
"256","onefilepercell_JR1227_1_1_A05_and_others_LBT7E:JR1227_1_2_E02.out.bam","1227_1_2_E02","PB",FALSE
"257","onefilepercell_JR1227_1_1_A05_and_others_LBT7E:JR1227_1_2_E03.out.bam","1227_1_2_E03","PC",FALSE
"258","onefilepercell_JR1227_1_1_A05_and_others_LBT7E:JR1227_1_2_E06.out.bam","1227_1_2_E06","MBC",FALSE
"259","onefilepercell_JR1227_1_1_A05_and_others_LBT7E:JR1227_1_2_F01.out.bam","1227_1_2_F01","MBC",FALSE
"260","onefilepercell_JR1227_1_1_A05_and_others_LBT7E:JR1227_1_2_F02.out.bam","1227_1_2_F02","MBC",FALSE
"261","onefilepercell_JR1227_1_1_A05_and_others_LBT7E:JR1227_1_2_F07.out.bam","1227_1_2_F07","MBC",FALSE
"262","onefilepercell_JR1227_1_1_A05_and_others_LBT7E:JR1227_1_2_G07.out.bam","1227_1_2_G07","MBC",FALSE
"263","onefilepercell_JR1227_1_1_A05_and_others_LBT7E:JR1227_1_2_H01.out.bam","1227_1_2_H01","MBC",FALSE
"264","onefilepercell_JR1227_1_1_A05_and_others_LBT7E:JR1227_1_2_H03.out.bam","1227_1_2_H03","MBC",FALSE
"265","onefilepercell_JR1227_1_1_A05_and_others_LBT7E:JR1227_1_2_H05.out.bam","1227_1_2_H05","PC",FALSE
"266","onefilepercell_JR1227_1_1_A05_and_others_LBT7E:JR1227_1_2_H07.out.bam","1227_1_2_H07","PB",FALSE
"267","onefilepercell_JR1227_1_1_A05_and_others_LBT7E:JR1227_1_2_H08.out.bam","1227_1_2_H08","PB",FALSE
"268","onefilepercell_JR1227_1_1_A05_and_others_LBT7E:JR1227_1_2_I03.out.bam","1227_1_2_I03","PC",FALSE
"269","onefilepercell_JR1227_1_1_A05_and_others_LBT7E:JR1227_1_2_I05.out.bam","1227_1_2_I05","PC",FALSE
"270","onefilepercell_JR1227_1_1_A05_and_others_LBT7E:JR1227_1_2_I06.out.bam","1227_1_2_I06","MBC",FALSE
"271","onefilepercell_JR1227_1_1_A05_and_others_LBT7E:JR1227_1_2_I07.out.bam","1227_1_2_I07","PB",FALSE
"272","onefilepercell_JR1227_1_1_A05_and_others_LBT7E:JR1227_1_2_I08.out.bam","1227_1_2_I08","PB",FALSE
"273","onefilepercell_JR1227_1_1_A05_and_others_LBT7E:JR1227_1_2_J01.out.bam","1227_1_2_J01","PB",FALSE
"274","onefilepercell_JR1227_1_1_A05_and_others_LBT7E:JR1227_1_2_J02.out.bam","1227_1_2_J02","MBC",FALSE
"275","onefilepercell_JR1227_1_1_A05_and_others_LBT7E:JR1227_1_2_J04.out.bam","1227_1_2_J04","PC",FALSE
"276","onefilepercell_JR1227_1_1_A05_and_others_LBT7E:JR1227_1_2_J05.out.bam","1227_1_2_J05","PB",FALSE
"277","onefilepercell_JR1227_1_1_A05_and_others_LBT7E:JR1227_1_2_J08.out.bam","1227_1_2_J08","Undefined",TRUE
"278","onefilepercell_JR1227_1_1_A05_and_others_LBT7E:JR1227_1_2_K01.out.bam","1227_1_2_K01","Undefined",TRUE
"279","onefilepercell_JR1227_1_1_A05_and_others_LBT7E:JR1227_1_2_K02.out.bam","1227_1_2_K02","PB",FALSE
"280","onefilepercell_JR1227_1_1_A05_and_others_LBT7E:JR1227_1_2_K03.out.bam","1227_1_2_K03","PC",FALSE
"281","onefilepercell_JR1227_1_1_A05_and_others_LBT7E:JR1227_1_2_K05.out.bam","1227_1_2_K05","PC",FALSE
"282","onefilepercell_JR1227_1_1_A05_and_others_LBT7E:JR1227_1_2_K07.out.bam","1227_1_2_K07","MBC",FALSE
"283","onefilepercell_JR1227_1_1_A05_and_others_LBT7E:JR1227_1_2_L01.out.bam","1227_1_2_L01","Undefined",TRUE
"284","onefilepercell_JR1227_1_1_A05_and_others_LBT7E:JR1227_1_2_L02.out.bam","1227_1_2_L02","PC",FALSE
"285","onefilepercell_JR1227_1_1_A05_and_others_LBT7E:JR1227_1_2_L03.out.bam","1227_1_2_L03","MBC",FALSE
"286","onefilepercell_JR1227_1_1_A05_and_others_LBT7E:JR1227_1_2_L04.out.bam","1227_1_2_L04","PC",FALSE
"287","onefilepercell_JR1227_1_1_A05_and_others_LBT7E:JR1227_1_2_L07.out.bam","1227_1_2_L07","PB",FALSE
"288","onefilepercell_JR1227_1_1_A05_and_others_LBT7E:JR1227_1_2_M02.out.bam","1227_1_2_M02","MBC",FALSE
"289","onefilepercell_JR1227_1_1_A05_and_others_LBT7E:JR1227_1_2_M04.out.bam","1227_1_2_M04","PB",FALSE
"290","onefilepercell_JR1227_1_1_A05_and_others_LBT7E:JR1227_1_2_M07.out.bam","1227_1_2_M07","MBC",FALSE
"291","onefilepercell_JR1227_1_1_A05_and_others_LBT7E:JR1227_1_2_M08.out.bam","1227_1_2_M08","PB",FALSE
"292","onefilepercell_JR1227_1_1_A05_and_others_LBT7E:JR1227_1_2_N03.out.bam","1227_1_2_N03","MBC",FALSE
"293","onefilepercell_JR1227_1_1_A05_and_others_LBT7E:JR1227_1_2_N06.out.bam","1227_1_2_N06","Undefined",TRUE
"294","onefilepercell_JR1227_1_1_A05_and_others_LBT7E:JR1227_1_2_O03.out.bam","1227_1_2_O03","PB",FALSE
"295","onefilepercell_JR1227_1_1_A05_and_others_LBT7E:JR1227_1_2_O05.out.bam","1227_1_2_O05","Undefined",TRUE
"296","onefilepercell_JR1227_1_1_A05_and_others_LBT7E:JR1227_1_2_O06.out.bam","1227_1_2_O06","MBC",FALSE
"297","onefilepercell_JR1227_1_1_A05_and_others_LBT7E:JR1227_1_2_O07.out.bam","1227_1_2_O07","PB",FALSE
"298","onefilepercell_JR1227_1_1_A05_and_others_LBT7E:JR1227_1_2_P01.out.bam","1227_1_2_P01","PC",FALSE
"299","onefilepercell_JR1227_1_1_A05_and_others_LBT7E:JR1227_1_2_P04.out.bam","1227_1_2_P04","Undefined",TRUE
"300","onefilepercell_JR1227_1_1_A05_and_others_LBT7E:JR1227_1_2_P05.out.bam","1227_1_2_P05","PB",FALSE
"301","onefilepercell_JR1227_1_1_A05_and_others_LBT7E:JR1227_1_2_P07.out.bam","1227_1_2_P07","Undefined",TRUE
"302","onefilepercell_JR1227_1_1_A05_and_others_LBT7E:JR1227_1_2_P08.out.bam","1227_1_2_P08","MBC",FALSE
"303","onefilepercell_JR1227_1_1_A05_and_others_LBT7E:JR1227_1_3_A03.out.bam","1227_1_3_A03","MBC",FALSE
"304","onefilepercell_JR1227_1_1_A05_and_others_LBT7E:JR1227_1_3_D01.out.bam","1227_1_3_D01","Undefined",TRUE
"305","onefilepercell_JR1227_1_1_A05_and_others_LBT7E:JR1227_1_3_D02.out.bam","1227_1_3_D02","MBC",FALSE
"306","onefilepercell_JR1227_1_1_A05_and_others_LBT7E:JR1227_1_3_E01.out.bam","1227_1_3_E01","prePB",FALSE
"307","onefilepercell_JR1227_1_1_A05_and_others_LBT7E:JR1227_1_3_E02.out.bam","1227_1_3_E02","Undefined",TRUE
"308","onefilepercell_JR1227_1_1_A05_and_others_LBT7E:JR1227_1_3_E03.out.bam","1227_1_3_E03","MBC",FALSE
"309","onefilepercell_JR1227_1_1_A05_and_others_LBT7E:JR1227_1_3_H02.out.bam","1227_1_3_H02","PB",FALSE
"310","onefilepercell_JR1227_1_1_A05_and_others_LBT7E:JR1227_1_3_I01.out.bam","1227_1_3_I01","prePB",FALSE
"311","onefilepercell_JR1227_1_1_A05_and_others_LBT7E:JR1227_1_3_I02.out.bam","1227_1_3_I02","Undefined",TRUE
"312","onefilepercell_JR1227_1_1_A05_and_others_LBT7E:JR1227_1_3_J01.out.bam","1227_1_3_J01","prePB",FALSE
"313","onefilepercell_JR1227_1_1_A05_and_others_LBT7E:JR1227_1_3_J02.out.bam","1227_1_3_J02","PB",FALSE
"314","onefilepercell_JR1227_1_1_A05_and_others_LBT7E:JR1227_1_3_K01.out.bam","1227_1_3_K01","PC",FALSE
"315","onefilepercell_JR1227_1_1_A05_and_others_LBT7E:JR1227_1_3_L01.out.bam","1227_1_3_L01","MBC",FALSE
"316","onefilepercell_JR1227_1_1_A05_and_others_LBT7E:JR1227_1_3_L02.out.bam","1227_1_3_L02","PB",FALSE
"317","onefilepercell_JR1227_1_1_A05_and_others_LBT7E:JR1227_1_3_N02.out.bam","1227_1_3_N02","MBC",FALSE
"318","onefilepercell_JR1227_1_1_A05_and_others_LBT7E:JR1227_1_3_P01.out.bam","1227_1_3_P01","MBC",FALSE
"319","onefilepercell_JR1227_1_1_A05_and_others_LBT7E:JR1227_1_3_P02.out.bam","1227_1_3_P02","Undefined",TRUE
"320","onefilepercell_JR1284_1_1_A12_and_others_O2FQT:JR1284_1_1_A12.out.bam","1284_1_1_A12","MBC",FALSE
"321","onefilepercell_JR1284_1_1_A12_and_others_O2FQT:JR1284_1_1_D04.out.bam","1284_1_1_D04","MBC",FALSE
"322","onefilepercell_JR1284_1_1_A12_and_others_O2FQT:JR1284_1_1_E04.out.bam","1284_1_1_E04","MBC",FALSE
"323","onefilepercell_JR1284_1_1_A12_and_others_O2FQT:JR1284_1_1_F09.out.bam","1284_1_1_F09","MBC",FALSE
"324","onefilepercell_JR1284_1_1_A12_and_others_O2FQT:JR1284_1_1_H07.out.bam","1284_1_1_H07","PB",FALSE
"325","onefilepercell_JR1284_1_1_A12_and_others_O2FQT:JR1284_1_1_K08.out.bam","1284_1_1_K08","MBC",FALSE
"326","onefilepercell_JR1284_1_1_A12_and_others_O2FQT:JR1284_1_1_K12.out.bam","1284_1_1_K12","Undefined",TRUE
"327","onefilepercell_JR1284_1_1_A12_and_others_O2FQT:JR1284_1_2_A02.out.bam","1284_1_2_A02","MBC",FALSE
"328","onefilepercell_JR1284_1_1_A12_and_others_O2FQT:JR1284_1_2_O04.out.bam","1284_1_2_O04","PB",FALSE
"329","onefilepercell_JR1284_1_1_A12_and_others_O2FQT:JR1284_1_3_A04.out.bam","1284_1_3_A04","MBC",FALSE
"330","onefilepercell_JR1284_1_1_A12_and_others_O2FQT:JR1284_1_3_B12.out.bam","1284_1_3_B12","Undefined",TRUE
"331","onefilepercell_JR1284_1_1_A12_and_others_O2FQT:JR1284_1_3_E08.out.bam","1284_1_3_E08","Undefined",TRUE
"332","onefilepercell_JR1284_1_1_A12_and_others_O2FQT:JR1284_1_3_G04.out.bam","1284_1_3_G04","MBC",FALSE
"333","onefilepercell_JR1284_1_1_A12_and_others_O2FQT:JR1284_1_3_G07.out.bam","1284_1_3_G07","Undefined",TRUE
"334","onefilepercell_JR1284_1_1_A12_and_others_O2FQT:JR1284_1_3_H04.out.bam","1284_1_3_H04","MBC",FALSE
"335","onefilepercell_JR1284_1_1_A12_and_others_O2FQT:JR1284_1_3_I02.out.bam","1284_1_3_I02","MBC",FALSE
"336","onefilepercell_JR1284_1_1_A12_and_others_O2FQT:JR1284_1_3_I07.out.bam","1284_1_3_I07","prePB",FALSE
"337","onefilepercell_JR1284_1_1_A12_and_others_O2FQT:JR1284_1_3_K02.out.bam","1284_1_3_K02","MBC",FALSE
"338","onefilepercell_JR1284_1_1_A12_and_others_O2FQT:JR1284_1_3_K06.out.bam","1284_1_3_K06","MBC",FALSE
"339","onefilepercell_JR1284_1_1_A12_and_others_O2FQT:JR1284_1_3_K11.out.bam","1284_1_3_K11","MBC",FALSE
"340","onefilepercell_JR1284_1_1_A12_and_others_O2FQT:JR1284_1_4_A03.out.bam","1284_1_4_A03","prePB",FALSE
"341","onefilepercell_JR1284_1_1_A12_and_others_O2FQT:JR1284_1_4_A05.out.bam","1284_1_4_A05","PC",FALSE
"342","onefilepercell_JR1284_1_1_A12_and_others_O2FQT:JR1284_1_4_A06.out.bam","1284_1_4_A06","MBC",FALSE
"343","onefilepercell_JR1284_1_1_A12_and_others_O2FQT:JR1284_1_4_B01.out.bam","1284_1_4_B01","MBC",FALSE
"344","onefilepercell_JR1284_1_1_A12_and_others_O2FQT:JR1284_1_4_B05.out.bam","1284_1_4_B05","PB",FALSE
"345","onefilepercell_JR1284_1_1_A12_and_others_O2FQT:JR1284_1_4_B06.out.bam","1284_1_4_B06","MBC",FALSE
"346","onefilepercell_JR1284_1_1_A12_and_others_O2FQT:JR1284_1_4_C01.out.bam","1284_1_4_C01","MBC",FALSE
"347","onefilepercell_JR1284_1_1_A12_and_others_O2FQT:JR1284_1_4_C03.out.bam","1284_1_4_C03","MBC",FALSE
"348","onefilepercell_JR1284_1_1_A12_and_others_O2FQT:JR1284_1_4_C05.out.bam","1284_1_4_C05","PB",FALSE
"349","onefilepercell_JR1284_1_1_A12_and_others_O2FQT:JR1284_1_4_C06.out.bam","1284_1_4_C06","PB",FALSE
"350","onefilepercell_JR1284_1_1_A12_and_others_O2FQT:JR1284_1_4_D01.out.bam","1284_1_4_D01","MBC",FALSE
"351","onefilepercell_JR1284_1_1_A12_and_others_O2FQT:JR1284_1_4_D02.out.bam","1284_1_4_D02","MBC",FALSE
"352","onefilepercell_JR1284_1_1_A12_and_others_O2FQT:JR1284_1_4_D03.out.bam","1284_1_4_D03","MBC",FALSE
"353","onefilepercell_JR1284_1_1_A12_and_others_O2FQT:JR1284_1_4_D04.out.bam","1284_1_4_D04","PB",FALSE
"354","onefilepercell_JR1284_1_1_A12_and_others_O2FQT:JR1284_1_4_D05.out.bam","1284_1_4_D05","MBC",FALSE
"355","onefilepercell_JR1284_1_1_A12_and_others_O2FQT:JR1284_1_4_D06.out.bam","1284_1_4_D06","MBC",FALSE
"356","onefilepercell_JR1284_1_1_A12_and_others_O2FQT:JR1284_1_4_E01.out.bam","1284_1_4_E01","PC",FALSE
"357","onefilepercell_JR1284_1_1_A12_and_others_O2FQT:JR1284_1_4_E03.out.bam","1284_1_4_E03","MBC",FALSE
"358","onefilepercell_JR1284_1_1_A12_and_others_O2FQT:JR1284_1_4_E05.out.bam","1284_1_4_E05","PB",FALSE
"359","onefilepercell_JR1284_1_1_A12_and_others_O2FQT:JR1284_1_4_G02.out.bam","1284_1_4_G02","MBC",FALSE
"360","onefilepercell_JR1284_1_1_A12_and_others_O2FQT:JR1284_1_4_G03.out.bam","1284_1_4_G03","MBC",FALSE
"361","onefilepercell_JR1284_1_1_A12_and_others_O2FQT:JR1284_1_4_G04.out.bam","1284_1_4_G04","Undefined",TRUE
"362","onefilepercell_JR1284_1_1_A12_and_others_O2FQT:JR1284_1_4_G05.out.bam","1284_1_4_G05","MBC",FALSE
"363","onefilepercell_JR1284_1_1_A12_and_others_O2FQT:JR1284_1_4_H01.out.bam","1284_1_4_H01","MBC",FALSE
"364","onefilepercell_JR1284_1_1_A12_and_others_O2FQT:JR1284_1_4_H02.out.bam","1284_1_4_H02","Undefined",TRUE
"365","onefilepercell_JR1284_1_1_A12_and_others_O2FQT:JR1284_1_4_H03.out.bam","1284_1_4_H03","MBC",FALSE
"366","onefilepercell_JR1284_1_1_A12_and_others_O2FQT:JR1284_1_4_H05.out.bam","1284_1_4_H05","MBC",FALSE
"367","onefilepercell_JR1284_1_1_A12_and_others_O2FQT:JR1284_1_4_I03.out.bam","1284_1_4_I03","Undefined",TRUE
"368","onefilepercell_JR1284_1_1_A12_and_others_O2FQT:JR1284_1_4_I04.out.bam","1284_1_4_I04","MBC",FALSE
"369","onefilepercell_JR1284_1_1_A12_and_others_O2FQT:JR1284_1_4_I05.out.bam","1284_1_4_I05","MBC",FALSE
"370","onefilepercell_JR1284_1_1_A12_and_others_O2FQT:JR1284_1_4_J02.out.bam","1284_1_4_J02","Undefined",TRUE
"371","onefilepercell_JR1284_1_1_A12_and_others_O2FQT:JR1284_1_4_J03.out.bam","1284_1_4_J03","MBC",FALSE
"372","onefilepercell_JR1284_1_1_A12_and_others_O2FQT:JR1284_1_4_J04.out.bam","1284_1_4_J04","Undefined",TRUE
"373","onefilepercell_JR1284_1_1_A12_and_others_O2FQT:JR1284_1_4_J05.out.bam","1284_1_4_J05","MBC",FALSE
"374","onefilepercell_JR1284_1_1_A12_and_others_O2FQT:JR1284_1_4_K01.out.bam","1284_1_4_K01","PB",FALSE
"375","onefilepercell_JR1284_1_1_A12_and_others_O2FQT:JR1284_1_4_K03.out.bam","1284_1_4_K03","MBC",FALSE
"376","onefilepercell_JR1284_1_1_A12_and_others_O2FQT:JR1284_1_4_K04.out.bam","1284_1_4_K04","MBC",FALSE
"377","onefilepercell_JR1284_1_1_A12_and_others_O2FQT:JR1284_1_4_K05.out.bam","1284_1_4_K05","MBC",FALSE
"378","onefilepercell_JR1284_1_1_A12_and_others_O2FQT:JR1284_1_4_K06.out.bam","1284_1_4_K06","MBC",FALSE
"379","onefilepercell_JR1284_1_1_A12_and_others_O2FQT:JR1284_1_4_L01.out.bam","1284_1_4_L01","MBC",FALSE
"380","onefilepercell_JR1284_1_1_A12_and_others_O2FQT:JR1284_1_4_L02.out.bam","1284_1_4_L02","PC",FALSE
"381","onefilepercell_JR1284_1_1_A12_and_others_O2FQT:JR1284_1_4_L04.out.bam","1284_1_4_L04","MBC",FALSE
"382","onefilepercell_JR1284_1_1_A12_and_others_O2FQT:JR1284_1_4_L06.out.bam","1284_1_4_L06","MBC",FALSE
"383","onefilepercell_JR1284_1_1_A12_and_others_O2FQT:JR1284_1_4_M01.out.bam","1284_1_4_M01","MBC",FALSE
"384","onefilepercell_JR1284_1_1_A12_and_others_O2FQT:JR1284_1_4_M04.out.bam","1284_1_4_M04","MBC",FALSE
"385","onefilepercell_JR1284_1_1_A12_and_others_O2FQT:JR1284_1_4_M05.out.bam","1284_1_4_M05","Undefined",TRUE
"386","onefilepercell_JR1284_1_1_A12_and_others_O2FQT:JR1284_1_4_M06.out.bam","1284_1_4_M06","PB",FALSE
"387","onefilepercell_JR1284_1_1_A12_and_others_O2FQT:JR1284_1_4_N01.out.bam","1284_1_4_N01","PB",FALSE
"388","onefilepercell_JR1284_1_1_A12_and_others_O2FQT:JR1284_1_4_N02.out.bam","1284_1_4_N02","MBC",FALSE
"389","onefilepercell_JR1284_1_1_A12_and_others_O2FQT:JR1284_1_4_N03.out.bam","1284_1_4_N03","PB",FALSE
"390","onefilepercell_JR1284_1_1_A12_and_others_O2FQT:JR1284_1_4_N04.out.bam","1284_1_4_N04","Undefined",TRUE
"391","onefilepercell_JR1284_1_1_A12_and_others_O2FQT:JR1284_1_4_N05.out.bam","1284_1_4_N05","MBC",FALSE
"392","onefilepercell_JR1284_1_1_A12_and_others_O2FQT:JR1284_1_4_N06.out.bam","1284_1_4_N06","MBC",FALSE
"393","onefilepercell_JR1284_1_1_A12_and_others_O2FQT:JR1284_1_4_O01.out.bam","1284_1_4_O01","PB",FALSE
"394","onefilepercell_JR1284_1_1_A12_and_others_O2FQT:JR1284_1_4_O02.out.bam","1284_1_4_O02","MBC",FALSE
"395","onefilepercell_JR1284_1_1_A12_and_others_O2FQT:JR1284_1_4_O03.out.bam","1284_1_4_O03","MBC",FALSE
"396","onefilepercell_JR1284_1_1_A12_and_others_O2FQT:JR1284_1_4_O05.out.bam","1284_1_4_O05","MBC",FALSE
"397","onefilepercell_JR1284_1_1_A12_and_others_O2FQT:JR1284_1_4_P05.out.bam","1284_1_4_P05","MBC",FALSE
"398","onefilepercell_JR1284_1_1_A12_and_others_O2FQT:JR1284_1_5_A02.out.bam","1284_1_5_A02","prePB",FALSE
"399","onefilepercell_JR1284_1_1_A12_and_others_O2FQT:JR1284_1_5_A04.out.bam","1284_1_5_A04","PC",FALSE
"400","onefilepercell_JR1284_1_1_A12_and_others_O2FQT:JR1284_1_5_A06.out.bam","1284_1_5_A06","PC",FALSE
"401","onefilepercell_JR1284_1_1_A12_and_others_O2FQT:JR1284_1_5_B01.out.bam","1284_1_5_B01","PB",FALSE
"402","onefilepercell_JR1284_1_1_A12_and_others_O2FQT:JR1284_1_5_B03.out.bam","1284_1_5_B03","MBC",FALSE
"403","onefilepercell_JR1284_1_1_A12_and_others_O2FQT:JR1284_1_5_B05.out.bam","1284_1_5_B05","MBC",FALSE
"404","onefilepercell_JR1284_1_1_A12_and_others_O2FQT:JR1284_1_5_B06.out.bam","1284_1_5_B06","MBC",FALSE
"405","onefilepercell_JR1284_1_1_A12_and_others_O2FQT:JR1284_1_5_C02.out.bam","1284_1_5_C02","Undefined",TRUE
"406","onefilepercell_JR1284_1_1_A12_and_others_O2FQT:JR1284_1_5_C03.out.bam","1284_1_5_C03","MBC",FALSE
"407","onefilepercell_JR1284_1_1_A12_and_others_O2FQT:JR1284_1_5_C06.out.bam","1284_1_5_C06","prePB",FALSE
"408","onefilepercell_JR1284_1_1_A12_and_others_O2FQT:JR1284_1_5_D02.out.bam","1284_1_5_D02","MBC",FALSE
"409","onefilepercell_JR1284_1_1_A12_and_others_O2FQT:JR1284_1_5_D03.out.bam","1284_1_5_D03","MBC",FALSE
"410","onefilepercell_JR1284_1_1_A12_and_others_O2FQT:JR1284_1_5_D04.out.bam","1284_1_5_D04","MBC",FALSE
"411","onefilepercell_JR1284_1_1_A12_and_others_O2FQT:JR1284_1_5_D05.out.bam","1284_1_5_D05","MBC",FALSE
"412","onefilepercell_JR1284_1_1_A12_and_others_O2FQT:JR1284_1_5_D06.out.bam","1284_1_5_D06","MBC",FALSE
"413","onefilepercell_JR1284_1_1_A12_and_others_O2FQT:JR1284_1_5_E02.out.bam","1284_1_5_E02","MBC",FALSE
"414","onefilepercell_JR1284_1_1_A12_and_others_O2FQT:JR1284_1_5_F01.out.bam","1284_1_5_F01","PB",FALSE
"415","onefilepercell_JR1284_1_1_A12_and_others_O2FQT:JR1284_1_5_F02.out.bam","1284_1_5_F02","Undefined",TRUE
"416","onefilepercell_JR1284_1_1_A12_and_others_O2FQT:JR1284_1_5_F03.out.bam","1284_1_5_F03","MBC",FALSE
"417","onefilepercell_JR1284_1_1_A12_and_others_O2FQT:JR1284_1_5_F05.out.bam","1284_1_5_F05","Undefined",TRUE
"418","onefilepercell_JR1284_1_1_A12_and_others_O2FQT:JR1284_1_5_F06.out.bam","1284_1_5_F06","PB",FALSE
"419","onefilepercell_JR1284_1_1_A12_and_others_O2FQT:JR1284_1_5_G01.out.bam","1284_1_5_G01","Undefined",TRUE
"420","onefilepercell_JR1284_1_1_A12_and_others_O2FQT:JR1284_1_5_G04.out.bam","1284_1_5_G04","Undefined",TRUE
"421","onefilepercell_JR1284_1_1_A12_and_others_O2FQT:JR1284_1_5_G05.out.bam","1284_1_5_G05","Undefined",TRUE
"422","onefilepercell_JR1284_1_1_A12_and_others_O2FQT:JR1284_1_5_H01.out.bam","1284_1_5_H01","MBC",FALSE
"423","onefilepercell_JR1284_1_1_A12_and_others_O2FQT:JR1284_1_5_H02.out.bam","1284_1_5_H02","PB",FALSE
"424","onefilepercell_JR1284_1_1_A12_and_others_O2FQT:JR1284_1_5_H04.out.bam","1284_1_5_H04","Undefined",TRUE
"425","onefilepercell_JR1284_1_1_A12_and_others_O2FQT:JR1284_1_5_H05.out.bam","1284_1_5_H05","MBC",FALSE
"426","onefilepercell_JR1284_1_1_A12_and_others_O2FQT:JR1284_1_5_H06.out.bam","1284_1_5_H06","MBC",FALSE
"427","onefilepercell_JR1284_1_1_A12_and_others_O2FQT:JR1284_1_5_I01.out.bam","1284_1_5_I01","MBC",FALSE
"428","onefilepercell_JR1284_1_1_A12_and_others_O2FQT:JR1284_1_5_I04.out.bam","1284_1_5_I04","MBC",FALSE
"429","onefilepercell_JR1284_1_1_A12_and_others_O2FQT:JR1284_1_5_I05.out.bam","1284_1_5_I05","MBC",FALSE
"430","onefilepercell_JR1284_1_1_A12_and_others_O2FQT:JR1284_1_5_I06.out.bam","1284_1_5_I06","MBC",FALSE
"431","onefilepercell_JR1284_1_1_A12_and_others_O2FQT:JR1284_1_5_J01.out.bam","1284_1_5_J01","MBC",FALSE
"432","onefilepercell_JR1284_1_1_A12_and_others_O2FQT:JR1284_1_5_J03.out.bam","1284_1_5_J03","Undefined",TRUE
"433","onefilepercell_JR1284_1_1_A12_and_others_O2FQT:JR1284_1_5_J05.out.bam","1284_1_5_J05","PB",FALSE
"434","onefilepercell_JR1284_1_1_A12_and_others_O2FQT:JR1284_1_5_J06.out.bam","1284_1_5_J06","MBC",FALSE
"435","onefilepercell_JR1284_1_1_A12_and_others_O2FQT:JR1284_1_5_K02.out.bam","1284_1_5_K02","MBC",FALSE
"436","onefilepercell_JR1284_1_1_A12_and_others_O2FQT:JR1284_1_5_K03.out.bam","1284_1_5_K03","MBC",FALSE
"437","onefilepercell_JR1284_1_1_A12_and_others_O2FQT:JR1284_1_5_K04.out.bam","1284_1_5_K04","MBC",FALSE
"438","onefilepercell_JR1284_1_1_A12_and_others_O2FQT:JR1284_1_5_K05.out.bam","1284_1_5_K05","MBC",FALSE
"439","onefilepercell_JR1284_1_1_A12_and_others_O2FQT:JR1284_1_5_K06.out.bam","1284_1_5_K06","prePB",FALSE
"440","onefilepercell_JR1284_1_1_A12_and_others_O2FQT:JR1284_1_5_L02.out.bam","1284_1_5_L02","Undefined",TRUE
"441","onefilepercell_JR1284_1_1_A12_and_others_O2FQT:JR1284_1_5_L05.out.bam","1284_1_5_L05","Undefined",TRUE
"442","onefilepercell_JR1284_1_1_A12_and_others_O2FQT:JR1284_1_5_M03.out.bam","1284_1_5_M03","prePB",FALSE
"443","onefilepercell_JR1284_1_1_A12_and_others_O2FQT:JR1284_1_5_M04.out.bam","1284_1_5_M04","MBC",FALSE
"444","onefilepercell_JR1284_1_1_A12_and_others_O2FQT:JR1284_1_5_M05.out.bam","1284_1_5_M05","MBC",FALSE
"445","onefilepercell_JR1284_1_1_A12_and_others_O2FQT:JR1284_1_5_M06.out.bam","1284_1_5_M06","prePB",FALSE
"446","onefilepercell_JR1284_1_1_A12_and_others_O2FQT:JR1284_1_5_N01.out.bam","1284_1_5_N01","MBC",FALSE
"447","onefilepercell_JR1284_1_1_A12_and_others_O2FQT:JR1284_1_5_N03.out.bam","1284_1_5_N03","PB",FALSE
"448","onefilepercell_JR1284_1_1_A12_and_others_O2FQT:JR1284_1_5_N04.out.bam","1284_1_5_N04","PC",FALSE
"449","onefilepercell_JR1284_1_1_A12_and_others_O2FQT:JR1284_1_5_N06.out.bam","1284_1_5_N06","MBC",FALSE
"450","onefilepercell_JR1284_1_1_A12_and_others_O2FQT:JR1284_1_5_O01.out.bam","1284_1_5_O01","MBC",FALSE
"451","onefilepercell_JR1284_1_1_A12_and_others_O2FQT:JR1284_1_5_O03.out.bam","1284_1_5_O03","PB",FALSE
"452","onefilepercell_JR1284_1_1_A12_and_others_O2FQT:JR1284_1_5_O04.out.bam","1284_1_5_O04","MBC",FALSE
"453","onefilepercell_JR1284_1_1_A12_and_others_O2FQT:JR1284_1_5_O05.out.bam","1284_1_5_O05","PB",FALSE
"454","onefilepercell_JR1284_1_1_A12_and_others_O2FQT:JR1284_1_5_P01.out.bam","1284_1_5_P01","prePB",FALSE
"455","onefilepercell_JR1284_1_1_A12_and_others_O2FQT:JR1284_1_5_P03.out.bam","1284_1_5_P03","MBC",FALSE
"456","onefilepercell_JR1284_1_1_A12_and_others_O2FQT:JR1284_1_5_P04.out.bam","1284_1_5_P04","prePB",FALSE
"457","onefilepercell_JR1284_1_1_A12_and_others_O2FQT:JR1284_1_5_P05.out.bam","1284_1_5_P05","PB",FALSE
"458","onefilepercell_JR1284_1_1_A12_and_others_O2FQT:JR1284_1_6_A02.out.bam","1284_1_6_A02","PB",FALSE
"459","onefilepercell_JR1284_1_1_A12_and_others_O2FQT:JR1284_1_6_A03.out.bam","1284_1_6_A03","MBC",FALSE
"460","onefilepercell_JR1284_1_1_A12_and_others_O2FQT:JR1284_1_6_A04.out.bam","1284_1_6_A04","PC",FALSE
"461","onefilepercell_JR1284_1_1_A12_and_others_O2FQT:JR1284_1_6_A05.out.bam","1284_1_6_A05","PB",FALSE
"462","onefilepercell_JR1284_1_1_A12_and_others_O2FQT:JR1284_1_6_B01.out.bam","1284_1_6_B01","MBC",FALSE
"463","onefilepercell_JR1284_1_1_A12_and_others_O2FQT:JR1284_1_6_B02.out.bam","1284_1_6_B02","MBC",FALSE
"464","onefilepercell_JR1284_1_1_A12_and_others_O2FQT:JR1284_1_6_B03.out.bam","1284_1_6_B03","MBC",FALSE
"465","onefilepercell_JR1284_1_1_A12_and_others_O2FQT:JR1284_1_6_B04.out.bam","1284_1_6_B04","MBC",FALSE
"466","onefilepercell_JR1284_1_1_A12_and_others_O2FQT:JR1284_1_6_B05.out.bam","1284_1_6_B05","MBC",FALSE
"467","onefilepercell_JR1284_1_1_A12_and_others_O2FQT:JR1284_1_6_C01.out.bam","1284_1_6_C01","MBC",FALSE
"468","onefilepercell_JR1284_1_1_A12_and_others_O2FQT:JR1284_1_6_C02.out.bam","1284_1_6_C02","PC",FALSE
"469","onefilepercell_JR1284_1_1_A12_and_others_O2FQT:JR1284_1_6_C03.out.bam","1284_1_6_C03","MBC",FALSE
"470","onefilepercell_JR1284_1_1_A12_and_others_O2FQT:JR1284_1_6_C04.out.bam","1284_1_6_C04","PC",FALSE
"471","onefilepercell_JR1284_1_1_A12_and_others_O2FQT:JR1284_1_6_C05.out.bam","1284_1_6_C05","MBC",FALSE
"472","onefilepercell_JR1284_1_1_A12_and_others_O2FQT:JR1284_1_6_D01.out.bam","1284_1_6_D01","MBC",FALSE
"473","onefilepercell_JR1284_1_1_A12_and_others_O2FQT:JR1284_1_6_D02.out.bam","1284_1_6_D02","prePB",FALSE
"474","onefilepercell_JR1284_1_1_A12_and_others_O2FQT:JR1284_1_6_D03.out.bam","1284_1_6_D03","PC",FALSE
"475","onefilepercell_JR1284_1_1_A12_and_others_O2FQT:JR1284_1_6_D04.out.bam","1284_1_6_D04","Undefined",TRUE
"476","onefilepercell_JR1284_1_1_A12_and_others_O2FQT:JR1284_1_6_D05.out.bam","1284_1_6_D05","MBC",FALSE
"477","onefilepercell_JR1284_1_1_A12_and_others_O2FQT:JR1284_1_6_E01.out.bam","1284_1_6_E01","MBC",FALSE
"478","onefilepercell_JR1284_1_1_A12_and_others_O2FQT:JR1284_1_6_E02.out.bam","1284_1_6_E02","Undefined",TRUE
"479","onefilepercell_JR1284_1_1_A12_and_others_O2FQT:JR1284_1_6_E03.out.bam","1284_1_6_E03","MBC",FALSE
"480","onefilepercell_JR1284_1_1_A12_and_others_O2FQT:JR1284_1_6_E04.out.bam","1284_1_6_E04","PB",FALSE
"481","onefilepercell_JR1284_1_1_A12_and_others_O2FQT:JR1284_1_6_E05.out.bam","1284_1_6_E05","PB",FALSE
"482","onefilepercell_JR1284_1_1_A12_and_others_O2FQT:JR1284_1_6_F01.out.bam","1284_1_6_F01","PC",FALSE
"483","onefilepercell_JR1284_1_1_A12_and_others_O2FQT:JR1284_1_6_F02.out.bam","1284_1_6_F02","prePB",FALSE
"484","onefilepercell_JR1284_1_1_A12_and_others_O2FQT:JR1284_1_6_F03.out.bam","1284_1_6_F03","MBC",FALSE
"485","onefilepercell_JR1284_1_1_A12_and_others_O2FQT:JR1284_1_6_F04.out.bam","1284_1_6_F04","prePB",FALSE
"486","onefilepercell_JR1284_1_1_A12_and_others_O2FQT:JR1284_1_6_F05.out.bam","1284_1_6_F05","PC",FALSE
"487","onefilepercell_JR1284_1_1_A12_and_others_O2FQT:JR1284_1_6_G01.out.bam","1284_1_6_G01","Undefined",TRUE
"488","onefilepercell_JR1284_1_1_A12_and_others_O2FQT:JR1284_1_6_G02.out.bam","1284_1_6_G02","Undefined",TRUE
"489","onefilepercell_JR1284_1_1_A12_and_others_O2FQT:JR1284_1_6_G03.out.bam","1284_1_6_G03","Undefined",TRUE
"490","onefilepercell_JR1284_1_1_A12_and_others_O2FQT:JR1284_1_6_G04.out.bam","1284_1_6_G04","Undefined",TRUE
"491","onefilepercell_JR1284_1_1_A12_and_others_O2FQT:JR1284_1_6_G05.out.bam","1284_1_6_G05","PB",FALSE
"492","onefilepercell_JR1284_1_1_A12_and_others_O2FQT:JR1284_1_6_H01.out.bam","1284_1_6_H01","PC",FALSE
"493","onefilepercell_JR1284_1_1_A12_and_others_O2FQT:JR1284_1_6_H02.out.bam","1284_1_6_H02","PC",FALSE
"494","onefilepercell_JR1284_1_1_A12_and_others_O2FQT:JR1284_1_6_H03.out.bam","1284_1_6_H03","Undefined",TRUE
"495","onefilepercell_JR1284_1_1_A12_and_others_O2FQT:JR1284_1_6_H04.out.bam","1284_1_6_H04","prePB",FALSE
"496","onefilepercell_JR1284_1_1_A12_and_others_O2FQT:JR1284_1_6_H05.out.bam","1284_1_6_H05","MBC",FALSE
"497","onefilepercell_JR1284_1_1_A12_and_others_O2FQT:JR1284_1_6_I01.out.bam","1284_1_6_I01","PC",FALSE
"498","onefilepercell_JR1284_1_1_A12_and_others_O2FQT:JR1284_1_6_I02.out.bam","1284_1_6_I02","MBC",FALSE
"499","onefilepercell_JR1284_1_1_A12_and_others_O2FQT:JR1284_1_6_I03.out.bam","1284_1_6_I03","MBC",FALSE
"500","onefilepercell_JR1284_1_1_A12_and_others_O2FQT:JR1284_1_6_I04.out.bam","1284_1_6_I04","MBC",FALSE
"501","onefilepercell_JR1284_1_1_A12_and_others_O2FQT:JR1284_1_6_I05.out.bam","1284_1_6_I05","MBC",FALSE
"502","onefilepercell_JR1284_1_1_A12_and_others_O2FQT:JR1284_1_6_J01.out.bam","1284_1_6_J01","MBC",FALSE
"503","onefilepercell_JR1284_1_1_A12_and_others_O2FQT:JR1284_1_6_J02.out.bam","1284_1_6_J02","MBC",FALSE
"504","onefilepercell_JR1284_1_1_A12_and_others_O2FQT:JR1284_1_6_J03.out.bam","1284_1_6_J03","MBC",FALSE
"505","onefilepercell_JR1284_1_1_A12_and_others_O2FQT:JR1284_1_6_J04.out.bam","1284_1_6_J04","MBC",FALSE
"506","onefilepercell_JR1284_1_1_A12_and_others_O2FQT:JR1284_1_6_J05.out.bam","1284_1_6_J05","PC",FALSE
"507","onefilepercell_JR1284_1_1_A12_and_others_O2FQT:JR1284_1_6_K01.out.bam","1284_1_6_K01","MBC",FALSE
"508","onefilepercell_JR1284_1_1_A12_and_others_O2FQT:JR1284_1_6_K02.out.bam","1284_1_6_K02","MBC",FALSE
"509","onefilepercell_JR1284_1_1_A12_and_others_O2FQT:JR1284_1_6_K03.out.bam","1284_1_6_K03","MBC",FALSE
"510","onefilepercell_JR1284_1_1_A12_and_others_O2FQT:JR1284_1_6_K04.out.bam","1284_1_6_K04","MBC",FALSE
"511","onefilepercell_JR1284_1_1_A12_and_others_O2FQT:JR1284_1_6_K05.out.bam","1284_1_6_K05","MBC",FALSE
"512","onefilepercell_JR1284_1_1_A12_and_others_O2FQT:JR1284_1_6_L01.out.bam","1284_1_6_L01","PB",FALSE
"513","onefilepercell_JR1284_1_1_A12_and_others_O2FQT:JR1284_1_6_L02.out.bam","1284_1_6_L02","MBC",FALSE
"514","onefilepercell_JR1284_1_1_A12_and_others_O2FQT:JR1284_1_6_L03.out.bam","1284_1_6_L03","PB",FALSE
"515","onefilepercell_JR1284_1_1_A12_and_others_O2FQT:JR1284_1_6_L04.out.bam","1284_1_6_L04","PC",FALSE
"516","onefilepercell_JR1284_1_1_A12_and_others_O2FQT:JR1284_1_6_L05.out.bam","1284_1_6_L05","MBC",FALSE
"517","onefilepercell_JR1284_1_1_A12_and_others_O2FQT:JR1284_1_6_N01.out.bam","1284_1_6_N01","MBC",FALSE
"518","onefilepercell_JR1284_1_1_A12_and_others_O2FQT:JR1284_1_6_N02.out.bam","1284_1_6_N02","MBC",FALSE
"519","onefilepercell_JR1284_1_1_A12_and_others_O2FQT:JR1284_1_6_N03.out.bam","1284_1_6_N03","PB",FALSE
"520","onefilepercell_JR1284_1_1_A12_and_others_O2FQT:JR1284_1_6_N04.out.bam","1284_1_6_N04","MBC",FALSE
"521","onefilepercell_JR1284_1_1_A12_and_others_O2FQT:JR1284_1_6_P01.out.bam","1284_1_6_P01","MBC",FALSE
"522","onefilepercell_JR1284_1_1_A12_and_others_O2FQT:JR1284_1_6_P02.out.bam","1284_1_6_P02","PC",FALSE
"523","onefilepercell_JR1284_1_1_A12_and_others_O2FQT:JR1284_1_6_P03.out.bam","1284_1_6_P03","PB",FALSE
"524","onefilepercell_JR1284_1_1_A12_and_others_O2FQT:JR1284_1_6_P04.out.bam","1284_1_6_P04","PC",FALSE
