"","SampleID","MUX_ID","MUX_name","Patient","Visit","Celltype","Plate","WellPos","SeqTechnique","DENVspecificity","ClusterID","Isotype"
"RHB4840","RHB4840","MUX5158","RNA0159L3","LNA018","V2","PB","P1",19,"smartseq","nd","cluster1_2_4","nd"
"RHB4841","RHB4841","MUX5158","RNA0159L3","LNA018","V2","PB","P1",20,"smartseq","nd","cluster1_2_4","nd"
"RHB4842","RHB4842","MUX5158","RNA0159L3","LNA018","V2","PB","P1",21,"smartseq","nd","cluster1_2_4","nd"
"RHB4843","RHB4843","MUX5158","RNA0159L3","LNA018","V2","PB","P1",22,"smartseq","nd","cluster1_2_4","nd"
"RHB4844","RHB4844","MUX5158","RNA0159L3","LNA018","V2","PB","P1",23,"smartseq","nd","cluster1_2_4","nd"
"RHB4845","RHB4845","MUX5158","RNA0159L3","LNA018","V2","PB","P1",24,"smartseq","nd","cluster1_2_4","nd"
"RHB4846","RHB4846","MUX5158","RNA0159L3","LNA018","V2","PB","P1",25,"smartseq","nd","cluster1_2_4","nd"
"RHB4847","RHB4847","MUX5158","RNA0159L3","LNA018","V2","PB","P1",26,"smartseq","nd","cluster1_2_4","nd"
"RHB4848","RHB4848","MUX5158","RNA0159L3","LNA018","V2","PB","P1",27,"smartseq","nd","cluster1_2_4","nd"
"RHB4849","RHB4849","MUX5158","RNA0159L3","LNA018","V2","PB","P1",28,"smartseq","1","cluster1_2_4","nd"
"RHB4850","RHB4850","MUX5158","RNA0159L3","LNA018","V2","PB","P1",29,"smartseq","1","cluster1_2_4","nd"
"RHB4851","RHB4851","MUX5158","RNA0159L3","LNA018","V2","PB","P1",30,"smartseq","nd","cluster1_2_4","nd"
"RHB4852","RHB4852","MUX5158","RNA0159L3","LNA018","V2","PB","P1",31,"smartseq","nd","cluster1_2_4","nd"
"RHB4853","RHB4853","MUX5158","RNA0159L3","LNA018","V2","PB","P1",32,"smartseq","nd","cluster1_2_4","nd"
"RHB4854","RHB4854","MUX5158","RNA0159L3","LNA018","V2","PB","P1",33,"smartseq","nd","cluster1_2_4","nd"
"RHB4855","RHB4855","MUX5158","RNA0159L3","LNA018","V2","PB","P1",35,"smartseq","nd","cluster1_2_4","nd"
"RHB4856","RHB4856","MUX5158","RNA0159L3","LNA018","V2","PB","P1",36,"smartseq","nd","cluster1_2_4","nd"
"RHB4857","RHB4857","MUX5158","RNA0159L3","LNA018","V2","PB","P1",37,"smartseq","nd","cluster1_2_4","nd"
"RHB4858","RHB4858","MUX5158","RNA0159L3","LNA018","V2","PB","P1",38,"smartseq","nd","cluster1_2_4","nd"
"RHB4859","RHB4859","MUX5158","RNA0159L3","LNA018","V2","PB","P1",39,"smartseq","nd","cluster1_2_4","nd"
"RHB4860","RHB4860","MUX5158","RNA0159L3","LNA018","V2","PB","P1",40,"smartseq","1","cluster1_2_4","nd"
"RHB4861","RHB4861","MUX5158","RNA0159L3","LNA018","V2","PB","P1",41,"smartseq","nd","cluster1_2_4","nd"
"RHB4862","RHB4862","MUX5158","RNA0159L3","LNA018","V2","PB","P1",42,"smartseq","1","cluster1_2_4","nd"
"RHB4863","RHB4863","MUX5158","RNA0159L3","LNA018","V2","PB","P1",43,"smartseq","nd","cluster1_2_4","nd"
"RHB4864","RHB4864","MUX5158","RNA0159L3","LNA018","V2","PB","P1",44,"smartseq","nd","cluster1_2_4","nd"
"RHB4865","RHB4865","MUX5158","RNA0159L3","LNA018","V2","PB","P1",45,"smartseq","0","cluster1_2_4","nd"
"RHB4866","RHB4866","MUX5158","RNA0159L3","LNA018","V2","PB","P1",46,"smartseq","nd","cluster1_2_4","nd"
"RHB4867","RHB4867","MUX5158","RNA0159L3","LNA018","V2","PB","P1",47,"smartseq","nd","cluster_3","nd"
"RHB4868","RHB4868","MUX5158","RNA0159L3","LNA018","V2","PB","P1",48,"smartseq","nd","cluster1_2_4","nd"
"RHB4869","RHB4869","MUX5158","RNA0159L3","LNA018","V2","PB","P1",49,"smartseq","nd","cluster1_2_4","nd"
"RHB4870","RHB4870","MUX5158","RNA0159L3","LNA018","V2","PB","P1",50,"smartseq","nd","cluster1_2_4","nd"
"RHB4871","RHB4871","MUX5158","RNA0159L3","LNA018","V2","PB","P1",51,"smartseq","nd","cluster1_2_4","nd"
"RHB4872","RHB4872","MUX5158","RNA0159L3","LNA018","V2","PB","P1",52,"smartseq","nd","cluster1_2_4","nd"
"RHB4873","RHB4873","MUX5158","RNA0159L3","LNA018","V2","PB","P1",53,"smartseq","nd","cluster1_2_4","nd"
"RHB4874","RHB4874","MUX5158","RNA0159L3","LNA018","V2","PB","P1",54,"smartseq","nd","cluster1_2_4","nd"
"RHB4875","RHB4875","MUX5158","RNA0159L3","LNA018","V2","PB","P1",55,"smartseq","nd","cluster1_2_4","nd"
"RHB4876","RHB4876","MUX5158","RNA0159L3","LNA018","V2","PB","P1",56,"smartseq","nd","cluster1_2_4","nd"
"RHB4877","RHB4877","MUX5158","RNA0159L3","LNA018","V2","PB","P1",57,"smartseq","nd","cluster1_2_4","nd"
"RHB4878","RHB4878","MUX5158","RNA0159L3","LNA018","V2","PB","P1",58,"smartseq","1","cluster1_2_4","nd"
"RHB4879","RHB4879","MUX5158","RNA0159L3","LNA018","V2","PB","P1",59,"smartseq","nd","cluster1_2_4","nd"
"RHB4880","RHB4880","MUX5158","RNA0159L3","LNA018","V2","PB","P1",60,"smartseq","nd","cluster1_2_4","nd"
"RHB4881","RHB4881","MUX5158","RNA0159L3","LNA018","V2","PB","P1",61,"smartseq","nd","cluster1_2_4","nd"
"RHB4882","RHB4882","MUX5158","RNA0159L3","LNA018","V2","PB","P1",62,"smartseq","nd","cluster1_2_4","nd"
"RHB4883","RHB4883","MUX5158","RNA0159L3","LNA018","V2","PB","P1",63,"smartseq","nd","cluster_3","nd"
"RHB4884","RHB4884","MUX5158","RNA0159L3","LNA018","V2","PB","P1",64,"smartseq","nd","cluster1_2_4","nd"
"RHB4885","RHB4885","MUX5158","RNA0159L3","LNA018","V2","PB","P1",65,"smartseq","nd","cluster1_2_4","nd"
"RHB4886","RHB4886","MUX5158","RNA0159L3","LNA018","V2","PB","P1",66,"smartseq","nd","cluster1_2_4","nd"
"RHB4887","RHB4887","MUX5158","RNA0159L3","LNA018","V2","PB","P1",67,"smartseq","nd","cluster1_2_4","nd"
"RHB4888","RHB4888","MUX5158","RNA0159L3","LNA018","V2","PB","P1",68,"smartseq","nd","cluster_3","nd"
"RHB4889","RHB4889","MUX5158","RNA0159L3","LNA018","V2","PB","P1",69,"smartseq","nd","cluster1_2_4","nd"
"RHB4890","RHB4890","MUX5158","RNA0159L3","LNA018","V2","PB","P1",70,"smartseq","nd","cluster1_2_4","nd"
"RHB4891","RHB4891","MUX5158","RNA0159L3","LNA018","V2","PB","P1",71,"smartseq","nd","cluster1_2_4","nd"
"RHB4892","RHB4892","MUX5158","RNA0159L3","LNA018","V2","PB","P1",72,"smartseq","nd","cluster1_2_4","nd"
"RHB4893","RHB4893","MUX5158","RNA0159L3","LNA018","V2","PB","P1",73,"smartseq","nd","cluster_3","nd"
"RHB4894","RHB4894","MUX5158","RNA0159L3","LNA018","V2","PB","P1",74,"smartseq","nd","cluster1_2_4","nd"
"RHB4895","RHB4895","MUX5158","RNA0159L3","LNA018","V2","PB","P1",75,"smartseq","nd","cluster1_2_4","nd"
"RHB4896","RHB4896","MUX5158","RNA0159L3","LNA018","V2","PB","P1",76,"smartseq","nd","cluster1_2_4","nd"
"RHB4897","RHB4897","MUX5158","RNA0159L3","LNA018","V2","PB","P1",78,"smartseq","1","cluster1_2_4","nd"
"RHB4898","RHB4898","MUX5158","RNA0159L3","LNA018","V2","PB","P1",79,"smartseq","nd","cluster1_2_4","nd"
"RHB4899","RHB4899","MUX5158","RNA0159L3","LNA018","V2","PB","P1",80,"smartseq","nd","cluster1_2_4","nd"
"RHB4900","RHB4900","MUX5158","RNA0159L3","LNA018","V2","PB","P1",81,"smartseq","nd","cluster1_2_4","nd"
"RHB4901","RHB4901","MUX5158","RNA0159L3","LNA018","V2","PB","P1",82,"smartseq","1","cluster1_2_4","nd"
"RHB4902","RHB4902","MUX5158","RNA0159L3","LNA018","V2","PB","P1",83,"smartseq","nd","cluster1_2_4","nd"
"RHB4903","RHB4903","MUX5158","RNA0159L3","LNA018","V2","PB","P1",84,"smartseq","nd","cluster1_2_4","nd"
"RHB4904","RHB4904","MUX5158","RNA0159L3","LNA018","V2","PB","P1",85,"smartseq","nd","cluster1_2_4","nd"
"RHB4905","RHB4905","MUX5158","RNA0159L3","LNA018","V2","PB","P1",86,"smartseq","nd","cluster1_2_4","nd"
"RHB4906","RHB4906","MUX5158","RNA0159L3","LNA018","V2","PB","P1",87,"smartseq","1","cluster1_2_4","nd"
"RHB4907","RHB4907","MUX5158","RNA0159L3","LNA018","V2","PB","P1",88,"smartseq","1","cluster_3","nd"
"RHB4908","RHB4908","MUX5158","RNA0159L3","LNA018","V2","PB","P1",89,"smartseq","nd","cluster1_2_4","nd"
"RHB4909","RHB4909","MUX5158","RNA0159L3","LNA018","V2","PB","P1",90,"smartseq","nd","cluster1_2_4","nd"
"RHB4910","RHB4910","MUX5158","RNA0159L3","LNA018","V2","PB","P1",91,"smartseq","nd","cluster1_2_4","nd"
"RHB4911","RHB4911","MUX5158","RNA0159L3","LNA018","V2","PB","P1",92,"smartseq","1","cluster1_2_4","nd"
"RHB4912","RHB4912","MUX5158","RNA0159L3","LNA018","V2","PB","P1",93,"smartseq","nd","cluster1_2_4","nd"
"RHB4913","RHB4913","MUX5158","RNA0159L3","LNA018","V2","PB","P1",94,"smartseq","nd","cluster1_2_4","nd"
"RHB4914","RHB4914","MUX5158","RNA0159L3","LNA018","V2","PB","P1",95,"smartseq","1","cluster1_2_4","nd"
"RHB4915","RHB4915","MUX5158","RNA0159L3","LNA018","V2","PB","P1",96,"smartseq","nd","cluster1_2_4","nd"
"RHB4916","RHB4916","MUX5158","RNA0159L3","LNA018","V2","PB","P2",1,"smartseq","nd","cluster1_2_4","nd"
"RHB4917","RHB4917","MUX5158","RNA0159L3","LNA018","V2","PB","P2",2,"smartseq","nd","cluster1_2_4","nd"
"RHB4918","RHB4918","MUX5158","RNA0159L3","LNA018","V2","PB","P2",3,"smartseq","nd","cluster1_2_4","nd"
"RHB4919","RHB4919","MUX5158","RNA0159L3","LNA018","V2","PB","P2",4,"smartseq","nd","cluster1_2_4","nd"
"RHB4920","RHB4920","MUX5158","RNA0159L3","LNA018","V2","PB","P2",5,"smartseq","nd","cluster1_2_4","nd"
"RHB4921","RHB4921","MUX5158","RNA0159L3","LNA018","V2","PB","P2",6,"smartseq","nd","cluster1_2_4","nd"
"RHB4922","RHB4922","MUX5158","RNA0159L3","LNA018","V2","PB","P2",7,"smartseq","nd","cluster1_2_4","nd"
"RHB4923","RHB4923","MUX5158","RNA0159L3","LNA018","V2","PB","P2",8,"smartseq","1","cluster1_2_4","nd"
"RHB4924","RHB4924","MUX5158","RNA0159L3","LNA018","V2","PB","P2",10,"smartseq","nd","cluster1_2_4","nd"
"RHB4925","RHB4925","MUX5158","RNA0159L3","LNA018","V2","PB","P2",11,"smartseq","nd","cluster1_2_4","nd"
"RHB4926","RHB4926","MUX5158","RNA0159L3","LNA018","V2","PB","P2",12,"smartseq","nd","cluster1_2_4","nd"
"RHB4927","RHB4927","MUX5158","RNA0159L3","LNA018","V2","PB","P2",13,"smartseq","nd","cluster1_2_4","nd"
"RHB4928","RHB4928","MUX5158","RNA0159L3","LNA018","V2","PB","P2",14,"smartseq","0","cluster_3","nd"
"RHB4929","RHB4929","MUX5158","RNA0159L3","LNA018","V2","PB","P2",15,"smartseq","nd","cluster1_2_4","nd"
"RHB4930","RHB4930","MUX5158","RNA0159L3","LNA018","V2","PB","P2",16,"smartseq","nd","cluster1_2_4","nd"
"RHB4931","RHB4931","MUX5158","RNA0159L3","LNA018","V2","PB","P2",17,"smartseq","nd","cluster1_2_4","nd"
"RHB4932","RHB4932","MUX5158","RNA0159L3","LNA018","V2","PB","P2",18,"smartseq","nd","cluster1_2_4","nd"
"RHB4933","RHB4933","MUX5158","RNA0159L3","LNA018","V2","PB","P2",19,"smartseq","nd","cluster1_2_4","nd"
"RHB4934","RHB4934","MUX5158","RNA0159L3","LNA018","V2","PB","P2",20,"smartseq","nd","cluster1_2_4","nd"
"RHB4935","RHB4935","MUX5158","RNA0159L3","LNA018","V2","PB","P2",21,"smartseq","nd","cluster1_2_4","nd"
"RHB4936","RHB4936","MUX5158","RNA0159L3","LNA018","V2","PB","P2",22,"smartseq","nd","cluster1_2_4","nd"
"RHB4937","RHB4937","MUX5158","RNA0159L3","LNA018","V2","PB","P2",23,"smartseq","nd","cluster1_2_4","nd"
"RHB4938","RHB4938","MUX5158","RNA0159L3","LNA018","V2","PB","P2",25,"smartseq","nd","cluster1_2_4","nd"
"RHB4939","RHB4939","MUX5158","RNA0159L3","LNA018","V2","PB","P2",26,"smartseq","nd","cluster1_2_4","nd"
"RHB4940","RHB4940","MUX5158","RNA0159L3","LNA018","V2","PB","P2",27,"smartseq","nd","cluster1_2_4","nd"
"RHB4941","RHB4941","MUX5158","RNA0159L3","LNA018","V2","PB","P2",28,"smartseq","nd","cluster1_2_4","nd"
"RHB4942","RHB4942","MUX5158","RNA0159L3","LNA018","V2","PB","P2",29,"smartseq","nd","cluster1_2_4","nd"
"RHB4943","RHB4943","MUX5158","RNA0159L3","LNA018","V2","PB","P2",30,"smartseq","nd","cluster1_2_4","nd"
"RHB4944","RHB4944","MUX5158","RNA0159L3","LNA018","V2","PB","P2",31,"smartseq","nd","cluster1_2_4","nd"
"RHB4945","RHB4945","MUX5158","RNA0159L3","LNA018","V2","PB","P2",32,"smartseq","1","cluster1_2_4","nd"
"RHB4946","RHB4946","MUX5158","RNA0159L3","LNA018","V2","PB","P2",33,"smartseq","nd","cluster1_2_4","nd"
"RHB4947","RHB4947","MUX5158","RNA0159L3","LNA018","V2","PB","P2",34,"smartseq","nd","cluster1_2_4","nd"
"RHB4948","RHB4948","MUX5158","RNA0159L3","LNA018","V2","PB","P2",35,"smartseq","nd","cluster1_2_4","nd"
"RHB4949","RHB4949","MUX5158","RNA0159L3","LNA018","V2","PB","P2",36,"smartseq","1","cluster1_2_4","nd"
"RHB4950","RHB4950","MUX5158","RNA0159L3","LNA018","V2","PB","P2",37,"smartseq","nd","cluster1_2_4","nd"
"RHB4951","RHB4951","MUX5158","RNA0159L3","LNA018","V2","PB","P2",38,"smartseq","nd","cluster1_2_4","nd"
"RHB4952","RHB4952","MUX5158","RNA0159L3","LNA018","V2","PB","P2",39,"smartseq","nd","cluster1_2_4","nd"
"RHB4953","RHB4953","MUX5158","RNA0159L3","LNA018","V2","PB","P2",40,"smartseq","nd","cluster1_2_4","nd"
"RHB4954","RHB4954","MUX5158","RNA0159L3","LNA018","V2","PB","P2",41,"smartseq","nd","cluster1_2_4","nd"
"RHB4955","RHB4955","MUX5158","RNA0159L3","LNA018","V2","PB","P2",42,"smartseq","nd","cluster1_2_4","nd"
"RHB4956","RHB4956","MUX5158","RNA0159L3","LNA018","V2","PB","P2",43,"smartseq","1","cluster1_2_4","nd"
"RHB4957","RHB4957","MUX5158","RNA0159L3","LNA018","V2","PB","P2",44,"smartseq","nd","cluster1_2_4","nd"
"RHB4958","RHB4958","MUX5158","RNA0159L3","LNA018","V2","PB","P2",45,"smartseq","nd","cluster1_2_4","nd"
"RHB4959","RHB4959","MUX5158","RNA0159L3","LNA018","V2","PB","P2",46,"smartseq","nd","cluster1_2_4","nd"
"RHB4960","RHB4960","MUX5158","RNA0159L3","LNA018","V2","PB","P2",47,"smartseq","nd","cluster1_2_4","nd"
"RHB4961","RHB4961","MUX5158","RNA0159L3","LNA018","V2","PB","P2",48,"smartseq","0","cluster1_2_4","nd"
"RHB4962","RHB4962","MUX5158","RNA0159L3","LNA018","V2","PB","P2",49,"smartseq","nd","cluster1_2_4","nd"
"RHB4963","RHB4963","MUX5158","RNA0159L3","LNA018","V2","PB","P2",50,"smartseq","nd","cluster1_2_4","nd"
"RHB4964","RHB4964","MUX5158","RNA0159L3","LNA018","V2","PB","P2",51,"smartseq","nd","cluster1_2_4","nd"
"RHB4965","RHB4965","MUX5158","RNA0159L3","LNA018","V2","PB","P2",52,"smartseq","nd","cluster1_2_4","nd"
"RHB4966","RHB4966","MUX5158","RNA0159L3","LNA018","V2","PB","P2",53,"smartseq","nd","cluster1_2_4","nd"
"RHB4967","RHB4967","MUX5158","RNA0159L3","LNA018","V2","PB","P2",54,"smartseq","nd","cluster1_2_4","nd"
"RHB4968","RHB4968","MUX5158","RNA0159L3","LNA018","V2","PB","P2",55,"smartseq","1","cluster1_2_4","nd"
"RHB4969","RHB4969","MUX5158","RNA0159L3","LNA018","V2","PB","P2",56,"smartseq","nd","cluster1_2_4","nd"
"RHB4970","RHB4970","MUX5158","RNA0159L3","LNA018","V2","PB","P2",57,"smartseq","nd","cluster1_2_4","nd"
"RHB4971","RHB4971","MUX5158","RNA0159L3","LNA018","V2","PB","P2",58,"smartseq","nd","cluster_3","nd"
"RHB4972","RHB4972","MUX5158","RNA0159L3","LNA018","V2","PB","P2",59,"smartseq","0","cluster1_2_4","nd"
"RHB4973","RHB4973","MUX5158","RNA0159L3","LNA018","V2","PB","P2",60,"smartseq","nd","cluster1_2_4","nd"
"RHB4974","RHB4974","MUX5158","RNA0159L3","LNA018","V2","PB","P2",61,"smartseq","nd","cluster1_2_4","nd"
"RHB4975","RHB4975","MUX5158","RNA0159L3","LNA018","V2","PB","P2",62,"smartseq","nd","cluster1_2_4","nd"
"RHB4976","RHB4976","MUX5158","RNA0159L3","LNA018","V2","PB","P2",63,"smartseq","nd","cluster1_2_4","nd"
"RHB4977","RHB4977","MUX5158","RNA0159L3","LNA018","V2","PB","P2",64,"smartseq","nd","cluster1_2_4","nd"
"RHB4978","RHB4978","MUX5158","RNA0159L3","LNA018","V2","PB","P2",65,"smartseq","nd","cluster1_2_4","nd"
"RHB4979","RHB4979","MUX5158","RNA0159L3","LNA018","V2","PB","P2",66,"smartseq","nd","cluster1_2_4","nd"
"RHB4980","RHB4980","MUX5158","RNA0159L3","LNA018","V2","PB","P2",67,"smartseq","1","cluster1_2_4","nd"
"RHB4981","RHB4981","MUX5158","RNA0159L3","LNA018","V2","PB","P2",68,"smartseq","nd","cluster1_2_4","nd"
"RHB4982","RHB4982","MUX5158","RNA0159L3","LNA018","V2","PB","P2",69,"smartseq","nd","cluster1_2_4","nd"
"RHB4983","RHB4983","MUX5158","RNA0159L3","LNA018","V2","PB","P2",70,"smartseq","nd","cluster1_2_4","nd"
"RHB4984","RHB4984","MUX5158","RNA0159L3","LNA018","V2","PB","P2",71,"smartseq","nd","cluster1_2_4","nd"
"RHB4985","RHB4985","MUX5158","RNA0159L3","LNA018","V2","PB","P2",72,"smartseq","nd","cluster1_2_4","nd"
"RHB4986","RHB4986","MUX5158","RNA0159L3","LNA018","V2","PB","P2",73,"smartseq","nd","cluster1_2_4","nd"
"RHB4987","RHB4987","MUX5158","RNA0159L3","LNA018","V2","PB","P2",74,"smartseq","1","cluster1_2_4","nd"
"RHB4988","RHB4988","MUX5158","RNA0159L3","LNA018","V2","PB","P2",75,"smartseq","nd","cluster1_2_4","nd"
"RHB4989","RHB4989","MUX5158","RNA0159L3","LNA018","V2","PB","P2",76,"smartseq","1","cluster1_2_4","nd"
"RHB4990","RHB4990","MUX5158","RNA0159L3","LNA018","V2","PB","P2",77,"smartseq","nd","cluster1_2_4","nd"
"RHB4991","RHB4991","MUX5158","RNA0159L3","LNA018","V2","PB","P2",78,"smartseq","nd","cluster1_2_4","nd"
"RHB4992","RHB4992","MUX5158","RNA0159L3","LNA018","V2","PB","P2",79,"smartseq","1","cluster1_2_4","nd"
"RHB4993","RHB4993","MUX5158","RNA0159L3","LNA018","V2","PB","P2",80,"smartseq","nd","cluster1_2_4","nd"
"RHB4994","RHB4994","MUX5158","RNA0159L3","LNA018","V2","PB","P2",81,"smartseq","nd","cluster1_2_4","nd"
"RHB4995","RHB4995","MUX5158","RNA0159L3","LNA018","V2","PB","P2",82,"smartseq","nd","cluster1_2_4","nd"
"RHB4996","RHB4996","MUX5158","RNA0159L3","LNA018","V2","PB","P2",83,"smartseq","nd","cluster1_2_4","nd"
"RHB4997","RHB4997","MUX5158","RNA0159L3","LNA018","V2","PB","P2",84,"smartseq","nd","cluster1_2_4","nd"
"RHB4998","RHB4998","MUX5158","RNA0159L3","LNA018","V2","PB","P2",85,"smartseq","1","cluster1_2_4","nd"
"RHB4999","RHB4999","MUX5158","RNA0159L3","LNA018","V2","PB","P2",86,"smartseq","nd","cluster1_2_4","nd"
"RHB5000","RHB5000","MUX5158","RNA0159L3","LNA018","V2","PB","P2",87,"smartseq","1","cluster1_2_4","nd"
"RHB5001","RHB5001","MUX5158","RNA0159L3","LNA018","V2","PB","P2",88,"smartseq","nd","cluster1_2_4","nd"
"RHB5002","RHB5002","MUX5158","RNA0159L3","LNA018","V2","PB","P2",89,"smartseq","nd","cluster1_2_4","nd"
"RHB5003","RHB5003","MUX5158","RNA0159L3","LNA018","V2","PB","P2",90,"smartseq","nd","cluster1_2_4","nd"
"RHB5004","RHB5004","MUX5158","RNA0159L3","LNA018","V2","PB","P2",91,"smartseq","nd","cluster1_2_4","nd"
"RHB5005","RHB5005","MUX5158","RNA0159L3","LNA018","V2","PB","P2",92,"smartseq","nd","cluster1_2_4","nd"
"RHB5006","RHB5006","MUX5158","RNA0159L3","LNA018","V2","PB","P2",93,"smartseq","nd","cluster1_2_4","nd"
"RHB5007","RHB5007","MUX5158","RNA0159L3","LNA018","V2","PB","P2",94,"smartseq","nd","cluster_3","nd"
"RHB5008","RHB5008","MUX5158","RNA0159L3","LNA018","V2","PB","P2",95,"smartseq","nd","cluster1_2_4","nd"
"RHB5009","RHB5009","MUX5158","RNA0159L3","LNA018","V2","PB","P2",96,"smartseq","nd","cluster1_2_4","nd"
"RHH1742","RHH1742","MUX2983","RNA0096","E1481DK2",NA,"PB","P",3,"smartseq","nd","cluster1_2_4","nd"
"RHH1743","RHH1743","MUX2983","RNA0096","E1481DK2",NA,"PB","P",4,"smartseq","nd","cluster1_2_4","nd"
"RHH1744","RHH1744","MUX2983","RNA0096","E1481DK2",NA,"PB","P",8,"smartseq","nd","cluster1_2_4","nd"
"RHH1745","RHH1745","MUX2983","RNA0096","E1481DK2",NA,"PB","P",10,"smartseq","nd","cluster_3","nd"
"RHH1746","RHH1746","MUX2983","RNA0096","E1481DK2",NA,"PB","P",13,"smartseq","nd","cluster1_2_4","nd"
"RHH1747","RHH1747","MUX2983","RNA0096","E1481DK2",NA,"PB","P",16,"smartseq","nd","cluster_3","nd"
"RHH1748","RHH1748","MUX2983","RNA0096","E1481DK2",NA,"PB","P",17,"smartseq","nd","cluster1_2_4","nd"
"RHH1749","RHH1749","MUX2983","RNA0096","E1481DK2",NA,"PB","P",18,"smartseq","nd","cluster_3","nd"
"RHH1750","RHH1750","MUX2983","RNA0096","E1481DK2",NA,"PB","P",19,"smartseq","nd","cluster1_2_4","nd"
"RHH1751","RHH1751","MUX2983","RNA0096","E1481DK2",NA,"PB","P",20,"smartseq","nd","cluster_3","nd"
"RHH1752","RHH1752","MUX2983","RNA0096","E1481DK2",NA,"PB","P",21,"smartseq","nd","cluster1_2_4","nd"
"RHH1753","RHH1753","MUX2983","RNA0096","E1481DK2",NA,"PB","P",22,"smartseq","nd","cluster_3","nd"
"RHH1754","RHH1754","MUX2983","RNA0096","E1481DK2",NA,"PB","P",23,"smartseq","nd","cluster1_2_4","nd"
"RHH1755","RHH1755","MUX2983","RNA0096","E1481DK2",NA,"PB","P",25,"smartseq","nd","cluster1_2_4","nd"
"RHH1756","RHH1756","MUX2983","RNA0096","E1481DK2",NA,"PB","P",26,"smartseq","nd","cluster1_2_4","nd"
"RHH1757","RHH1757","MUX2983","RNA0096","E1481DK2",NA,"PB","P",29,"smartseq","nd","cluster_3","nd"
"RHB3109","RHB3109","MUX4516","RNA0150L1","LNA006","V2","PB","P1",1,"smartseq","1","cluster1_2_4","IgG"
"RHB3110","RHB3110","MUX4516","RNA0150L1","LNA006","V2","PB","P1",2,"smartseq","nd","cluster1_2_4","IgA"
"RHB3111","RHB3111","MUX4516","RNA0150L1","LNA006","V2","PB","P1",3,"smartseq","1","cluster1_2_4","IgG"
"RHB3112","RHB3112","MUX4516","RNA0150L1","LNA006","V2","PB","P1",4,"smartseq","1","cluster1_2_4","IgG"
"RHB3113","RHB3113","MUX4516","RNA0150L1","LNA006","V2","PB","P1",6,"smartseq","nd","cluster_3","IgA"
"RHB3114","RHB3114","MUX4516","RNA0150L1","LNA006","V2","PB","P1",7,"smartseq","nd","cluster1_2_4","IgM"
"RHB3115","RHB3115","MUX4516","RNA0150L1","LNA006","V2","PB","P1",8,"smartseq","0","cluster1_2_4","IgG"
"RHB3116","RHB3116","MUX4516","RNA0150L1","LNA006","V2","PB","P1",9,"smartseq","nd","cluster1_2_4","IgG"
"RHB3117","RHB3117","MUX4516","RNA0150L1","LNA006","V2","PB","P1",10,"smartseq","nd","cluster1_2_4","IgG"
"RHB3118","RHB3118","MUX4516","RNA0150L1","LNA006","V2","PB","P1",11,"smartseq","nd","cluster1_2_4","IgA"
"RHB3119","RHB3119","MUX4516","RNA0150L1","LNA006","V2","PB","P1",12,"smartseq","nd","cluster1_2_4","IgG"
"RHB3120","RHB3120","MUX4516","RNA0150L1","LNA006","V2","PB","P1",13,"smartseq","nd","cluster1_2_4","IgM"
"RHB3121","RHB3121","MUX4516","RNA0150L1","LNA006","V2","PB","P1",14,"smartseq","nd","cluster1_2_4","IgG"
"RHB3122","RHB3122","MUX4516","RNA0150L1","LNA006","V2","PB","P1",15,"smartseq","0","cluster1_2_4","no_isotype"
"RHB3123","RHB3123","MUX4516","RNA0150L1","LNA006","V2","PB","P1",16,"smartseq","nd","cluster1_2_4","IgG"
"RHB3124","RHB3124","MUX4516","RNA0150L1","LNA006","V2","PB","P1",17,"smartseq","nd","cluster1_2_4","no_isotype"
"RHB3125","RHB3125","MUX4516","RNA0150L1","LNA006","V2","PB","P1",18,"smartseq","nd","cluster1_2_4","IgA"
"RHB3126","RHB3126","MUX4516","RNA0150L1","LNA006","V2","PB","P1",19,"smartseq","nd","cluster1_2_4","IgG"
"RHB3127","RHB3127","MUX4516","RNA0150L1","LNA006","V2","PB","P1",20,"smartseq","nd","cluster1_2_4","IgG"
"RHB3128","RHB3128","MUX4516","RNA0150L1","LNA006","V2","PB","P1",21,"smartseq","nd","cluster1_2_4","IgG"
"RHB3129","RHB3129","MUX4516","RNA0150L1","LNA006","V2","PB","P1",22,"smartseq","nd","cluster1_2_4","IgG"
"RHB3130","RHB3130","MUX4516","RNA0150L1","LNA006","V2","PB","P1",23,"smartseq","nd","cluster1_2_4","IgG"
"RHB3131","RHB3131","MUX4516","RNA0150L1","LNA006","V2","PB","P1",24,"smartseq","nd","cluster1_2_4","IgG"
"RHB3132","RHB3132","MUX4516","RNA0150L1","LNA006","V2","PB","P1",25,"smartseq","nd","cluster_3","IgM"
"RHB3133","RHB3133","MUX4516","RNA0150L1","LNA006","V2","PB","P1",26,"smartseq","nd","cluster1_2_4","IgG"
"RHB3134","RHB3134","MUX4516","RNA0150L1","LNA006","V2","PB","P1",27,"smartseq","nd","cluster1_2_4","IgA"
"RHB3135","RHB3135","MUX4516","RNA0150L1","LNA006","V2","PB","P1",28,"smartseq","nd","cluster1_2_4","no_isotype"
"RHB3136","RHB3136","MUX4516","RNA0150L1","LNA006","V2","PB","P1",29,"smartseq","nd","cluster1_2_4","IgA"
"RHB3137","RHB3137","MUX4516","RNA0150L1","LNA006","V2","PB","P1",30,"smartseq","nd","cluster1_2_4","no_isotype"
"RHB3138","RHB3138","MUX4516","RNA0150L1","LNA006","V2","PB","P1",31,"smartseq","0","cluster1_2_4","IgG"
"RHB3139","RHB3139","MUX4516","RNA0150L1","LNA006","V2","PB","P1",32,"smartseq","1","cluster1_2_4","IgG"
"RHB3140","RHB3140","MUX4516","RNA0150L1","LNA006","V2","PB","P1",33,"smartseq","nd","cluster1_2_4","IgA"
"RHB3141","RHB3141","MUX4516","RNA0150L1","LNA006","V2","PB","P1",34,"smartseq","0","cluster_3","IgA"
"RHB3142","RHB3142","MUX4516","RNA0150L1","LNA006","V2","PB","P1",35,"smartseq","nd","cluster1_2_4","IgG"
"RHB3143","RHB3143","MUX4516","RNA0150L1","LNA006","V2","PB","P1",36,"smartseq","nd","cluster1_2_4","IgA"
"RHB3144","RHB3144","MUX4516","RNA0150L1","LNA006","V2","PB","P1",37,"smartseq","nd","cluster1_2_4","IgG"
"RHB3145","RHB3145","MUX4516","RNA0150L1","LNA006","V2","PB","P1",38,"smartseq","nd","cluster1_2_4","IgA"
"RHB3146","RHB3146","MUX4516","RNA0150L1","LNA006","V2","PB","P1",39,"smartseq","nd","cluster1_2_4","IgG"
"RHB3147","RHB3147","MUX4516","RNA0150L1","LNA006","V2","PB","P1",40,"smartseq","nd","cluster1_2_4","IgG"
"RHB3148","RHB3148","MUX4516","RNA0150L1","LNA006","V2","PB","P1",41,"smartseq","nd","cluster1_2_4","IgG"
"RHB3149","RHB3149","MUX4516","RNA0150L1","LNA006","V2","PB","P1",42,"smartseq","nd","cluster1_2_4","IgG"
"RHB3150","RHB3150","MUX4516","RNA0150L1","LNA006","V2","PB","P1",43,"smartseq","nd","cluster1_2_4","IgM"
"RHB3151","RHB3151","MUX4516","RNA0150L1","LNA006","V2","PB","P1",44,"smartseq","nd","cluster1_2_4","IgM"
"RHB3152","RHB3152","MUX4516","RNA0150L1","LNA006","V2","PB","P1",45,"smartseq","nd","cluster1_2_4","IgA"
"RHB3153","RHB3153","MUX4516","RNA0150L1","LNA006","V2","PB","P1",46,"smartseq","nd","cluster1_2_4","no_isotype"
"RHB3154","RHB3154","MUX4516","RNA0150L1","LNA006","V2","PB","P1",47,"smartseq","nd","cluster_3","no_isotype"
"RHB3155","RHB3155","MUX4516","RNA0150L1","LNA006","V2","PB","P1",48,"smartseq","nd","cluster1_2_4","IgM"
"RHB3156","RHB3156","MUX4516","RNA0150L1","LNA006","V2","PB","P1",49,"smartseq","nd","cluster_3","IgG"
"RHB3157","RHB3157","MUX4516","RNA0150L1","LNA006","V2","PB","P1",50,"smartseq","nd","cluster1_2_4","IgG"
"RHB3158","RHB3158","MUX4516","RNA0150L1","LNA006","V2","PB","P1",51,"smartseq","nd","cluster1_2_4","IgG"
"RHB3159","RHB3159","MUX4516","RNA0150L1","LNA006","V2","PB","P1",52,"smartseq","nd","cluster1_2_4","IgG"
"RHB3160","RHB3160","MUX4516","RNA0150L1","LNA006","V2","PB","P1",53,"smartseq","nd","cluster1_2_4","IgG"
"RHB3161","RHB3161","MUX4516","RNA0150L1","LNA006","V2","PB","P1",54,"smartseq","nd","cluster1_2_4","IgA"
"RHB3162","RHB3162","MUX4516","RNA0150L1","LNA006","V2","PB","P1",55,"smartseq","nd","cluster1_2_4","IgG"
"RHB3163","RHB3163","MUX4516","RNA0150L1","LNA006","V2","PB","P1",56,"smartseq","nd","cluster1_2_4","IgG"
"RHB3164","RHB3164","MUX4516","RNA0150L1","LNA006","V2","PB","P1",57,"smartseq","nd","cluster1_2_4","IgM"
"RHB3165","RHB3165","MUX4516","RNA0150L1","LNA006","V2","PB","P1",58,"smartseq","nd","cluster1_2_4","IgG"
"RHB3166","RHB3166","MUX4516","RNA0150L1","LNA006","V2","PB","P1",59,"smartseq","nd","cluster1_2_4","IgA"
"RHB3167","RHB3167","MUX4516","RNA0150L1","LNA006","V2","PB","P1",60,"smartseq","nd","cluster1_2_4","IgA"
"RHB3168","RHB3168","MUX4516","RNA0150L1","LNA006","V2","PB","P1",61,"smartseq","nd","cluster1_2_4","IgG"
"RHB3169","RHB3169","MUX4516","RNA0150L1","LNA006","V2","PB","P1",62,"smartseq","nd","cluster1_2_4","IgG"
"RHB3170","RHB3170","MUX4516","RNA0150L1","LNA006","V2","PB","P1",63,"smartseq","nd","cluster1_2_4","IgM"
"RHB3171","RHB3171","MUX4516","RNA0150L1","LNA006","V2","PB","P1",64,"smartseq","nd","cluster1_2_4","IgG"
"RHB3172","RHB3172","MUX4516","RNA0150L1","LNA006","V2","PB","P1",65,"smartseq","nd","cluster1_2_4","IgA"
"RHB3173","RHB3173","MUX4516","RNA0150L1","LNA006","V2","PB","P1",66,"smartseq","nd","cluster1_2_4","IgM"
"RHB3174","RHB3174","MUX4516","RNA0150L1","LNA006","V2","PB","P1",67,"smartseq","nd","cluster1_2_4","IgM"
"RHB3175","RHB3175","MUX4516","RNA0150L1","LNA006","V2","PB","P1",68,"smartseq","nd","cluster1_2_4","IgG"
"RHB3176","RHB3176","MUX4516","RNA0150L1","LNA006","V2","PB","P1",70,"smartseq","nd","cluster1_2_4","IgM"
"RHB3177","RHB3177","MUX4516","RNA0150L1","LNA006","V2","PB","P1",71,"smartseq","nd","cluster1_2_4","IgG"
"RHB3178","RHB3178","MUX4516","RNA0150L1","LNA006","V2","PB","P1",72,"smartseq","0","cluster1_2_4","IgG"
"RHB3179","RHB3179","MUX4516","RNA0150L1","LNA006","V2","PB","P1",73,"smartseq","nd","cluster1_2_4","IgA"
"RHB3180","RHB3180","MUX4516","RNA0150L1","LNA006","V2","PB","P1",74,"smartseq","1","cluster1_2_4","IgG"
"RHB3181","RHB3181","MUX4516","RNA0150L1","LNA006","V2","PB","P1",76,"smartseq","nd","cluster1_2_4","IgG"
"RHB3182","RHB3182","MUX4516","RNA0150L1","LNA006","V2","PB","P1",77,"smartseq","nd","cluster1_2_4","IgA"
"RHB3183","RHB3183","MUX4516","RNA0150L1","LNA006","V2","PB","P1",78,"smartseq","nd","cluster1_2_4","IgA"
"RHB3184","RHB3184","MUX4516","RNA0150L1","LNA006","V2","PB","P1",79,"smartseq","nd","cluster1_2_4","IgM"
"RHB3185","RHB3185","MUX4516","RNA0150L1","LNA006","V2","PB","P1",80,"smartseq","nd","cluster1_2_4","no_isotype"
"RHB3186","RHB3186","MUX4516","RNA0150L1","LNA006","V2","PB","P1",81,"smartseq","nd","cluster1_2_4","IgG"
"RHB3187","RHB3187","MUX4516","RNA0150L1","LNA006","V2","PB","P1",82,"smartseq","1","cluster1_2_4","IgG"
"RHB3188","RHB3188","MUX4516","RNA0150L1","LNA006","V2","PB","P1",83,"smartseq","0","cluster1_2_4","IgG"
"RHB3189","RHB3189","MUX4516","RNA0150L1","LNA006","V2","PB","P1",84,"smartseq","nd","cluster1_2_4","no_isotype"
"RHB3190","RHB3190","MUX4516","RNA0150L1","LNA006","V2","PB","P1",85,"smartseq","nd","cluster_3","IgG"
"RHB3191","RHB3191","MUX4516","RNA0150L1","LNA006","V2","PB","P1",86,"smartseq","nd","cluster1_2_4","IgG"
"RHB3192","RHB3192","MUX4516","RNA0150L1","LNA006","V2","PB","P1",87,"smartseq","nd","cluster1_2_4","IgG"
"RHB3193","RHB3193","MUX4516","RNA0150L1","LNA006","V2","PB","P1",89,"smartseq","nd","cluster1_2_4","IgG"
"RHB3194","RHB3194","MUX4516","RNA0150L1","LNA006","V2","PB","P1",90,"smartseq","nd","cluster_3","IgG"
"RHB3195","RHB3195","MUX4516","RNA0150L1","LNA006","V2","PB","P1",91,"smartseq","nd","cluster1_2_4","no_isotype"
"RHB3196","RHB3196","MUX4516","RNA0150L1","LNA006","V2","PB","P1",92,"smartseq","nd","cluster1_2_4","IgG"
"RHB3197","RHB3197","MUX4516","RNA0150L1","LNA006","V2","PB","P1",93,"smartseq","nd","cluster1_2_4","IgA"
"RHB3198","RHB3198","MUX4516","RNA0150L1","LNA006","V2","PB","P1",94,"smartseq","0","cluster1_2_4","IgG"
"RHB3199","RHB3199","MUX4516","RNA0150L1","LNA006","V2","PB","P1",95,"smartseq","1","cluster1_2_4","IgG"
"RHB3200","RHB3200","MUX4516","RNA0150L1","LNA006","V2","PB","P1",96,"smartseq","nd","cluster1_2_4","no_isotype"
"RHB3201","RHB3201","MUX4516","RNA0150L1","LNA006","V2","PB","P2",1,"smartseq","nd","cluster1_2_4","IgG"
"RHB3202","RHB3202","MUX4516","RNA0150L1","LNA006","V2","PB","P2",3,"smartseq","nd","cluster1_2_4","IgG"
"RHB3203","RHB3203","MUX4516","RNA0150L1","LNA006","V2","PB","P2",4,"smartseq","nd","cluster1_2_4","IgM"
"RHB3204","RHB3204","MUX4516","RNA0150L1","LNA006","V2","PB","P2",5,"smartseq","nd","cluster_3","IgG"
"RHB3205","RHB3205","MUX4516","RNA0150L1","LNA006","V2","PB","P2",6,"smartseq","nd","cluster1_2_4","IgA"
"RHB3206","RHB3206","MUX4516","RNA0150L1","LNA006","V2","PB","P2",7,"smartseq","nd","cluster_3","IgG"
"RHB3207","RHB3207","MUX4516","RNA0150L1","LNA006","V2","PB","P2",8,"smartseq","nd","cluster1_2_4","IgG"
"RHB3208","RHB3208","MUX4516","RNA0150L1","LNA006","V2","PB","P2",9,"smartseq","1","cluster1_2_4","IgG"
"RHB3209","RHB3209","MUX4516","RNA0150L1","LNA006","V2","PB","P2",10,"smartseq","0","cluster1_2_4","IgG"
"RHB3210","RHB3210","MUX4516","RNA0150L1","LNA006","V2","PB","P2",11,"smartseq","0","cluster1_2_4","IgG"
"RHB3211","RHB3211","MUX4516","RNA0150L1","LNA006","V2","PB","P2",12,"smartseq","UNKNOWN","cluster1_2_4","IgG"
"RHB3212","RHB3212","MUX4516","RNA0150L1","LNA006","V2","PB","P2",13,"smartseq","nd","cluster1_2_4","IgG"
"RHB3213","RHB3213","MUX4516","RNA0150L1","LNA006","V2","PB","P2",14,"smartseq","nd","cluster1_2_4","IgM"
"RHB3214","RHB3214","MUX4516","RNA0150L1","LNA006","V2","PB","P2",15,"smartseq","1","cluster1_2_4","IgG"
"RHB3215","RHB3215","MUX4516","RNA0150L1","LNA006","V2","PB","P2",16,"smartseq","nd","cluster1_2_4","IgG"
"RHB3216","RHB3216","MUX4516","RNA0150L1","LNA006","V2","PB","P2",17,"smartseq","1","cluster1_2_4","IgG"
"RHB3217","RHB3217","MUX4516","RNA0150L1","LNA006","V2","PB","P2",18,"smartseq","0","cluster1_2_4","IgG"
"RHB3218","RHB3218","MUX4516","RNA0150L1","LNA006","V2","PB","P2",19,"smartseq","nd","cluster1_2_4","IgM"
"RHB3219","RHB3219","MUX4516","RNA0150L1","LNA006","V2","PB","P2",20,"smartseq","nd","cluster1_2_4","IgG"
"RHB3220","RHB3220","MUX4516","RNA0150L1","LNA006","V2","PB","P2",21,"smartseq","nd","cluster1_2_4","IgM"
"RHB3221","RHB3221","MUX4516","RNA0150L1","LNA006","V2","PB","P2",22,"smartseq","nd","cluster1_2_4","IgG"
"RHB3222","RHB3222","MUX4516","RNA0150L1","LNA006","V2","PB","P2",23,"smartseq","nd","cluster1_2_4","IgG"
"RHB3223","RHB3223","MUX4516","RNA0150L1","LNA006","V2","PB","P2",24,"smartseq","nd","cluster1_2_4","IgG"
"RHB3224","RHB3224","MUX4516","RNA0150L1","LNA006","V2","PB","P2",25,"smartseq","nd","cluster1_2_4","IgG"
"RHB3225","RHB3225","MUX4516","RNA0150L1","LNA006","V2","PB","P2",26,"smartseq","1","cluster1_2_4","IgG"
"RHB3226","RHB3226","MUX4516","RNA0150L1","LNA006","V2","PB","P2",27,"smartseq","nd","cluster1_2_4","IgG"
"RHB3227","RHB3227","MUX4516","RNA0150L1","LNA006","V2","PB","P2",28,"smartseq","0","cluster1_2_4","IgG"
"RHB3228","RHB3228","MUX4516","RNA0150L1","LNA006","V2","PB","P2",29,"smartseq","1","cluster1_2_4","IgG"
"RHB3229","RHB3229","MUX4516","RNA0150L1","LNA006","V2","PB","P2",30,"smartseq","nd","cluster1_2_4","no_isotype"
"RHB3230","RHB3230","MUX4516","RNA0150L1","LNA006","V2","PB","P2",31,"smartseq","1","cluster1_2_4","IgG"
"RHB3231","RHB3231","MUX4516","RNA0150L1","LNA006","V2","PB","P2",32,"smartseq","nd","cluster1_2_4","IgA"
"RHB3232","RHB3232","MUX4516","RNA0150L1","LNA006","V2","PB","P2",33,"smartseq","1","cluster1_2_4","IgG"
"RHB3233","RHB3233","MUX4516","RNA0150L1","LNA006","V2","PB","P2",34,"smartseq","nd","cluster1_2_4","IgG"
"RHB3234","RHB3234","MUX4516","RNA0150L1","LNA006","V2","PB","P2",35,"smartseq","nd","cluster1_2_4","IgM"
"RHB3235","RHB3235","MUX4516","RNA0150L1","LNA006","V2","PB","P2",36,"smartseq","nd","cluster1_2_4","IgG"
"RHB3236","RHB3236","MUX4516","RNA0150L1","LNA006","V2","PB","P2",37,"smartseq","nd","cluster1_2_4","IgM"
"RHB3237","RHB3237","MUX4516","RNA0150L1","LNA006","V2","PB","P2",38,"smartseq","nd","cluster1_2_4","IgM"
"RHB3238","RHB3238","MUX4516","RNA0150L1","LNA006","V2","PB","P2",39,"smartseq","0","cluster1_2_4","IgG"
"RHB3239","RHB3239","MUX4516","RNA0150L1","LNA006","V2","PB","P2",40,"smartseq","nd","cluster1_2_4","IgA"
"RHB3240","RHB3240","MUX4516","RNA0150L1","LNA006","V2","PB","P2",41,"smartseq","nd","cluster1_2_4","IgG"
"RHB3241","RHB3241","MUX4516","RNA0150L1","LNA006","V2","PB","P2",42,"smartseq","nd","cluster1_2_4","IgG"
"RHB3242","RHB3242","MUX4516","RNA0150L1","LNA006","V2","PB","P2",43,"smartseq","nd","cluster1_2_4","no_isotype"
"RHB3243","RHB3243","MUX4516","RNA0150L1","LNA006","V2","PB","P2",44,"smartseq","nd","cluster1_2_4","IgM"
"RHB3244","RHB3244","MUX4516","RNA0150L1","LNA006","V2","PB","P2",45,"smartseq","nd","cluster_3","IgA"
"RHB3245","RHB3245","MUX4516","RNA0150L1","LNA006","V2","PB","P2",46,"smartseq","1","cluster1_2_4","IgM"
"RHB3246","RHB3246","MUX4516","RNA0150L1","LNA006","V2","PB","P2",47,"smartseq","nd","cluster1_2_4","IgG"
"RHB3247","RHB3247","MUX4516","RNA0150L1","LNA006","V2","PB","P2",48,"smartseq","nd","cluster1_2_4","IgM"
"RHB3248","RHB3248","MUX4516","RNA0150L1","LNA006","V2","PB","P2",49,"smartseq","nd","cluster1_2_4","IgG"
"RHB3249","RHB3249","MUX4516","RNA0150L1","LNA006","V2","PB","P2",50,"smartseq","nd","cluster1_2_4","IgG"
"RHB3250","RHB3250","MUX4516","RNA0150L1","LNA006","V2","PB","P2",51,"smartseq","0","cluster1_2_4","no_isotype"
"RHB3251","RHB3251","MUX4516","RNA0150L1","LNA006","V2","PB","P2",52,"smartseq","1","cluster1_2_4","IgG"
"RHB3252","RHB3252","MUX4516","RNA0150L1","LNA006","V2","PB","P2",53,"smartseq","nd","cluster1_2_4","IgG"
"RHB3253","RHB3253","MUX4516","RNA0150L1","LNA006","V2","PB","P2",54,"smartseq","nd","cluster1_2_4","IgM"
"RHB3254","RHB3254","MUX4516","RNA0150L1","LNA006","V2","PB","P2",55,"smartseq","nd","cluster1_2_4","IgG"
"RHB3255","RHB3255","MUX4516","RNA0150L1","LNA006","V2","PB","P2",56,"smartseq","nd","cluster1_2_4","IgG"
"RHB3256","RHB3256","MUX4516","RNA0150L1","LNA006","V2","PB","P2",57,"smartseq","1","cluster1_2_4","IgG"
"RHB3257","RHB3257","MUX4516","RNA0150L1","LNA006","V2","PB","P2",58,"smartseq","nd","cluster1_2_4","IgG"
"RHB3258","RHB3258","MUX4516","RNA0150L1","LNA006","V2","PB","P2",60,"smartseq","nd","cluster1_2_4","IgG"
"RHB3259","RHB3259","MUX4516","RNA0150L1","LNA006","V2","PB","P2",61,"smartseq","nd","cluster1_2_4","IgG"
"RHB3260","RHB3260","MUX4516","RNA0150L1","LNA006","V2","PB","P2",62,"smartseq","nd","cluster1_2_4","IgG"
"RHB3261","RHB3261","MUX4516","RNA0150L1","LNA006","V2","PB","P2",63,"smartseq","1","cluster1_2_4","IgG"
"RHB3262","RHB3262","MUX4516","RNA0150L1","LNA006","V2","PB","P2",64,"smartseq","nd","cluster1_2_4","no_isotype"
"RHB3263","RHB3263","MUX4516","RNA0150L1","LNA006","V2","PB","P2",65,"smartseq","nd","cluster_3","IgG"
"RHB3264","RHB3264","MUX4516","RNA0150L1","LNA006","V2","PB","P2",66,"smartseq","nd","cluster1_2_4","IgG"
"RHB3265","RHB3265","MUX4516","RNA0150L1","LNA006","V2","PB","P2",68,"smartseq","nd","cluster1_2_4","IgM"
"RHB3266","RHB3266","MUX4516","RNA0150L1","LNA006","V2","PB","P2",69,"smartseq","nd","cluster_3","IgG"
"RHB3267","RHB3267","MUX4516","RNA0150L1","LNA006","V2","PB","P2",70,"smartseq","nd","cluster_3","IgA"
"RHB3268","RHB3268","MUX4516","RNA0150L1","LNA006","V2","PB","P2",71,"smartseq","1","cluster1_2_4","IgG"
"RHB3269","RHB3269","MUX4516","RNA0150L1","LNA006","V2","PB","P2",72,"smartseq","nd","cluster1_2_4","IgM"
"RHB3270","RHB3270","MUX4516","RNA0150L1","LNA006","V2","PB","P2",73,"smartseq","nd","cluster1_2_4","IgG"
"RHB3271","RHB3271","MUX4516","RNA0150L1","LNA006","V2","PB","P2",75,"smartseq","nd","cluster1_2_4","IgG"
"RHB3272","RHB3272","MUX4516","RNA0150L1","LNA006","V2","PB","P2",76,"smartseq","nd","cluster1_2_4","IgG"
"RHB3273","RHB3273","MUX4516","RNA0150L1","LNA006","V2","PB","P2",77,"smartseq","nd","cluster1_2_4","IgG"
"RHB3274","RHB3274","MUX4516","RNA0150L1","LNA006","V2","PB","P2",78,"smartseq","nd","cluster1_2_4","IgG"
"RHB3275","RHB3275","MUX4516","RNA0150L1","LNA006","V2","PB","P2",79,"smartseq","nd","cluster1_2_4","IgG"
"RHB3276","RHB3276","MUX4516","RNA0150L1","LNA006","V2","PB","P2",80,"smartseq","nd","cluster1_2_4","IgA"
"RHB3277","RHB3277","MUX4516","RNA0150L1","LNA006","V2","PB","P2",81,"smartseq","nd","cluster1_2_4","IgG"
"RHB3278","RHB3278","MUX4516","RNA0150L1","LNA006","V2","PB","P2",82,"smartseq","1","cluster1_2_4","IgG"
"RHB3279","RHB3279","MUX4516","RNA0150L1","LNA006","V2","PB","P2",83,"smartseq","nd","cluster1_2_4","IgM"
"RHB3280","RHB3280","MUX4516","RNA0150L1","LNA006","V2","PB","P2",84,"smartseq","0","cluster_3","IgG"
"RHB3281","RHB3281","MUX4516","RNA0150L1","LNA006","V2","PB","P2",85,"smartseq","nd","cluster1_2_4","IgA"
"RHB3282","RHB3282","MUX4516","RNA0150L1","LNA006","V2","PB","P2",86,"smartseq","nd","cluster1_2_4","IgG"
"RHB3283","RHB3283","MUX4516","RNA0150L1","LNA006","V2","PB","P2",87,"smartseq","nd","cluster1_2_4","IgA"
"RHB3284","RHB3284","MUX4516","RNA0150L1","LNA006","V2","PB","P2",88,"smartseq","nd","cluster1_2_4","IgA"
"RHB3285","RHB3285","MUX4516","RNA0150L1","LNA006","V2","PB","P2",89,"smartseq","nd","cluster1_2_4","IgG"
"RHB3286","RHB3286","MUX4516","RNA0150L1","LNA006","V2","PB","P2",90,"smartseq","nd","cluster1_2_4","IgG"
"RHB3287","RHB3287","MUX4516","RNA0150L1","LNA006","V2","PB","P2",91,"smartseq","nd","cluster1_2_4","IgA"
"RHB3288","RHB3288","MUX4516","RNA0150L1","LNA006","V2","PB","P2",92,"smartseq","nd","cluster1_2_4","IgG"
"RHB3289","RHB3289","MUX4516","RNA0150L1","LNA006","V2","PB","P2",93,"smartseq","nd","cluster1_2_4","no_isotype"
"RHB3290","RHB3290","MUX4516","RNA0150L1","LNA006","V2","PB","P2",94,"smartseq","nd","cluster1_2_4","IgA"
"RHB3291","RHB3291","MUX4516","RNA0150L1","LNA006","V2","PB","P2",95,"smartseq","nd","cluster1_2_4","no_isotype"
"RHB3479","RHB3479","MUX4517","RNA0150L2","LNA002","V2","PB","P1",1,"smartseq","nd","cluster_3","IgG"
"RHB3480","RHB3480","MUX4517","RNA0150L2","LNA002","V2","PB","P1",3,"smartseq","nd","cluster1_2_4","IgA"
"RHB3481","RHB3481","MUX4517","RNA0150L2","LNA002","V2","PB","P1",4,"smartseq","nd","cluster_3","IgG"
"RHB3482","RHB3482","MUX4517","RNA0150L2","LNA002","V2","PB","P1",5,"smartseq","nd","cluster1_2_4","IgG"
"RHB3483","RHB3483","MUX4517","RNA0150L2","LNA002","V2","PB","P1",6,"smartseq","nd","cluster1_2_4","IgA"
"RHB3484","RHB3484","MUX4517","RNA0150L2","LNA002","V2","PB","P1",7,"smartseq","nd","cluster1_2_4","IgM"
"RHB3485","RHB3485","MUX4517","RNA0150L2","LNA002","V2","PB","P1",9,"smartseq","nd","cluster1_2_4","IgG"
"RHB3486","RHB3486","MUX4517","RNA0150L2","LNA002","V2","PB","P1",10,"smartseq","nd","cluster1_2_4","IgA"
"RHB3487","RHB3487","MUX4517","RNA0150L2","LNA002","V2","PB","P1",11,"smartseq","nd","cluster1_2_4","IgA"
"RHB3488","RHB3488","MUX4517","RNA0150L2","LNA002","V2","PB","P1",12,"smartseq","nd","cluster1_2_4","IgA"
"RHB3489","RHB3489","MUX4517","RNA0150L2","LNA002","V2","PB","P1",13,"smartseq","nd","cluster_3","IgM"
"RHB3490","RHB3490","MUX4517","RNA0150L2","LNA002","V2","PB","P1",15,"smartseq","nd","cluster_3","IgG"
"RHB3491","RHB3491","MUX4517","RNA0150L2","LNA002","V2","PB","P1",17,"smartseq","nd","cluster1_2_4","IgA"
"RHB3492","RHB3492","MUX4517","RNA0150L2","LNA002","V2","PB","P1",18,"smartseq","nd","cluster1_2_4","IgG"
"RHB3901","RHB3901","MUX4631","RNA0150L3","LNA002","V2","PB","P1",19,"smartseq","nd","cluster1_2_4","IgG"
"RHB3902","RHB3902","MUX4631","RNA0150L3","LNA002","V2","PB","P1",20,"smartseq","nd","cluster1_2_4","IgA"
"RHB3903","RHB3903","MUX4631","RNA0150L3","LNA002","V2","PB","P1",21,"smartseq","nd","cluster1_2_4","IgA"
"RHB3904","RHB3904","MUX4631","RNA0150L3","LNA002","V2","PB","P1",22,"smartseq","nd","cluster1_2_4","no_isotype"
"RHB3905","RHB3905","MUX4631","RNA0150L3","LNA002","V2","PB","P1",24,"smartseq","nd","cluster1_2_4","IgG"
"RHB3906","RHB3906","MUX4631","RNA0150L3","LNA002","V2","PB","P1",25,"smartseq","nd","cluster1_2_4","IgM"
"RHB3907","RHB3907","MUX4631","RNA0150L3","LNA002","V2","PB","P1",26,"smartseq","nd","cluster1_2_4","IgM"
"RHB3908","RHB3908","MUX4631","RNA0150L3","LNA002","V2","PB","P1",27,"smartseq","nd","cluster1_2_4","IgA"
"RHB3909","RHB3909","MUX4631","RNA0150L3","LNA002","V2","PB","P1",28,"smartseq","nd","cluster_3","IgA"
"RHB3910","RHB3910","MUX4631","RNA0150L3","LNA002","V2","PB","P1",30,"smartseq","nd","cluster1_2_4","IgA"
"RHB3911","RHB3911","MUX4631","RNA0150L3","LNA002","V2","PB","P1",31,"smartseq","nd","cluster1_2_4","IgM"
"RHB3912","RHB3912","MUX4631","RNA0150L3","LNA002","V2","PB","P1",32,"smartseq","nd","cluster1_2_4","IgG"
"RHB3913","RHB3913","MUX4631","RNA0150L3","LNA002","V2","PB","P1",33,"smartseq","nd","cluster1_2_4","IgA"
"RHB3914","RHB3914","MUX4631","RNA0150L3","LNA002","V2","PB","P1",34,"smartseq","nd","cluster1_2_4","IgM"
"RHB3915","RHB3915","MUX4631","RNA0150L3","LNA002","V2","PB","P1",35,"smartseq","nd","cluster1_2_4","IgM"
"RHB3916","RHB3916","MUX4631","RNA0150L3","LNA002","V2","PB","P1",36,"smartseq","nd","cluster1_2_4","IgG"
"RHB3917","RHB3917","MUX4631","RNA0150L3","LNA002","V2","PB","P1",38,"smartseq","nd","cluster1_2_4","IgG"
"RHB3918","RHB3918","MUX4631","RNA0150L3","LNA002","V2","PB","P1",39,"smartseq","nd","cluster1_2_4","IgA"
"RHB3919","RHB3919","MUX4631","RNA0150L3","LNA002","V2","PB","P1",40,"smartseq","nd","cluster1_2_4","IgG"
"RHB3920","RHB3920","MUX4631","RNA0150L3","LNA002","V2","PB","P1",41,"smartseq","nd","cluster_3","IgA"
"RHB3921","RHB3921","MUX4631","RNA0150L3","LNA002","V2","PB","P1",42,"smartseq","nd","cluster1_2_4","IgM"
"RHB3922","RHB3922","MUX4631","RNA0150L3","LNA002","V2","PB","P1",43,"smartseq","nd","cluster1_2_4","IgM"
"RHB3923","RHB3923","MUX4631","RNA0150L3","LNA002","V2","PB","P1",44,"smartseq","nd","cluster1_2_4","IgG"
"RHB3924","RHB3924","MUX4631","RNA0150L3","LNA002","V2","PB","P1",45,"smartseq","nd","cluster_3","no_isotype"
"RHB3925","RHB3925","MUX4631","RNA0150L3","LNA002","V2","PB","P1",46,"smartseq","nd","cluster_3","IgM"
"RHB3926","RHB3926","MUX4631","RNA0150L3","LNA002","V2","PB","P1",47,"smartseq","nd","cluster1_2_4","IgA"
"RHB3927","RHB3927","MUX4631","RNA0150L3","LNA002","V2","PB","P1",48,"smartseq","nd","cluster1_2_4","IgA"
"RHB3928","RHB3928","MUX4631","RNA0150L3","LNA002","V2","PB","P1",49,"smartseq","nd","cluster_3","IgM"
"RHB3929","RHB3929","MUX4631","RNA0150L3","LNA002","V2","PB","P1",50,"smartseq","nd","cluster1_2_4","IgA"
"RHB3930","RHB3930","MUX4631","RNA0150L3","LNA002","V2","PB","P1",51,"smartseq","nd","cluster1_2_4","IgG"
"RHB3931","RHB3931","MUX4631","RNA0150L3","LNA002","V2","PB","P1",52,"smartseq","nd","cluster1_2_4","IgA"
"RHB3932","RHB3932","MUX4631","RNA0150L3","LNA002","V2","PB","P1",53,"smartseq","nd","cluster1_2_4","IgG"
"RHB3933","RHB3933","MUX4631","RNA0150L3","LNA002","V2","PB","P1",55,"smartseq","nd","cluster1_2_4","IgG"
"RHB3934","RHB3934","MUX4631","RNA0150L3","LNA002","V2","PB","P1",56,"smartseq","nd","cluster1_2_4","IgG"
"RHB3935","RHB3935","MUX4631","RNA0150L3","LNA002","V2","PB","P1",57,"smartseq","nd","cluster1_2_4","no_isotype"
"RHB3936","RHB3936","MUX4631","RNA0150L3","LNA002","V2","PB","P1",58,"smartseq","nd","cluster1_2_4","no_isotype"
"RHB3937","RHB3937","MUX4631","RNA0150L3","LNA002","V2","PB","P1",59,"smartseq","nd","cluster1_2_4","IgA"
"RHB3938","RHB3938","MUX4631","RNA0150L3","LNA002","V2","PB","P1",60,"smartseq","nd","cluster_3","IgG"
"RHB3939","RHB3939","MUX4631","RNA0150L3","LNA002","V2","PB","P1",61,"smartseq","nd","cluster1_2_4","IgA"
"RHB3940","RHB3940","MUX4631","RNA0150L3","LNA002","V2","PB","P1",62,"smartseq","nd","cluster_3","IgG"
"RHB3941","RHB3941","MUX4631","RNA0150L3","LNA002","V2","PB","P1",63,"smartseq","nd","cluster1_2_4","IgA"
"RHB3942","RHB3942","MUX4631","RNA0150L3","LNA002","V2","PB","P1",64,"smartseq","nd","cluster1_2_4","IgG"
"RHB3943","RHB3943","MUX4631","RNA0150L3","LNA002","V2","PB","P1",65,"smartseq","nd","cluster1_2_4","IgG"
"RHB3944","RHB3944","MUX4631","RNA0150L3","LNA002","V2","PB","P1",66,"smartseq","nd","cluster1_2_4","IgG"
"RHB3945","RHB3945","MUX4631","RNA0150L3","LNA002","V2","PB","P1",67,"smartseq","nd","cluster_3","IgA"
"RHB3946","RHB3946","MUX4631","RNA0150L3","LNA002","V2","PB","P1",68,"smartseq","nd","cluster1_2_4","IgA"
"RHB3947","RHB3947","MUX4631","RNA0150L3","LNA002","V2","PB","P1",69,"smartseq","nd","cluster_3","IgA"
"RHB3948","RHB3948","MUX4631","RNA0150L3","LNA002","V2","PB","P1",70,"smartseq","nd","cluster1_2_4","IgA"
"RHB3949","RHB3949","MUX4631","RNA0150L3","LNA002","V2","PB","P1",71,"smartseq","nd","cluster1_2_4","IgM"
"RHB3950","RHB3950","MUX4631","RNA0150L3","LNA002","V2","PB","P1",72,"smartseq","nd","cluster1_2_4","IgA"
"RHB3951","RHB3951","MUX4631","RNA0150L3","LNA002","V2","PB","P1",73,"smartseq","nd","cluster1_2_4","IgG"
"RHB3952","RHB3952","MUX4631","RNA0150L3","LNA002","V2","PB","P1",74,"smartseq","nd","cluster1_2_4","IgA"
"RHB3953","RHB3953","MUX4631","RNA0150L3","LNA002","V2","PB","P1",75,"smartseq","nd","cluster1_2_4","IgG"
"RHB3954","RHB3954","MUX4631","RNA0150L3","LNA002","V2","PB","P1",76,"smartseq","nd","cluster1_2_4","IgG"
"RHB3955","RHB3955","MUX4631","RNA0150L3","LNA002","V2","PB","P1",77,"smartseq","nd","cluster1_2_4","IgA"
"RHB3956","RHB3956","MUX4631","RNA0150L3","LNA002","V2","PB","P1",78,"smartseq","nd","cluster1_2_4","IgA"
"RHB3957","RHB3957","MUX4631","RNA0150L3","LNA002","V2","PB","P1",79,"smartseq","nd","cluster1_2_4","IgA"
"RHB3958","RHB3958","MUX4631","RNA0150L3","LNA002","V2","PB","P1",80,"smartseq","nd","cluster1_2_4","IgG"
"RHB3959","RHB3959","MUX4631","RNA0150L3","LNA002","V2","PB","P1",81,"smartseq","nd","cluster1_2_4","IgG"
"RHB3960","RHB3960","MUX4631","RNA0150L3","LNA002","V2","PB","P1",82,"smartseq","nd","cluster1_2_4","IgG"
"RHB3961","RHB3961","MUX4631","RNA0150L3","LNA002","V2","PB","P1",83,"smartseq","nd","cluster1_2_4","IgG"
"RHB3962","RHB3962","MUX4631","RNA0150L3","LNA002","V2","PB","P1",84,"smartseq","nd","cluster1_2_4","IgM"
"RHB3963","RHB3963","MUX4631","RNA0150L3","LNA002","V2","PB","P1",85,"smartseq","nd","cluster1_2_4","IgA"
"RHB3964","RHB3964","MUX4631","RNA0150L3","LNA002","V2","PB","P1",86,"smartseq","nd","cluster1_2_4","IgG"
"RHB3965","RHB3965","MUX4631","RNA0150L3","LNA002","V2","PB","P1",87,"smartseq","nd","cluster1_2_4","IgA"
"RHB3966","RHB3966","MUX4631","RNA0150L3","LNA002","V2","PB","P1",88,"smartseq","nd","cluster1_2_4","IgM"
"RHB3967","RHB3967","MUX4631","RNA0150L3","LNA002","V2","PB","P1",89,"smartseq","nd","cluster1_2_4","IgG"
"RHB3968","RHB3968","MUX4631","RNA0150L3","LNA002","V2","PB","P1",90,"smartseq","nd","cluster1_2_4","IgM"
"RHB3969","RHB3969","MUX4631","RNA0150L3","LNA002","V2","PB","P1",91,"smartseq","nd","cluster1_2_4","IgG"
"RHB3970","RHB3970","MUX4631","RNA0150L3","LNA002","V2","PB","P1",92,"smartseq","nd","cluster1_2_4","IgG"
"RHB3971","RHB3971","MUX4631","RNA0150L3","LNA002","V2","PB","P1",93,"smartseq","nd","cluster1_2_4","IgA"
"RHB3972","RHB3972","MUX4631","RNA0150L3","LNA002","V2","PB","P1",94,"smartseq","nd","cluster1_2_4","IgA"
"RHB3973","RHB3973","MUX4631","RNA0150L3","LNA002","V2","PB","P1",95,"smartseq","nd","cluster1_2_4","IgM"
"RHB3974","RHB3974","MUX4631","RNA0150L3","LNA002","V2","PB","P1",96,"smartseq","nd","cluster1_2_4","IgG"
"RHB3975","RHB3975","MUX4631","RNA0150L3","LNA002","V2","PB","P2",1,"smartseq","nd","cluster1_2_4","IgG"
"RHB3976","RHB3976","MUX4631","RNA0150L3","LNA002","V2","PB","P2",2,"smartseq","nd","cluster1_2_4","no_isotype"
"RHB3977","RHB3977","MUX4631","RNA0150L3","LNA002","V2","PB","P2",3,"smartseq","nd","cluster1_2_4","IgA"
"RHB3978","RHB3978","MUX4631","RNA0150L3","LNA002","V2","PB","P2",5,"smartseq","nd","cluster_3","no_isotype"
"RHB3979","RHB3979","MUX4631","RNA0150L3","LNA002","V2","PB","P2",6,"smartseq","nd","cluster_3","IgG"
"RHB3980","RHB3980","MUX4631","RNA0150L3","LNA002","V2","PB","P2",7,"smartseq","nd","cluster_3","IgG"
"RHB3981","RHB3981","MUX4631","RNA0150L3","LNA002","V2","PB","P2",9,"smartseq","nd","cluster1_2_4","IgA"
"RHB3982","RHB3982","MUX4631","RNA0150L3","LNA002","V2","PB","P2",10,"smartseq","nd","cluster1_2_4","no_isotype"
"RHB3983","RHB3983","MUX4631","RNA0150L3","LNA002","V2","PB","P2",11,"smartseq","nd","cluster1_2_4","IgM"
"RHB3984","RHB3984","MUX4631","RNA0150L3","LNA002","V2","PB","P2",12,"smartseq","nd","cluster1_2_4","IgM"
"RHB3985","RHB3985","MUX4631","RNA0150L3","LNA002","V2","PB","P2",13,"smartseq","nd","cluster1_2_4","IgA"
"RHB3986","RHB3986","MUX4631","RNA0150L3","LNA002","V2","PB","P2",14,"smartseq","nd","cluster1_2_4","IgG"
"RHB3987","RHB3987","MUX4631","RNA0150L3","LNA002","V2","PB","P2",15,"smartseq","nd","cluster1_2_4","IgG"
"RHB3988","RHB3988","MUX4631","RNA0150L3","LNA002","V2","PB","P2",16,"smartseq","nd","cluster1_2_4","IgG"
"RHB3989","RHB3989","MUX4631","RNA0150L3","LNA002","V2","PB","P2",17,"smartseq","nd","cluster1_2_4","IgG"
"RHB3990","RHB3990","MUX4631","RNA0150L3","LNA002","V2","PB","P2",18,"smartseq","nd","cluster_3","IgG"
"RHB3991","RHB3991","MUX4631","RNA0150L3","LNA002","V2","PB","P2",19,"smartseq","nd","cluster1_2_4","IgM"
"RHB3992","RHB3992","MUX4631","RNA0150L3","LNA002","V2","PB","P2",20,"smartseq","nd","cluster1_2_4","IgG"
"RHB3993","RHB3993","MUX4631","RNA0150L3","LNA002","V2","PB","P2",21,"smartseq","nd","cluster1_2_4","IgG"
"RHB3994","RHB3994","MUX4631","RNA0150L3","LNA002","V2","PB","P2",22,"smartseq","nd","cluster1_2_4","IgM"
"RHB3995","RHB3995","MUX4631","RNA0150L3","LNA002","V2","PB","P2",23,"smartseq","nd","cluster1_2_4","no_isotype"
"RHB3996","RHB3996","MUX4631","RNA0150L3","LNA002","V2","PB","P2",24,"smartseq","nd","cluster1_2_4","IgA"
"RHB3997","RHB3997","MUX4631","RNA0150L3","LNA002","V2","PB","P2",25,"smartseq","nd","cluster_3","IgM"
"RHB3998","RHB3998","MUX4631","RNA0150L3","LNA002","V2","PB","P2",26,"smartseq","nd","cluster_3","IgA"
"RHB3999","RHB3999","MUX4631","RNA0150L3","LNA002","V2","PB","P2",27,"smartseq","nd","cluster1_2_4","IgA"
"RHB4000","RHB4000","MUX4631","RNA0150L3","LNA002","V2","PB","P2",28,"smartseq","nd","cluster1_2_4","IgA"
"RHB4001","RHB4001","MUX4631","RNA0150L3","LNA002","V2","PB","P2",29,"smartseq","nd","cluster1_2_4","IgG"
"RHB4002","RHB4002","MUX4631","RNA0150L3","LNA002","V2","PB","P2",30,"smartseq","nd","cluster1_2_4","IgG_IgA"
"RHB4003","RHB4003","MUX4631","RNA0150L3","LNA002","V2","PB","P2",31,"smartseq","nd","cluster1_2_4","IgA"
"RHB4004","RHB4004","MUX4631","RNA0150L3","LNA002","V2","PB","P2",32,"smartseq","nd","cluster1_2_4","IgA"
"RHB4005","RHB4005","MUX4631","RNA0150L3","LNA002","V2","PB","P2",33,"smartseq","nd","cluster1_2_4","IgA"
"RHB4006","RHB4006","MUX4631","RNA0150L3","LNA002","V2","PB","P2",34,"smartseq","nd","cluster1_2_4","IgM"
"RHB4007","RHB4007","MUX4631","RNA0150L3","LNA002","V2","PB","P2",35,"smartseq","nd","cluster1_2_4","IgM"
"RHB4008","RHB4008","MUX4631","RNA0150L3","LNA002","V2","PB","P2",36,"smartseq","nd","cluster1_2_4","IgG"
"RHB4009","RHB4009","MUX4631","RNA0150L3","LNA002","V2","PB","P2",37,"smartseq","nd","cluster1_2_4","IgG"
"RHB4010","RHB4010","MUX4631","RNA0150L3","LNA002","V2","PB","P2",38,"smartseq","nd","cluster1_2_4","IgG"
"RHB4011","RHB4011","MUX4631","RNA0150L3","LNA002","V2","PB","P2",39,"smartseq","nd","cluster1_2_4","IgM"
"RHB4012","RHB4012","MUX4631","RNA0150L3","LNA002","V2","PB","P2",42,"smartseq","nd","cluster1_2_4","IgA"
"RHB4013","RHB4013","MUX4631","RNA0150L3","LNA002","V2","PB","P2",43,"smartseq","nd","cluster1_2_4","IgA"
"RHB4014","RHB4014","MUX4631","RNA0150L3","LNA002","V2","PB","P2",44,"smartseq","nd","cluster_3","IgG"
"RHB4015","RHB4015","MUX4631","RNA0150L3","LNA002","V2","PB","P2",45,"smartseq","nd","cluster1_2_4","IgA"
"RHB4016","RHB4016","MUX4631","RNA0150L3","LNA002","V2","PB","P2",46,"smartseq","nd","cluster1_2_4","IgG"
"RHB4017","RHB4017","MUX4631","RNA0150L3","LNA002","V2","PB","P2",47,"smartseq","nd","cluster1_2_4","IgG"
"RHB4018","RHB4018","MUX4631","RNA0150L3","LNA002","V2","PB","P2",48,"smartseq","nd","cluster1_2_4","IgA"
"RHB4019","RHB4019","MUX4631","RNA0150L3","LNA002","V2","PB","P2",49,"smartseq","nd","cluster1_2_4","IgG"
"RHB4020","RHB4020","MUX4631","RNA0150L3","LNA002","V2","PB","P2",50,"smartseq","nd","cluster1_2_4","IgM"
"RHB4021","RHB4021","MUX4631","RNA0150L3","LNA002","V2","PB","P2",51,"smartseq","nd","cluster_3","IgA"
"RHB4022","RHB4022","MUX4631","RNA0150L3","LNA002","V2","PB","P2",52,"smartseq","nd","cluster1_2_4","IgA"
"RHB4023","RHB4023","MUX4631","RNA0150L3","LNA002","V2","PB","P2",53,"smartseq","nd","cluster1_2_4","IgA"
"RHB4024","RHB4024","MUX4631","RNA0150L3","LNA002","V2","PB","P2",54,"smartseq","nd","cluster1_2_4","IgG"
"RHB4025","RHB4025","MUX4631","RNA0150L3","LNA002","V2","PB","P2",55,"smartseq","nd","cluster1_2_4","no_isotype"
"RHB4026","RHB4026","MUX4631","RNA0150L3","LNA002","V2","PB","P2",56,"smartseq","nd","cluster1_2_4","IgG"
"RHB4027","RHB4027","MUX4631","RNA0150L3","LNA002","V2","PB","P2",57,"smartseq","nd","cluster1_2_4","IgA"
"RHB4028","RHB4028","MUX4631","RNA0150L3","LNA002","V2","PB","P2",58,"smartseq","nd","cluster1_2_4","IgA"
"RHB4029","RHB4029","MUX4631","RNA0150L3","LNA002","V2","PB","P2",59,"smartseq","nd","cluster1_2_4","IgG"
"RHB4030","RHB4030","MUX4631","RNA0150L3","LNA002","V2","PB","P2",60,"smartseq","nd","cluster1_2_4","IgG"
"RHB4031","RHB4031","MUX4631","RNA0150L3","LNA002","V2","PB","P2",61,"smartseq","nd","cluster1_2_4","IgG"
"RHB4032","RHB4032","MUX4631","RNA0150L3","LNA002","V2","PB","P2",62,"smartseq","nd","cluster1_2_4","IgM"
"RHB4033","RHB4033","MUX4631","RNA0150L3","LNA002","V2","PB","P2",63,"smartseq","nd","cluster1_2_4","IgA"
"RHB4034","RHB4034","MUX4631","RNA0150L3","LNA002","V2","PB","P2",64,"smartseq","nd","cluster1_2_4","IgG"
"RHB4035","RHB4035","MUX4631","RNA0150L3","LNA002","V2","PB","P2",65,"smartseq","nd","cluster1_2_4","IgA"
"RHB4036","RHB4036","MUX4631","RNA0150L3","LNA002","V2","PB","P2",66,"smartseq","nd","cluster1_2_4","IgM"
"RHB4037","RHB4037","MUX4631","RNA0150L3","LNA002","V2","PB","P2",67,"smartseq","nd","cluster1_2_4","IgG"
"RHB4038","RHB4038","MUX4631","RNA0150L3","LNA002","V2","PB","P2",68,"smartseq","nd","cluster1_2_4","IgA"
"RHB4039","RHB4039","MUX4631","RNA0150L3","LNA002","V2","PB","P2",69,"smartseq","nd","cluster1_2_4","IgG"
"RHB4040","RHB4040","MUX4631","RNA0150L3","LNA002","V2","PB","P2",70,"smartseq","nd","cluster1_2_4","IgG"
"RHB4041","RHB4041","MUX4631","RNA0150L3","LNA002","V2","PB","P2",71,"smartseq","nd","cluster1_2_4","IgA"
"RHB4042","RHB4042","MUX4631","RNA0150L3","LNA002","V2","PB","P2",72,"smartseq","nd","cluster1_2_4","IgG"
"RHB4043","RHB4043","MUX4631","RNA0150L3","LNA002","V2","PB","P2",73,"smartseq","nd","cluster1_2_4","no_isotype"
"RHB4044","RHB4044","MUX4631","RNA0150L3","LNA002","V2","PB","P2",74,"smartseq","nd","cluster1_2_4","IgA"
"RHB4045","RHB4045","MUX4631","RNA0150L3","LNA002","V2","PB","P2",75,"smartseq","nd","cluster1_2_4","no_isotype"
"RHB4046","RHB4046","MUX4631","RNA0150L3","LNA002","V2","PB","P2",76,"smartseq","nd","cluster1_2_4","IgA"
"RHB4047","RHB4047","MUX4631","RNA0150L3","LNA002","V2","PB","P2",77,"smartseq","nd","cluster1_2_4","IgA"
"RHB4048","RHB4048","MUX4631","RNA0150L3","LNA002","V2","PB","P2",78,"smartseq","nd","cluster1_2_4","IgM"
"RHB4049","RHB4049","MUX4631","RNA0150L3","LNA002","V2","PB","P2",79,"smartseq","nd","cluster1_2_4","IgA"
"RHB4050","RHB4050","MUX4631","RNA0150L3","LNA002","V2","PB","P2",80,"smartseq","nd","cluster1_2_4","IgG"
"RHB4051","RHB4051","MUX4631","RNA0150L3","LNA002","V2","PB","P2",81,"smartseq","nd","cluster1_2_4","IgG"
"RHB4052","RHB4052","MUX4631","RNA0150L3","LNA002","V2","PB","P2",82,"smartseq","nd","cluster1_2_4","IgA"
"RHB4053","RHB4053","MUX4631","RNA0150L3","LNA002","V2","PB","P2",83,"smartseq","nd","cluster1_2_4","IgM"
"RHB4054","RHB4054","MUX4631","RNA0150L3","LNA002","V2","PB","P2",84,"smartseq","nd","cluster1_2_4","IgG"
"RHB4055","RHB4055","MUX4631","RNA0150L3","LNA002","V2","PB","P2",85,"smartseq","nd","cluster1_2_4","IgG"
"RHB4056","RHB4056","MUX4631","RNA0150L3","LNA002","V2","PB","P2",86,"smartseq","nd","cluster1_2_4","IgM"
"RHB4057","RHB4057","MUX4631","RNA0150L3","LNA002","V2","PB","P2",87,"smartseq","nd","cluster1_2_4","IgG"
"RHB4058","RHB4058","MUX4631","RNA0150L3","LNA002","V2","PB","P2",88,"smartseq","nd","cluster1_2_4","IgA"
"RHB4059","RHB4059","MUX4631","RNA0150L3","LNA002","V2","PB","P2",89,"smartseq","nd","cluster1_2_4","IgG"
"RHB4060","RHB4060","MUX4631","RNA0150L3","LNA002","V2","PB","P2",90,"smartseq","nd","cluster1_2_4","IgG"
"RHB4061","RHB4061","MUX4631","RNA0150L3","LNA002","V2","PB","P2",91,"smartseq","nd","cluster1_2_4","IgA"
"RHB4062","RHB4062","MUX4631","RNA0150L3","LNA002","V2","PB","P2",92,"smartseq","nd","cluster1_2_4","IgA"
"RHB4063","RHB4063","MUX4631","RNA0150L3","LNA002","V2","PB","P2",93,"smartseq","nd","cluster1_2_4","IgG"
"RHB4064","RHB4064","MUX4631","RNA0150L3","LNA002","V2","PB","P2",94,"smartseq","nd","cluster1_2_4","IgG"
"RHB4065","RHB4065","MUX4631","RNA0150L3","LNA002","V2","PB","P2",95,"smartseq","nd","cluster1_2_4","IgM"
"RHB4066","RHB4066","MUX4631","RNA0150L3","LNA002","V2","PB","P2",96,"smartseq","nd","cluster1_2_4","IgG"
"RHB4601","RHB4601","MUX5105","RNA0159L1","LNA006","V1","PB","P1",1,"smartseq","nd","cluster_3","IgG"
"RHB4602","RHB4602","MUX5105","RNA0159L1","LNA006","V1","PB","P1",2,"smartseq","nd","cluster1_2_4","IgA"
"RHB4603","RHB4603","MUX5105","RNA0159L1","LNA006","V1","PB","P1",3,"smartseq","nd","cluster1_2_4","IgA"
"RHB4604","RHB4604","MUX5105","RNA0159L1","LNA006","V1","PB","P1",4,"smartseq","nd","cluster1_2_4","IgG"
"RHB4605","RHB4605","MUX5105","RNA0159L1","LNA006","V1","PB","P1",5,"smartseq","nd","cluster1_2_4","IgG"
"RHB4606","RHB4606","MUX5105","RNA0159L1","LNA006","V1","PB","P1",6,"smartseq","nd","cluster_3","IgG"
"RHB4607","RHB4607","MUX5105","RNA0159L1","LNA006","V1","PB","P1",7,"smartseq","nd","cluster_3","IgG"
"RHB4608","RHB4608","MUX5105","RNA0159L1","LNA006","V1","PB","P1",8,"smartseq","nd","cluster_3","IgA"
"RHB4609","RHB4609","MUX5105","RNA0159L1","LNA006","V1","PB","P1",9,"smartseq","nd","cluster1_2_4","IgG"
"RHB4610","RHB4610","MUX5105","RNA0159L1","LNA006","V1","PB","P1",10,"smartseq","nd","cluster_3","IgA"
"RHB4611","RHB4611","MUX5105","RNA0159L1","LNA006","V1","PB","P1",11,"smartseq","nd","cluster_3","IgG"
"RHB4612","RHB4612","MUX5105","RNA0159L1","LNA006","V1","PB","P1",12,"smartseq","nd","cluster1_2_4","IgG"
"RHB4613","RHB4613","MUX5105","RNA0159L1","LNA006","V1","PB","P1",13,"smartseq","nd","cluster1_2_4","IgG"
"RHB4614","RHB4614","MUX5105","RNA0159L1","LNA006","V1","PB","P1",14,"smartseq","nd","cluster_3","IgG"
"RHB4615","RHB4615","MUX5105","RNA0159L1","LNA006","V1","PB","P1",15,"smartseq","nd","cluster_3","IgG"
"RHB4616","RHB4616","MUX5105","RNA0159L1","LNA006","V1","PB","P1",16,"smartseq","nd","cluster1_2_4","IgG"
"RHB4617","RHB4617","MUX5105","RNA0159L1","LNA006","V1","PB","P1",17,"smartseq","nd","cluster1_2_4","IgG"
"RHB4618","RHB4618","MUX5105","RNA0159L1","LNA006","V1","PB","P1",18,"smartseq","nd","cluster1_2_4","IgA"
"RHB4619","RHB4619","MUX5105","RNA0159L1","LNA006","V1","PB","P1",19,"smartseq","nd","cluster_3","IgG"
"RHB4620","RHB4620","MUX5105","RNA0159L1","LNA006","V1","PB","P1",20,"smartseq","nd","cluster1_2_4","IgG"
"RHB4621","RHB4621","MUX5105","RNA0159L1","LNA006","V1","PB","P1",21,"smartseq","nd","cluster1_2_4","no_isotype"
"RHB4622","RHB4622","MUX5105","RNA0159L1","LNA006","V1","PB","P1",22,"smartseq","nd","cluster1_2_4","IgG"
"RHB4623","RHB4623","MUX5105","RNA0159L1","LNA006","V1","PB","P1",23,"smartseq","nd","cluster1_2_4","IgG"
"RHB4624","RHB4624","MUX5105","RNA0159L1","LNA006","V1","PB","P1",24,"smartseq","nd","cluster1_2_4","IgG"
"RHB4625","RHB4625","MUX5105","RNA0159L1","LNA006","V1","PB","P1",25,"smartseq","nd","cluster1_2_4","IgM"
"RHB4626","RHB4626","MUX5105","RNA0159L1","LNA006","V1","PB","P1",26,"smartseq","nd","cluster1_2_4","IgM"
"RHB4627","RHB4627","MUX5105","RNA0159L1","LNA006","V1","PB","P1",27,"smartseq","nd","cluster1_2_4","IgG"
"RHB4628","RHB4628","MUX5105","RNA0159L1","LNA006","V1","PB","P1",28,"smartseq","nd","cluster1_2_4","IgG"
"RHB4629","RHB4629","MUX5105","RNA0159L1","LNA006","V1","PB","P1",29,"smartseq","nd","cluster1_2_4","IgG"
"RHB4630","RHB4630","MUX5105","RNA0159L1","LNA006","V1","PB","P1",30,"smartseq","nd","cluster1_2_4","no_isotype"
"RHB4631","RHB4631","MUX5105","RNA0159L1","LNA006","V1","PB","P1",31,"smartseq","nd","cluster_3","IgG"
"RHB4632","RHB4632","MUX5105","RNA0159L1","LNA006","V1","PB","P1",32,"smartseq","nd","cluster1_2_4","IgG"
"RHB4633","RHB4633","MUX5105","RNA0159L1","LNA006","V1","PB","P1",33,"smartseq","nd","cluster_3","IgG"
"RHB4634","RHB4634","MUX5105","RNA0159L1","LNA006","V1","PB","P1",34,"smartseq","nd","cluster1_2_4","IgG"
"RHB4635","RHB4635","MUX5105","RNA0159L1","LNA006","V1","PB","P1",35,"smartseq","nd","cluster1_2_4","IgG"
"RHB4636","RHB4636","MUX5105","RNA0159L1","LNA006","V1","PB","P1",36,"smartseq","nd","cluster1_2_4","IgG"
"RHB4637","RHB4637","MUX5105","RNA0159L1","LNA006","V1","PB","P1",37,"smartseq","nd","cluster1_2_4","IgG"
"RHB4638","RHB4638","MUX5105","RNA0159L1","LNA006","V1","PB","P1",38,"smartseq","nd","cluster_3","IgG"
"RHB4639","RHB4639","MUX5105","RNA0159L1","LNA006","V1","PB","P1",39,"smartseq","nd","cluster1_2_4","IgG"
"RHB4640","RHB4640","MUX5105","RNA0159L1","LNA006","V1","PB","P1",40,"smartseq","nd","cluster1_2_4","IgM"
"RHB4641","RHB4641","MUX5105","RNA0159L1","LNA006","V1","PB","P1",41,"smartseq","nd","cluster1_2_4","IgG"
"RHB4642","RHB4642","MUX5105","RNA0159L1","LNA006","V1","PB","P1",42,"smartseq","nd","cluster1_2_4","IgA"
"RHB4643","RHB4643","MUX5105","RNA0159L1","LNA006","V1","PB","P1",43,"smartseq","nd","cluster1_2_4","IgM"
"RHB4644","RHB4644","MUX5105","RNA0159L1","LNA006","V1","PB","P1",44,"smartseq","nd","cluster1_2_4","IgA"
"RHB4645","RHB4645","MUX5105","RNA0159L1","LNA006","V1","PB","P1",45,"smartseq","nd","cluster1_2_4","IgG"
"RHB4646","RHB4646","MUX5105","RNA0159L1","LNA006","V1","PB","P1",46,"smartseq","nd","cluster1_2_4","IgM"
"RHB4647","RHB4647","MUX5105","RNA0159L1","LNA006","V1","PB","P1",47,"smartseq","nd","cluster_3","IgG"
"RHB4648","RHB4648","MUX5105","RNA0159L1","LNA006","V1","PB","P1",48,"smartseq","nd","cluster1_2_4","IgA"
"RHB4649","RHB4649","MUX5105","RNA0159L1","LNA006","V1","PB","P1",49,"smartseq","nd","cluster1_2_4","IgG"
"RHB4650","RHB4650","MUX5105","RNA0159L1","LNA006","V1","PB","P1",50,"smartseq","nd","cluster_3","IgA"
"RHB4651","RHB4651","MUX5105","RNA0159L1","LNA006","V1","PB","P1",51,"smartseq","nd","cluster1_2_4","IgG"
"RHB4652","RHB4652","MUX5105","RNA0159L1","LNA006","V1","PB","P1",52,"smartseq","nd","cluster1_2_4","IgG"
"RHB4653","RHB4653","MUX5105","RNA0159L1","LNA006","V1","PB","P1",53,"smartseq","nd","cluster_3","IgA"
"RHB4654","RHB4654","MUX5105","RNA0159L1","LNA006","V1","PB","P1",54,"smartseq","nd","cluster1_2_4","IgM"
"RHB4655","RHB4655","MUX5105","RNA0159L1","LNA006","V1","PB","P1",55,"smartseq","nd","cluster1_2_4","IgA"
"RHB4656","RHB4656","MUX5105","RNA0159L1","LNA006","V1","PB","P1",56,"smartseq","nd","cluster1_2_4","IgG"
"RHB4657","RHB4657","MUX5105","RNA0159L1","LNA006","V1","PB","P1",57,"smartseq","nd","cluster1_2_4","IgG"
"RHB4658","RHB4658","MUX5105","RNA0159L1","LNA006","V1","PB","P1",58,"smartseq","nd","cluster1_2_4","IgG"
"RHB4659","RHB4659","MUX5105","RNA0159L1","LNA006","V1","PB","P1",59,"smartseq","nd","cluster1_2_4","IgA"
"RHB4660","RHB4660","MUX5105","RNA0159L1","LNA006","V1","PB","P1",60,"smartseq","nd","cluster_3","IgG"
"RHB4661","RHB4661","MUX5105","RNA0159L1","LNA006","V1","PB","P1",61,"smartseq","nd","cluster_3","IgM"
"RHB4662","RHB4662","MUX5105","RNA0159L1","LNA006","V1","PB","P1",62,"smartseq","nd","cluster1_2_4","IgG"
"RHB4663","RHB4663","MUX5105","RNA0159L1","LNA006","V1","PB","P1",63,"smartseq","nd","cluster1_2_4","IgM"
"RHB4664","RHB4664","MUX5105","RNA0159L1","LNA006","V1","PB","P1",64,"smartseq","nd","cluster_3","IgG"
"RHB4665","RHB4665","MUX5105","RNA0159L1","LNA006","V1","PB","P1",65,"smartseq","nd","cluster1_2_4","IgA"
"RHB4666","RHB4666","MUX5105","RNA0159L1","LNA006","V1","PB","P1",66,"smartseq","nd","cluster_3","IgG"
"RHB4667","RHB4667","MUX5105","RNA0159L1","LNA006","V1","PB","P1",67,"smartseq","nd","cluster1_2_4","IgA"
"RHB4668","RHB4668","MUX5105","RNA0159L1","LNA006","V1","PB","P1",68,"smartseq","nd","cluster_3","IgG"
"RHB4669","RHB4669","MUX5105","RNA0159L1","LNA006","V1","PB","P1",69,"smartseq","nd","cluster1_2_4","IgG"
"RHB4670","RHB4670","MUX5106","RNA0159L2","LNA006","V1","PB","P1",70,"smartseq","nd","cluster1_2_4","IgG"
"RHB4671","RHB4671","MUX5106","RNA0159L2","LNA006","V1","PB","P1",71,"smartseq","nd","cluster1_2_4","IgM"
"RHB4672","RHB4672","MUX5106","RNA0159L2","LNA006","V1","PB","P1",72,"smartseq","nd","cluster1_2_4","IgG"
"RHB4673","RHB4673","MUX5106","RNA0159L2","LNA006","V1","PB","P1",73,"smartseq","nd","cluster1_2_4","no_isotype"
"RHB4674","RHB4674","MUX5106","RNA0159L2","LNA006","V1","PB","P1",74,"smartseq","nd","cluster_3","IgG"
"RHB4675","RHB4675","MUX5106","RNA0159L2","LNA006","V1","PB","P1",75,"smartseq","nd","cluster1_2_4","IgG"
"RHB4676","RHB4676","MUX5106","RNA0159L2","LNA006","V1","PB","P1",76,"smartseq","nd","cluster1_2_4","IgM"
"RHB4677","RHB4677","MUX5106","RNA0159L2","LNA006","V1","PB","P1",77,"smartseq","nd","cluster_3","IgM"
"RHB4678","RHB4678","MUX5106","RNA0159L2","LNA006","V1","PB","P1",78,"smartseq","nd","cluster1_2_4","IgG"
"RHB4679","RHB4679","MUX5106","RNA0159L2","LNA006","V1","PB","P1",79,"smartseq","nd","cluster1_2_4","IgG"
"RHB4680","RHB4680","MUX5106","RNA0159L2","LNA006","V1","PB","P1",80,"smartseq","nd","cluster1_2_4","IgA"
"RHB4681","RHB4681","MUX5106","RNA0159L2","LNA006","V1","PB","P1",81,"smartseq","nd","cluster1_2_4","IgG"
"RHB4682","RHB4682","MUX5106","RNA0159L2","LNA006","V1","PB","P1",82,"smartseq","nd","cluster_3","IgM"
"RHB4683","RHB4683","MUX5106","RNA0159L2","LNA006","V1","PB","P1",83,"smartseq","nd","cluster_3","IgG"
"RHB4684","RHB4684","MUX5106","RNA0159L2","LNA006","V1","PB","P1",84,"smartseq","nd","cluster1_2_4","IgG"
"RHB4685","RHB4685","MUX5106","RNA0159L2","LNA006","V1","PB","P1",85,"smartseq","nd","cluster1_2_4","IgG"
"RHB4686","RHB4686","MUX5106","RNA0159L2","LNA006","V1","PB","P1",86,"smartseq","nd","cluster1_2_4","IgG"
"RHB4687","RHB4687","MUX5106","RNA0159L2","LNA006","V1","PB","P1",87,"smartseq","nd","cluster1_2_4","IgA"
"RHB4688","RHB4688","MUX5106","RNA0159L2","LNA006","V1","PB","P1",88,"smartseq","nd","cluster1_2_4","IgM"
"RHB4689","RHB4689","MUX5106","RNA0159L2","LNA006","V1","PB","P1",89,"smartseq","nd","cluster1_2_4","IgG"
"RHB4690","RHB4690","MUX5106","RNA0159L2","LNA006","V1","PB","P1",90,"smartseq","nd","cluster1_2_4","IgA"
"RHB4691","RHB4691","MUX5106","RNA0159L2","LNA006","V1","PB","P1",91,"smartseq","nd","cluster_3","IgG"
"RHB4692","RHB4692","MUX5106","RNA0159L2","LNA006","V1","PB","P1",92,"smartseq","nd","cluster1_2_4","IgA"
"RHB4693","RHB4693","MUX5106","RNA0159L2","LNA006","V1","PB","P1",93,"smartseq","nd","cluster1_2_4","IgG"
"RHB4694","RHB4694","MUX5106","RNA0159L2","LNA006","V1","PB","P1",94,"smartseq","nd","cluster1_2_4","IgG"
"RHB4695","RHB4695","MUX5106","RNA0159L2","LNA006","V1","PB","P1",95,"smartseq","nd","cluster1_2_4","IgA"
"RHB4696","RHB4696","MUX5106","RNA0159L2","LNA006","V1","PB","P1",96,"smartseq","nd","cluster1_2_4","IgA"
"RHB4697","RHB4697","MUX5106","RNA0159L2","LNA006","V1","PB","P2",1,"smartseq","nd","cluster1_2_4","IgM"
"RHB4698","RHB4698","MUX5106","RNA0159L2","LNA006","V1","PB","P2",2,"smartseq","nd","cluster1_2_4","IgG"
"RHB4699","RHB4699","MUX5106","RNA0159L2","LNA006","V1","PB","P2",3,"smartseq","nd","cluster1_2_4","IgM"
"RHB4700","RHB4700","MUX5106","RNA0159L2","LNA006","V1","PB","P2",4,"smartseq","nd","cluster1_2_4","no_isotype"
"RHB4701","RHB4701","MUX5106","RNA0159L2","LNA006","V1","PB","P2",5,"smartseq","nd","cluster1_2_4","IgM"
"RHB4702","RHB4702","MUX5106","RNA0159L2","LNA006","V1","PB","P2",6,"smartseq","nd","cluster1_2_4","IgG"
"RHB4703","RHB4703","MUX5106","RNA0159L2","LNA006","V1","PB","P2",7,"smartseq","nd","cluster1_2_4","IgG"
"RHB4704","RHB4704","MUX5106","RNA0159L2","LNA006","V1","PB","P2",8,"smartseq","nd","cluster1_2_4","no_isotype"
"RHB4705","RHB4705","MUX5106","RNA0159L2","LNA006","V1","PB","P2",9,"smartseq","nd","cluster_3","IgG"
"RHB4706","RHB4706","MUX5106","RNA0159L2","LNA006","V1","PB","P2",10,"smartseq","nd","cluster1_2_4","IgG"
"RHB4707","RHB4707","MUX5106","RNA0159L2","LNA006","V1","PB","P2",11,"smartseq","nd","cluster1_2_4","IgG"
"RHB4708","RHB4708","MUX5106","RNA0159L2","LNA006","V1","PB","P2",12,"smartseq","nd","cluster1_2_4","IgG"
"RHB4709","RHB4709","MUX5106","RNA0159L2","LNA006","V1","PB","P2",13,"smartseq","nd","cluster_3","IgG"
"RHB4710","RHB4710","MUX5106","RNA0159L2","LNA006","V1","PB","P2",14,"smartseq","nd","cluster1_2_4","IgG"
"RHB4711","RHB4711","MUX5106","RNA0159L2","LNA006","V1","PB","P2",15,"smartseq","nd","cluster_3","IgM"
"RHB4712","RHB4712","MUX5106","RNA0159L2","LNA006","V1","PB","P2",16,"smartseq","nd","cluster_3","IgG"
"RHB4713","RHB4713","MUX5106","RNA0159L2","LNA006","V1","PB","P2",17,"smartseq","nd","cluster1_2_4","IgG"
"RHB4714","RHB4714","MUX5106","RNA0159L2","LNA006","V1","PB","P2",18,"smartseq","nd","cluster1_2_4","IgA"
"RHB4715","RHB4715","MUX5106","RNA0159L2","LNA006","V1","PB","P2",19,"smartseq","nd","cluster1_2_4","IgM"
"RHB4716","RHB4716","MUX5106","RNA0159L2","LNA006","V1","PB","P2",20,"smartseq","nd","cluster1_2_4","IgG"
"RHB4717","RHB4717","MUX5106","RNA0159L2","LNA006","V1","PB","P2",21,"smartseq","nd","cluster1_2_4","IgG"
"RHB4718","RHB4718","MUX5106","RNA0159L2","LNA006","V1","PB","P2",22,"smartseq","nd","cluster_3","IgG"
"RHB4719","RHB4719","MUX5106","RNA0159L2","LNA006","V1","PB","P2",23,"smartseq","nd","cluster_3","IgG"
"RHB4720","RHB4720","MUX5106","RNA0159L2","LNA006","V1","PB","P2",24,"smartseq","nd","cluster1_2_4","IgG"
"RHB4721","RHB4721","MUX5106","RNA0159L2","LNA006","V1","PB","P2",25,"smartseq","nd","cluster_3","IgG"
"RHB4722","RHB4722","MUX5106","RNA0159L2","LNA006","V1","PB","P2",26,"smartseq","nd","cluster1_2_4","IgG"
"RHB4723","RHB4723","MUX5106","RNA0159L2","LNA006","V1","PB","P2",27,"smartseq","nd","cluster1_2_4","IgG"
"RHB4724","RHB4724","MUX5106","RNA0159L2","LNA006","V1","PB","P2",28,"smartseq","nd","cluster_3","IgG"
"RHB4725","RHB4725","MUX5106","RNA0159L2","LNA006","V1","PB","P2",29,"smartseq","nd","cluster1_2_4","IgG"
"RHB4726","RHB4726","MUX5106","RNA0159L2","LNA006","V1","PB","P2",30,"smartseq","nd","cluster1_2_4","IgG"
"RHB4727","RHB4727","MUX5106","RNA0159L2","LNA006","V1","PB","P2",31,"smartseq","nd","cluster1_2_4","IgG"
"RHB4728","RHB4728","MUX5106","RNA0159L2","LNA006","V1","PB","P2",33,"smartseq","nd","cluster1_2_4","IgG"
"RHB4729","RHB4729","MUX5106","RNA0159L2","LNA006","V1","PB","P2",34,"smartseq","nd","cluster1_2_4","IgG"
"RHB4730","RHB4730","MUX5106","RNA0159L2","LNA006","V1","PB","P2",35,"smartseq","nd","cluster1_2_4","IgG"
"RHB4731","RHB4731","MUX5106","RNA0159L2","LNA006","V1","PB","P2",36,"smartseq","nd","cluster_3","IgG"
"RHB4732","RHB4732","MUX5106","RNA0159L2","LNA006","V1","PB","P2",37,"smartseq","nd","cluster1_2_4","IgG"
"RHB4733","RHB4733","MUX5106","RNA0159L2","LNA006","V1","PB","P2",38,"smartseq","nd","cluster1_2_4","IgG"
"RHB4734","RHB4734","MUX5106","RNA0159L2","LNA006","V1","PB","P2",39,"smartseq","nd","cluster1_2_4","IgG"
"RHB4735","RHB4735","MUX5106","RNA0159L2","LNA006","V1","PB","P2",40,"smartseq","nd","cluster1_2_4","IgG"
"RHB4736","RHB4736","MUX5106","RNA0159L2","LNA006","V1","PB","P2",41,"smartseq","nd","cluster1_2_4","IgG"
"RHB4737","RHB4737","MUX5106","RNA0159L2","LNA006","V1","PB","P2",42,"smartseq","nd","cluster1_2_4","IgG"
"RHB4738","RHB4738","MUX5106","RNA0159L2","LNA006","V1","PB","P2",43,"smartseq","nd","cluster_3","IgA"
"RHB4739","RHB4739","MUX5106","RNA0159L2","LNA006","V1","PB","P2",44,"smartseq","nd","cluster1_2_4","IgG"
"RHB4740","RHB4740","MUX5106","RNA0159L2","LNA006","V1","PB","P2",45,"smartseq","nd","cluster1_2_4","IgM"
"RHB4741","RHB4741","MUX5106","RNA0159L2","LNA006","V1","PB","P2",46,"smartseq","nd","cluster1_2_4","IgM"
"RHB4742","RHB4742","MUX5106","RNA0159L2","LNA006","V1","PB","P2",47,"smartseq","nd","cluster1_2_4","IgG"
"RHB4743","RHB4743","MUX5106","RNA0159L2","LNA006","V1","PB","P2",48,"smartseq","nd","cluster1_2_4","IgG"
"RHB4744","RHB4744","MUX5106","RNA0159L2","LNA006","V1","PB","P2",49,"smartseq","nd","cluster_3","no_isotype"
"RHB4745","RHB4745","MUX5106","RNA0159L2","LNA006","V1","PB","P2",50,"smartseq","nd","cluster1_2_4","IgG"
"RHB4746","RHB4746","MUX5106","RNA0159L2","LNA006","V1","PB","P2",51,"smartseq","nd","cluster1_2_4","IgG"
"RHB4747","RHB4747","MUX5106","RNA0159L2","LNA006","V1","PB","P2",52,"smartseq","nd","cluster1_2_4","IgM"
"RHB4748","RHB4748","MUX5106","RNA0159L2","LNA006","V1","PB","P2",53,"smartseq","nd","cluster1_2_4","IgG"
"RHB4749","RHB4749","MUX5106","RNA0159L2","LNA018","V1","PB","P1",1,"smartseq","nd","cluster_3","IgG"
"RHB4750","RHB4750","MUX5106","RNA0159L2","LNA018","V1","PB","P1",2,"smartseq","nd","cluster1_2_4","no_isotype"
"RHB4751","RHB4751","MUX5106","RNA0159L2","LNA018","V1","PB","P1",3,"smartseq","nd","cluster1_2_4","IgA"
"RHB4752","RHB4752","MUX5106","RNA0159L2","LNA018","V1","PB","P1",4,"smartseq","nd","cluster1_2_4","IgA"
"RHB4753","RHB4753","MUX5106","RNA0159L2","LNA018","V1","PB","P1",5,"smartseq","nd","cluster_3","IgA"
"RHB4754","RHB4754","MUX5106","RNA0159L2","LNA018","V1","PB","P1",6,"smartseq","nd","cluster1_2_4","IgA"
"RHB4755","RHB4755","MUX5106","RNA0159L2","LNA018","V1","PB","P1",7,"smartseq","nd","cluster1_2_4","IgA"
"RHB4756","RHB4756","MUX5106","RNA0159L2","LNA018","V1","PB","P1",8,"smartseq","nd","cluster1_2_4","IgA"
"RHB4757","RHB4757","MUX5106","RNA0159L2","LNA018","V1","PB","P1",9,"smartseq","nd","cluster1_2_4","no_isotype"
"RHB4758","RHB4758","MUX5106","RNA0159L2","LNA018","V1","PB","P1",10,"smartseq","nd","cluster1_2_4","IgG"
"RHB4759","RHB4759","MUX5106","RNA0159L2","LNA018","V1","PB","P1",11,"smartseq","nd","cluster1_2_4","IgA"
"RHB4760","RHB4760","MUX5106","RNA0159L2","LNA018","V1","PB","P1",12,"smartseq","nd","cluster1_2_4","IgG"
"RHB4761","RHB4761","MUX5106","RNA0159L2","LNA018","V1","PB","P1",13,"smartseq","nd","cluster1_2_4","IgG"
"RHB4762","RHB4762","MUX5106","RNA0159L2","LNA018","V1","PB","P1",14,"smartseq","nd","cluster_3","IgG"
"RHB4763","RHB4763","MUX5106","RNA0159L2","LNA018","V1","PB","P1",15,"smartseq","nd","cluster1_2_4","IgA"
"RHB4764","RHB4764","MUX5106","RNA0159L2","LNA018","V1","PB","P1",16,"smartseq","nd","cluster1_2_4","IgA"
"RHB4765","RHB4765","MUX5106","RNA0159L2","LNA018","V1","PB","P1",17,"smartseq","nd","cluster1_2_4","IgA"
"RHB4766","RHB4766","MUX5106","RNA0159L2","LNA018","V1","PB","P1",18,"smartseq","nd","cluster1_2_4","IgG"
"RHB4767","RHB4767","MUX5106","RNA0159L2","LNA018","V1","PB","P1",19,"smartseq","nd","cluster1_2_4","no_isotype"
"RHB4768","RHB4768","MUX5106","RNA0159L2","LNA018","V1","PB","P1",20,"smartseq","nd","cluster1_2_4","IgG"
"RHB4769","RHB4769","MUX5106","RNA0159L2","LNA018","V1","PB","P1",21,"smartseq","nd","cluster1_2_4","IgG"
"RHB4770","RHB4770","MUX5106","RNA0159L2","LNA018","V1","PB","P1",22,"smartseq","nd","cluster1_2_4","IgG"
"RHB4771","RHB4771","MUX5106","RNA0159L2","LNA018","V1","PB","P1",23,"smartseq","nd","cluster_3","IgG"
"RHB4772","RHB4772","MUX5106","RNA0159L2","LNA018","V1","PB","P1",24,"smartseq","nd","cluster1_2_4","IgG"
"RHB4773","RHB4773","MUX5106","RNA0159L2","LNA018","V1","PB","P1",25,"smartseq","nd","cluster1_2_4","IgG"
"RHB4774","RHB4774","MUX5106","RNA0159L2","LNA018","V1","PB","P1",26,"smartseq","nd","cluster_3","IgG"
"RHB4775","RHB4775","MUX5106","RNA0159L2","LNA018","V1","PB","P1",28,"smartseq","nd","cluster1_2_4","IgG"
"RHB4776","RHB4776","MUX5106","RNA0159L2","LNA018","V1","PB","P1",29,"smartseq","nd","cluster1_2_4","IgA"
"RHB4777","RHB4777","MUX5106","RNA0159L2","LNA018","V1","PB","P1",30,"smartseq","nd","cluster1_2_4","IgA"
"RHB4778","RHB4778","MUX5106","RNA0159L2","LNA018","V1","PB","P1",31,"smartseq","nd","cluster1_2_4","IgG"
"RHB4779","RHB4779","MUX5106","RNA0159L2","LNA018","V1","PB","P1",32,"smartseq","nd","cluster1_2_4","IgG"
"RHB4780","RHB4780","MUX5106","RNA0159L2","LNA018","V1","PB","P1",33,"smartseq","nd","cluster_3","IgA"
"RHB4781","RHB4781","MUX5106","RNA0159L2","LNA018","V1","PB","P1",34,"smartseq","nd","cluster1_2_4","IgG"
"RHB4782","RHB4782","MUX5106","RNA0159L2","LNA018","V1","PB","P1",35,"smartseq","nd","cluster1_2_4","IgG"
"RHB4783","RHB4783","MUX5106","RNA0159L2","LNA018","V1","PB","P1",36,"smartseq","nd","cluster1_2_4","IgA"
"RHB4784","RHB4784","MUX5106","RNA0159L2","LNA018","V1","PB","P1",37,"smartseq","nd","cluster1_2_4","IgA"
"RHB4785","RHB4785","MUX5106","RNA0159L2","LNA018","V1","PB","P1",38,"smartseq","nd","cluster1_2_4","IgG"
"RHB4786","RHB4786","MUX5106","RNA0159L2","LNA018","V1","PB","P1",39,"smartseq","nd","cluster1_2_4","IgG"
"RHB4787","RHB4787","MUX5106","RNA0159L2","LNA018","V1","PB","P1",40,"smartseq","nd","cluster1_2_4","no_isotype"
"RHB4788","RHB4788","MUX5106","RNA0159L2","LNA018","V1","PB","P1",41,"smartseq","nd","cluster1_2_4","IgA"
"RHB4789","RHB4789","MUX5106","RNA0159L2","LNA018","V1","PB","P1",42,"smartseq","nd","cluster1_2_4","IgG"
"RHB4790","RHB4790","MUX5106","RNA0159L2","LNA018","V1","PB","P1",43,"smartseq","nd","cluster1_2_4","IgG"
"RHB4791","RHB4791","MUX5106","RNA0159L2","LNA018","V1","PB","P1",44,"smartseq","nd","cluster1_2_4","IgA"
"RHB4792","RHB4792","MUX5106","RNA0159L2","LNA018","V1","PB","P1",45,"smartseq","nd","cluster_3","IgA"
"RHB4793","RHB4793","MUX5106","RNA0159L2","LNA018","V1","PB","P1",46,"smartseq","nd","cluster_3","IgG"
"RHB4794","RHB4794","MUX5106","RNA0159L2","LNA018","V1","PB","P1",47,"smartseq","nd","cluster1_2_4","IgG"
"RHB4795","RHB4795","MUX5106","RNA0159L2","LNA018","V1","PB","P1",48,"smartseq","nd","cluster1_2_4","IgM"
"RHB4796","RHB4796","MUX5106","RNA0159L2","LNA018","V1","PB","P1",49,"smartseq","nd","cluster1_2_4","IgA"
"RHB4797","RHB4797","MUX5106","RNA0159L2","LNA018","V1","PB","P1",50,"smartseq","nd","cluster1_2_4","IgG"
"RHB4798","RHB4798","MUX5106","RNA0159L2","LNA018","V1","PB","P1",51,"smartseq","nd","cluster1_2_4","IgA"
"RHB4799","RHB4799","MUX5106","RNA0159L2","LNA018","V1","PB","P1",52,"smartseq","nd","cluster1_2_4","IgA"
"RHB4800","RHB4800","MUX5106","RNA0159L2","LNA018","V1","PB","P1",53,"smartseq","nd","cluster1_2_4","IgA"
"RHB4801","RHB4801","MUX5106","RNA0159L2","LNA018","V1","PB","P1",54,"smartseq","nd","cluster1_2_4","IgG"
"RHB4802","RHB4802","MUX5106","RNA0159L2","LNA018","V1","PB","P1",55,"smartseq","nd","cluster_3","IgA"
"RHB4803","RHB4803","MUX5106","RNA0159L2","LNA018","V1","PB","P1",56,"smartseq","nd","cluster_3","IgA"
"RHB4804","RHB4804","MUX5106","RNA0159L2","LNA018","V1","PB","P1",57,"smartseq","nd","cluster1_2_4","IgA"
"RHB4805","RHB4805","MUX5106","RNA0159L2","LNA018","V1","PB","P1",59,"smartseq","nd","cluster1_2_4","IgA"
"RHB4806","RHB4806","MUX5106","RNA0159L2","LNA018","V1","PB","P1",61,"smartseq","nd","cluster_3","IgA"
"RHB4807","RHB4807","MUX5106","RNA0159L2","LNA018","V1","PB","P1",62,"smartseq","nd","cluster1_2_4","no_isotype"
"RHB4808","RHB4808","MUX5106","RNA0159L2","LNA018","V1","PB","P1",63,"smartseq","nd","cluster1_2_4","IgA"
"RHB4809","RHB4809","MUX5106","RNA0159L2","LNA018","V1","PB","P1",64,"smartseq","nd","cluster1_2_4","IgA"
"RHB4810","RHB4810","MUX5106","RNA0159L2","LNA018","V1","PB","P1",65,"smartseq","nd","cluster1_2_4","IgG"
"RHB4811","RHB4811","MUX5106","RNA0159L2","LNA018","V1","PB","P1",66,"smartseq","nd","cluster1_2_4","IgG"
"RHB4812","RHB4812","MUX5106","RNA0159L2","LNA018","V1","PB","P1",67,"smartseq","nd","cluster1_2_4","no_isotype"
"RHB4813","RHB4813","MUX5106","RNA0159L2","LNA018","V1","PB","P1",68,"smartseq","nd","cluster_3","IgA"
"RHB4814","RHB4814","MUX5106","RNA0159L2","LNA018","V1","PB","P1",69,"smartseq","nd","cluster1_2_4","IgM"
"RHB4815","RHB4815","MUX5106","RNA0159L2","LNA018","V1","PB","P1",70,"smartseq","nd","cluster1_2_4","IgG"
"RHB4816","RHB4816","MUX5106","RNA0159L2","LNA018","V1","PB","P1",71,"smartseq","nd","cluster1_2_4","IgG"
"RHB4817","RHB4817","MUX5106","RNA0159L2","LNA018","V1","PB","P1",72,"smartseq","nd","cluster1_2_4","IgG"
"RHB4818","RHB4818","MUX5106","RNA0159L2","LNA018","V1","PB","P1",73,"smartseq","nd","cluster1_2_4","IgA"
"RHB4819","RHB4819","MUX5106","RNA0159L2","LNA018","V1","PB","P1",74,"smartseq","nd","cluster1_2_4","IgA"
"RHB4820","RHB4820","MUX5106","RNA0159L2","LNA018","V1","PB","P1",75,"smartseq","nd","cluster1_2_4","IgM"
"RHB4821","RHB4821","MUX5106","RNA0159L2","LNA018","V1","PB","P1",76,"smartseq","nd","cluster1_2_4","IgA"
"RHB4822","RHB4822","MUX5106","RNA0159L2","LNA018","V2","PB","P1",1,"smartseq","nd","cluster1_2_4","IgG"
"RHB4823","RHB4823","MUX5106","RNA0159L2","LNA018","V2","PB","P1",2,"smartseq","nd","cluster1_2_4","IgA"
"RHB4824","RHB4824","MUX5106","RNA0159L2","LNA018","V2","PB","P1",3,"smartseq","nd","cluster_3","IgG"
"RHB4825","RHB4825","MUX5106","RNA0159L2","LNA018","V2","PB","P1",4,"smartseq","1","cluster1_2_4","IgG"
"RHB4826","RHB4826","MUX5106","RNA0159L2","LNA018","V2","PB","P1",5,"smartseq","nd","cluster1_2_4","IgA"
"RHB4827","RHB4827","MUX5106","RNA0159L2","LNA018","V2","PB","P1",6,"smartseq","nd","cluster1_2_4","IgA"
"RHB4828","RHB4828","MUX5106","RNA0159L2","LNA018","V2","PB","P1",7,"smartseq","1","cluster1_2_4","IgG"
"RHB4829","RHB4829","MUX5106","RNA0159L2","LNA018","V2","PB","P1",8,"smartseq","1","cluster1_2_4","IgG"
"RHB4830","RHB4830","MUX5106","RNA0159L2","LNA018","V2","PB","P1",9,"smartseq","nd","cluster1_2_4","IgA"
"RHB4831","RHB4831","MUX5106","RNA0159L2","LNA018","V2","PB","P1",10,"smartseq","nd","cluster1_2_4","no_isotype"
"RHB4832","RHB4832","MUX5106","RNA0159L2","LNA018","V2","PB","P1",11,"smartseq","nd","cluster1_2_4","IgA"
"RHB4833","RHB4833","MUX5106","RNA0159L2","LNA018","V2","PB","P1",12,"smartseq","nd","cluster1_2_4","IgA"
"RHB4834","RHB4834","MUX5106","RNA0159L2","LNA018","V2","PB","P1",13,"smartseq","nd","cluster1_2_4","IgA"
"RHB4835","RHB4835","MUX5106","RNA0159L2","LNA018","V2","PB","P1",14,"smartseq","1","cluster1_2_4","IgG"
"RHB4836","RHB4836","MUX5106","RNA0159L2","LNA018","V2","PB","P1",15,"smartseq","nd","cluster1_2_4","IgA"
"RHB4837","RHB4837","MUX5106","RNA0159L2","LNA018","V2","PB","P1",16,"smartseq","1","cluster1_2_4","IgG"
"RHB4838","RHB4838","MUX5106","RNA0159L2","LNA018","V2","PB","P1",17,"smartseq","1","cluster1_2_4","IgG"
"RHB4839","RHB4839","MUX5106","RNA0159L2","LNA018","V2","PB","P1",18,"smartseq","nd","cluster_3","IgG"
"RHB5010","RHB5010","MUX5159","RNA0159L4","LNA036","V2","PB","P1",53,"smartseq","0","cluster1_2_4","IgG"
"RHB5011","RHB5011","MUX5159","RNA0159L4","LNA036","V2","PB","P1",54,"smartseq","0","cluster1_2_4","IgG"
"RHB5012","RHB5012","MUX5159","RNA0159L4","LNA036","V2","PB","P1",55,"smartseq","1","cluster1_2_4","IgG"
"RHB5013","RHB5013","MUX5159","RNA0159L4","LNA036","V2","PB","P1",56,"smartseq","nd","cluster1_2_4","IgG"
"RHB5014","RHB5014","MUX5159","RNA0159L4","LNA036","V2","PB","P1",57,"smartseq","1","cluster1_2_4","IgG"
"RHB5015","RHB5015","MUX5159","RNA0159L4","LNA036","V2","PB","P1",58,"smartseq","1","cluster1_2_4","IgG"
"RHB5016","RHB5016","MUX5159","RNA0159L4","LNA036","V2","PB","P1",59,"smartseq","1","cluster1_2_4","IgG"
"RHB5017","RHB5017","MUX5159","RNA0159L4","LNA036","V2","PB","P1",60,"smartseq","nd","cluster1_2_4","IgA"
"RHB5018","RHB5018","MUX5159","RNA0159L4","LNA036","V2","PB","P1",61,"smartseq","nd","cluster1_2_4","IgG"
"RHB5019","RHB5019","MUX5159","RNA0159L4","LNA036","V2","PB","P1",62,"smartseq","nd","cluster1_2_4","IgG"
"RHB5020","RHB5020","MUX5159","RNA0159L4","LNA036","V2","PB","P1",63,"smartseq","nd","cluster1_2_4","IgG"
"RHB5021","RHB5021","MUX5159","RNA0159L4","LNA036","V2","PB","P1",64,"smartseq","0","cluster1_2_4","IgG"
"RHB5022","RHB5022","MUX5159","RNA0159L4","LNA036","V2","PB","P1",65,"smartseq","nd","cluster1_2_4","IgA"
"RHB5023","RHB5023","MUX5159","RNA0159L4","LNA036","V2","PB","P1",66,"smartseq","nd","cluster1_2_4","IgG"
"RHB5024","RHB5024","MUX5159","RNA0159L4","LNA036","V2","PB","P1",67,"smartseq","1","cluster1_2_4","IgG"
"RHB5025","RHB5025","MUX5159","RNA0159L4","LNA036","V2","PB","P1",68,"smartseq","1","cluster1_2_4","IgG"
"RHB5026","RHB5026","MUX5159","RNA0159L4","LNA036","V2","PB","P1",69,"smartseq","nd","cluster1_2_4","no_isotype"
"RHB5027","RHB5027","MUX5159","RNA0159L4","LNA036","V2","PB","P1",70,"smartseq","nd","cluster1_2_4","IgG"
"RHB5028","RHB5028","MUX5159","RNA0159L4","LNA036","V2","PB","P1",71,"smartseq","1","cluster1_2_4","IgG"
"RHB5029","RHB5029","MUX5159","RNA0159L4","LNA036","V2","PB","P1",72,"smartseq","nd","cluster1_2_4","IgG"
"RHB5030","RHB5030","MUX5159","RNA0159L4","LNA036","V2","PB","P1",73,"smartseq","nd","cluster1_2_4","no_isotype"
"RHB5031","RHB5031","MUX5159","RNA0159L4","LNA036","V2","PB","P1",74,"smartseq","nd","cluster1_2_4","IgA"
"RHB5032","RHB5032","MUX5159","RNA0159L4","LNA036","V2","PB","P1",75,"smartseq","nd","cluster1_2_4","IgG"
"RHB5033","RHB5033","MUX5159","RNA0159L4","LNA036","V2","PB","P1",76,"smartseq","1","cluster1_2_4","IgG"
"RHB5034","RHB5034","MUX5159","RNA0159L4","LNA036","V2","PB","P1",77,"smartseq","1","cluster_3","IgG"
"RHB5035","RHB5035","MUX5159","RNA0159L4","LNA036","V2","PB","P1",78,"smartseq","nd","cluster1_2_4","IgG"
"RHB5036","RHB5036","MUX5159","RNA0159L4","LNA036","V2","PB","P1",79,"smartseq","1","cluster1_2_4","IgG"
"RHB5037","RHB5037","MUX5159","RNA0159L4","LNA036","V2","PB","P1",80,"smartseq","1","cluster1_2_4","IgG"
"RHB5038","RHB5038","MUX5159","RNA0159L4","LNA036","V2","PB","P1",81,"smartseq","nd","cluster1_2_4","IgG"
"RHB5039","RHB5039","MUX5159","RNA0159L4","LNA036","V2","PB","P1",82,"smartseq","nd","cluster1_2_4","no_isotype"
"RHB5040","RHB5040","MUX5159","RNA0159L4","LNA036","V2","PB","P1",83,"smartseq","nd","cluster1_2_4","IgA"
"RHB5041","RHB5041","MUX5159","RNA0159L4","LNA036","V2","PB","P1",84,"smartseq","nd","cluster1_2_4","IgG"
"RHB5042","RHB5042","MUX5159","RNA0159L4","LNA036","V2","PB","P1",85,"smartseq","nd","cluster1_2_4","IgG"
"RHB5043","RHB5043","MUX5159","RNA0159L4","LNA036","V2","PB","P1",86,"smartseq","1","cluster_3","IgG"
"RHB5044","RHB5044","MUX5159","RNA0159L4","LNA036","V2","PB","P1",87,"smartseq","nd","cluster1_2_4","IgG"
"RHB5045","RHB5045","MUX5159","RNA0159L4","LNA036","V2","PB","P1",88,"smartseq","nd","cluster1_2_4","IgG"
"RHB5046","RHB5046","MUX5159","RNA0159L4","LNA036","V2","PB","P1",89,"smartseq","nd","cluster1_2_4","IgG"
"RHB5047","RHB5047","MUX5159","RNA0159L4","LNA036","V2","PB","P1",90,"smartseq","1","cluster1_2_4","IgG"
"RHB5048","RHB5048","MUX5159","RNA0159L4","LNA036","V2","PB","P1",91,"smartseq","1","cluster1_2_4","IgG"
"RHB5049","RHB5049","MUX5159","RNA0159L4","LNA036","V2","PB","P1",92,"smartseq","nd","cluster1_2_4","IgG"
"RHB5050","RHB5050","MUX5159","RNA0159L4","LNA036","V2","PB","P1",93,"smartseq","nd","cluster1_2_4","IgG"
"RHB5051","RHB5051","MUX5159","RNA0159L4","LNA036","V2","PB","P1",94,"smartseq","1","cluster_3","IgG"
"RHB5052","RHB5052","MUX5159","RNA0159L4","LNA036","V2","PB","P1",95,"smartseq","0","cluster1_2_4","IgG"
"RHB5053","RHB5053","MUX5159","RNA0159L4","LNA036","V2","PB","P1",96,"smartseq","1","cluster_3","IgG"
"RHB5165","RHB5165","MUX5159","RNA0150L5","LNA006","V2","PB","S2",13,"smartseq","nd","cluster1_2_4","no_isotype"
"RHB5166","RHB5166","MUX5159","RNA0150L5","LNA006","V2","PB","S2",14,"smartseq","nd","cluster1_2_4","IgG"
"RHB5167","RHB5167","MUX5159","RNA0150L5","LNA006","V2","PB","S2",15,"smartseq","nd","cluster1_2_4","IgG"
"RHB5168","RHB5168","MUX5159","RNA0150L5","LNA006","V2","PB","S2",16,"smartseq","nd","cluster1_2_4","IgM"
"RHB5169","RHB5169","MUX5159","RNA0150L5","LNA006","V2","PB","S2",23,"smartseq","nd","cluster1_2_4","IgA"
"RHB5179","RHB5179","MUX5159","RNA0150L5","LNA002","V2","PB","S1",14,"smartseq","nd","cluster1_2_4","IgA"
"RHB5434","RHB5434","MUX5590","RNA0159L6","LNA036","V2","PB","P1",1,"smartseq","nd","cluster_3","IgG"
"RHB5435","RHB5435","MUX5590","RNA0159L6","LNA036","V2","PB","P1",2,"smartseq","nd","cluster1_2_4","IgA"
"RHB5436","RHB5436","MUX5590","RNA0159L6","LNA036","V2","PB","P1",3,"smartseq","nd","cluster1_2_4","IgG"
"RHB5437","RHB5437","MUX5590","RNA0159L6","LNA036","V2","PB","P1",4,"smartseq","1","cluster1_2_4","IgG"
"RHB5438","RHB5438","MUX5590","RNA0159L6","LNA036","V2","PB","P1",5,"smartseq","nd","cluster1_2_4","IgG"
"RHB5439","RHB5439","MUX5590","RNA0159L6","LNA036","V2","PB","P1",6,"smartseq","nd","cluster1_2_4","IgG"
"RHB5440","RHB5440","MUX5590","RNA0159L6","LNA036","V2","PB","P1",7,"smartseq","nd","cluster1_2_4","IgG"
"RHB5441","RHB5441","MUX5590","RNA0159L6","LNA036","V2","PB","P1",8,"smartseq","nd","cluster1_2_4","IgG"
"RHB5442","RHB5442","MUX5590","RNA0159L6","LNA036","V2","PB","P1",9,"smartseq","nd","cluster1_2_4","IgG"
"RHB5443","RHB5443","MUX5590","RNA0159L6","LNA036","V2","PB","P1",10,"smartseq","nd","cluster1_2_4","IgG"
"RHB5444","RHB5444","MUX5590","RNA0159L6","LNA036","V2","PB","P1",11,"smartseq","nd","cluster1_2_4","IgG"
"RHB5445","RHB5445","MUX5590","RNA0159L6","LNA036","V2","PB","P1",12,"smartseq","nd","cluster1_2_4","no_isotype"
"RHB5446","RHB5446","MUX5590","RNA0159L6","LNA036","V2","PB","P1",13,"smartseq","nd","cluster1_2_4","IgG"
"RHB5447","RHB5447","MUX5590","RNA0159L6","LNA036","V2","PB","P1",14,"smartseq","nd","cluster_3","IgG"
"RHB5448","RHB5448","MUX5590","RNA0159L6","LNA036","V2","PB","P1",15,"smartseq","nd","cluster1_2_4","IgG"
"RHB5449","RHB5449","MUX5590","RNA0159L6","LNA036","V2","PB","P1",16,"smartseq","nd","cluster1_2_4","IgG"
"RHB5450","RHB5450","MUX5590","RNA0159L6","LNA036","V2","PB","P1",17,"smartseq","nd","cluster1_2_4","no_isotype"
"RHB5451","RHB5451","MUX5590","RNA0159L6","LNA036","V2","PB","P1",18,"smartseq","nd","cluster1_2_4","IgG"
"RHB5452","RHB5452","MUX5590","RNA0159L6","LNA036","V2","PB","P1",19,"smartseq","nd","cluster1_2_4","IgG"
"RHB5453","RHB5453","MUX5590","RNA0159L6","LNA036","V2","PB","P1",20,"smartseq","nd","cluster1_2_4","IgG"
"RHB5454","RHB5454","MUX5590","RNA0159L6","LNA036","V2","PB","P1",21,"smartseq","nd","cluster1_2_4","IgG"
"RHB5455","RHB5455","MUX5590","RNA0159L6","LNA036","V2","PB","P1",22,"smartseq","0","cluster1_2_4","IgG"
"RHB5456","RHB5456","MUX5590","RNA0159L6","LNA036","V2","PB","P1",23,"smartseq","nd","cluster1_2_4","IgG"
"RHB5457","RHB5457","MUX5590","RNA0159L6","LNA036","V2","PB","P1",24,"smartseq","nd","cluster1_2_4","IgG"
"RHB5458","RHB5458","MUX5590","RNA0159L6","LNA036","V2","PB","P1",25,"smartseq","nd","cluster1_2_4","IgG"
"RHB5459","RHB5459","MUX5590","RNA0159L6","LNA036","V2","PB","P1",26,"smartseq","nd","cluster1_2_4","IgG"
"RHB5460","RHB5460","MUX5590","RNA0159L6","LNA036","V2","PB","P1",27,"smartseq","nd","cluster1_2_4","IgG"
"RHB5461","RHB5461","MUX5590","RNA0159L6","LNA036","V2","PB","P1",28,"smartseq","nd","cluster1_2_4","no_isotype"
"RHB5462","RHB5462","MUX5590","RNA0159L6","LNA036","V2","PB","P1",29,"smartseq","nd","cluster1_2_4","IgG"
"RHB5463","RHB5463","MUX5590","RNA0159L6","LNA036","V2","PB","P1",30,"smartseq","1","cluster1_2_4","IgG"
"RHB5464","RHB5464","MUX5590","RNA0159L6","LNA036","V2","PB","P1",31,"smartseq","nd","cluster1_2_4","IgG"
"RHB5465","RHB5465","MUX5590","RNA0159L6","LNA036","V2","PB","P1",32,"smartseq","1","cluster1_2_4","IgG"
"RHB5466","RHB5466","MUX5590","RNA0159L6","LNA036","V2","PB","P1",33,"smartseq","nd","cluster_3","IgG"
"RHB5467","RHB5467","MUX5590","RNA0159L6","LNA036","V2","PB","P1",34,"smartseq","nd","cluster1_2_4","IgG"
"RHB5468","RHB5468","MUX5590","RNA0159L6","LNA036","V2","PB","P1",35,"smartseq","nd","cluster1_2_4","IgG"
"RHB5469","RHB5469","MUX5590","RNA0159L6","LNA036","V2","PB","P1",36,"smartseq","1","cluster1_2_4","IgG"
"RHB5470","RHB5470","MUX5590","RNA0159L6","LNA036","V2","PB","P1",37,"smartseq","nd","cluster1_2_4","IgA"
"RHB5471","RHB5471","MUX5590","RNA0159L6","LNA036","V2","PB","P1",38,"smartseq","nd","cluster1_2_4","IgG"
"RHB5472","RHB5472","MUX5590","RNA0159L6","LNA036","V2","PB","P1",39,"smartseq","nd","cluster1_2_4","IgG"
"RHB5473","RHB5473","MUX5590","RNA0159L6","LNA036","V2","PB","P1",40,"smartseq","nd","cluster1_2_4","IgG"
"RHB5474","RHB5474","MUX5590","RNA0159L6","LNA036","V2","PB","P1",41,"smartseq","0","cluster1_2_4","IgG"
"RHB5475","RHB5475","MUX5590","RNA0159L6","LNA036","V2","PB","P1",42,"smartseq","nd","cluster1_2_4","IgG"
"RHB5476","RHB5476","MUX5590","RNA0159L6","LNA036","V2","PB","P1",43,"smartseq","nd","cluster1_2_4","IgG"
"RHB5477","RHB5477","MUX5590","RNA0159L6","LNA036","V2","PB","P1",44,"smartseq","1","cluster_3","IgG"
"RHB5478","RHB5478","MUX5590","RNA0159L6","LNA036","V2","PB","P1",45,"smartseq","nd","cluster1_2_4","IgG"
"RHB5479","RHB5479","MUX5590","RNA0159L6","LNA036","V2","PB","P1",46,"smartseq","nd","cluster_3","IgG"
"RHB5480","RHB5480","MUX5590","RNA0159L6","LNA036","V2","PB","P1",47,"smartseq","1","cluster_3","IgG"
"RHB5481","RHB5481","MUX5590","RNA0159L6","LNA036","V2","PB","P1",48,"smartseq","nd","cluster_3","IgG"
"RHB5482","RHB5482","MUX5590","RNA0159L6","LNA036","V2","PB","P1",49,"smartseq","nd","cluster1_2_4","IgG"
"RHB5483","RHB5483","MUX5590","RNA0159L6","LNA036","V2","PB","P1",50,"smartseq","nd","cluster1_2_4","IgG"
"RHB5484","RHB5484","MUX5590","RNA0159L6","LNA036","V2","PB","P1",51,"smartseq","nd","cluster1_2_4","IgG"
"RHB5485","RHB5485","MUX5590","RNA0159L6","LNA036","V2","PB","P1",52,"smartseq","nd","cluster1_2_4","IgA"
