CELL,SEQUENCE_ID,LOCUS,CDR3_Length,CDR3_Net_Charge_at_pH_7.0,CDR3_Isoelectric_Point
1166_1_1_B17,1166_1_1_B17_TRINITY_DN5_c2_g1_i1_H,H,,,
1166_1_1_B17,1166_1_1_B17_TRINITY_DN3_c5_g1_i1_L,L,,,
1166_1_1_C07,1166_1_1_C07_TRINITY_DN9_c3_g1_i1_H,H,,,
1166_1_1_C07,1166_1_1_C07_TRINITY_DN0_c2_g1_i1_K,K,,,
1166_1_1_D14,1166_1_1_D14_TRINITY_DN1_c6_g1_i1_L,L,11,0.09,7.8
1166_1_1_D14,1166_1_1_D14_TRINITY_DN2_c4_g1_i1_H,H,12,-1.91,3.9
1166_1_1_F12,1166_1_1_F12_TRINITY_DN0_c0_g1_i1_H,H,,,
1166_1_1_F12,1166_1_1_F12_TRINITY_DN0_c0_g1_i1_K,K,,,
1166_1_1_G03,1166_1_1_G03_TRINITY_DN2_c0_g2_i3_H,H,,,
1166_1_1_G03,1166_1_1_G03_TRINITY_DN0_c0_g1_i1_K,K,,,
1166_1_1_G09,1166_1_1_G09_TRINITY_DN1_c0_g1_i1_H,H,,,
1166_1_1_G09,1166_1_1_G09_TRINITY_DN0_c0_g1_i1_L,L,,,
1166_1_1_G12,1166_1_1_G12_TRINITY_DN1_c2_g1_i1_H,H,,,
1166_1_1_G12,1166_1_1_G12_TRINITY_DN2_c5_g1_i1_K,K,,,
1166_1_1_G18,1166_1_1_G18_TRINITY_DN2_c2_g1_i1_K,K,9,0,5.9
1166_1_1_G18,1166_1_1_G18_TRINITY_DN3_c1_g1_i1_H,H,15,2.09,10.4
1166_1_1_G20,1166_1_1_G20_TRINITY_DN1_c0_g1_i1_H,H,,,
1166_1_1_G20,1166_1_1_G20_TRINITY_DN0_c0_g1_i2_L,L,,,
1166_1_1_H01,1166_1_1_H01_TRINITY_DN3_c7_g1_i1_K,K,9,0.09,7.7
1166_1_1_H01,1166_1_1_H01_TRINITY_DN2_c3_g1_i1_H,H,14,-2,3.8
1166_1_1_H17,1166_1_1_H17_TRINITY_DN4_c0_g1_i1_H,H,,,
1166_1_1_H17,1166_1_1_H17_TRINITY_DN1_c2_g1_i1_K,K,,,
1166_1_1_J18,1166_1_1_J18_TRINITY_DN1_c1_g1_i1_H,H,,,
1166_1_1_J18,1166_1_1_J18_TRINITY_DN3_c0_g1_i3_K,K,,,
1166_1_1_L15,1166_1_1_L15_TRINITY_DN2_c0_g1_i1_H,H,,,
1166_1_1_L15,1166_1_1_L15_TRINITY_DN0_c0_g1_i2_K,K,,,
1166_1_1_N16,1166_1_1_N16_TRINITY_DN0_c0_g1_i1_H,H,,,
1166_1_1_N16,1166_1_1_N16_TRINITY_DN1_c0_g1_i1_K,K,,,
1166_1_1_O04,1166_1_1_O04_TRINITY_DN0_c0_g1_i1_K,K,9,1,11.1
1166_1_1_O04,1166_1_1_O04_TRINITY_DN0_c0_g1_i1_H,H,20,-2,3.9
1166_1_1_O20,1166_1_1_O20_TRINITY_DN3_c6_g1_i1_K,K,9,1,11.1
1166_1_1_O20,1166_1_1_O20_TRINITY_DN2_c4_g1_i1_H,H,20,-2,3.9
1166_1_2_A02,1166_1_2_A02_TRINITY_DN1_c2_g2_i1_H,H,,,
1166_1_2_A02,1166_1_2_A02_TRINITY_DN1_c7_g1_i1_L,L,,,
1166_1_2_A06,1166_1_2_A06_TRINITY_DN1_c1_g1_i1_H,H,,,
1166_1_2_A06,1166_1_2_A06_TRINITY_DN0_c8_g1_i1_K,K,,,
1166_1_2_A07,1166_1_2_A07_TRINITY_DN3_c1_g1_i1_H,H,,,
1166_1_2_A07,1166_1_2_A07_TRINITY_DN0_c0_g1_i1_K,K,,,
1166_1_2_A09,1166_1_2_A09_TRINITY_DN0_c0_g1_i1_H,H,,,
1166_1_2_A09,1166_1_2_A09_TRINITY_DN0_c0_g1_i1_K,K,,,
1166_1_2_A10,1166_1_2_A10_TRINITY_DN0_c3_g1_i1_K,K,8,1,11.1
1166_1_2_A10,1166_1_2_A10_TRINITY_DN3_c0_g1_i1_H,H,17,1.09,9.9
1166_1_2_A11,1166_1_2_A11_TRINITY_DN0_c1_g1_i1_K,K,8,0.09,7.8
1166_1_2_A11,1166_1_2_A11_TRINITY_DN2_c3_g1_i1_H,H,12,1,10.8
1166_1_2_A12,1166_1_2_A12_TRINITY_DN2_c1_g1_i1_H,H,,,
1166_1_2_A12,1166_1_2_A12_TRINITY_DN3_c3_g1_i1_L,L,,,
1166_1_2_A13,1166_1_2_A13_TRINITY_DN1_c2_g1_i1_L,L,11,1.18,10.9
1166_1_2_A13,1166_1_2_A13_TRINITY_DN0_c1_g1_i1_H,H,12,-1.91,3.9
1166_1_2_A14,1166_1_2_A14_TRINITY_DN0_c0_g1_i2_K,K,8,1,9.7
1166_1_2_A14,1166_1_2_A14_TRINITY_DN1_c0_g1_i1_H,H,15,0,7
1166_1_2_A15,1166_1_2_A15_TRINITY_DN2_c3_g2_i2_L,L,11,-1,3.1
1166_1_2_A15,1166_1_2_A15_TRINITY_DN7_c4_g2_i1_H,H,13,0.09,7.8
1166_1_2_B02,1166_1_2_B02_TRINITY_DN5_c5_g1_i1_K,K,9,0,5.9
1166_1_2_B02,1166_1_2_B02_TRINITY_DN3_c0_g1_i1_H,H,13,-1,4.1
1166_1_2_B03,1166_1_2_B03_TRINITY_DN5_c5_g1_i1_K,K,8,0.09,7.8
1166_1_2_B03,1166_1_2_B03_TRINITY_DN4_c1_g1_i1_H,H,12,1,10.8
1166_1_2_B04,1166_1_2_B04_TRINITY_DN0_c7_g1_i1_L,L,10,1,9.7
1166_1_2_B04,1166_1_2_B04_TRINITY_DN1_c3_g1_i1_H,H,15,-3,3.7
1166_1_2_B05,1166_1_2_B05_TRINITY_DN6_c4_g2_i1_H,H,,,
1166_1_2_B05,1166_1_2_B05_TRINITY_DN3_c5_g1_i1_K,K,,,
1166_1_2_B06,1166_1_2_B06_TRINITY_DN3_c8_g1_i1_L,L,9,-0.05,5.3
1166_1_2_B06,1166_1_2_B06_TRINITY_DN3_c4_g1_i1_H,H,12,-0.91,5.3
1166_1_2_B08,1166_1_2_B08_TRINITY_DN3_c5_g2_i1_H,H,,,
1166_1_2_B08,1166_1_2_B08_TRINITY_DN1_c7_g1_i1_K,K,,,
1166_1_2_B09,1166_1_2_B09_TRINITY_DN1_c0_g1_i1_H,H,,,
1166_1_2_B09,1166_1_2_B09_TRINITY_DN0_c0_g1_i1_L,L,,,
1166_1_2_B10,1166_1_2_B10_TRINITY_DN1_c2_g1_i1_K,K,9,0,6
1166_1_2_B10,1166_1_2_B10_TRINITY_DN2_c0_g1_i1_H,H,18,0.09,7.7
1166_1_2_B11,1166_1_2_B11_TRINITY_DN1_c1_g1_i1_H,H,,,
1166_1_2_B11,1166_1_2_B11_TRINITY_DN0_c2_g1_i1_K,K,,,
1166_1_2_B12,1166_1_2_B12_TRINITY_DN2_c2_g1_i1_H,H,,,
1166_1_2_B12,1166_1_2_B12_TRINITY_DN4_c3_g1_i1_K,K,,,
1166_1_2_B13,1166_1_2_B13_TRINITY_DN7_c6_g1_i1_H,H,,,
1166_1_2_B13,1166_1_2_B13_TRINITY_DN3_c7_g1_i1_L,L,,,
1166_1_2_B14,1166_1_2_B14_TRINITY_DN0_c0_g1_i1_H,H,,,
1166_1_2_B14,1166_1_2_B14_TRINITY_DN0_c0_g1_i1_K,K,,,
1166_1_2_B15,1166_1_2_B15_TRINITY_DN2_c2_g1_i1_H,H,,,
1166_1_2_B15,1166_1_2_B15_TRINITY_DN1_c4_g1_i1_K,K,,,
1166_1_2_C02,1166_1_2_C02_TRINITY_DN2_c2_g2_i1_H,H,,,
1166_1_2_C02,1166_1_2_C02_TRINITY_DN2_c5_g1_i1_K,K,,,
1166_1_2_C03,1166_1_2_C03_TRINITY_DN2_c0_g1_i1_H,H,,,
1166_1_2_C03,1166_1_2_C03_TRINITY_DN0_c0_g1_i1_L,L,,,
1166_1_2_C04,1166_1_2_C04_TRINITY_DN2_c3_g1_i1_H,H,,,
1166_1_2_C04,1166_1_2_C04_TRINITY_DN8_c1_g1_i1_K,K,,,
1166_1_2_C05,1166_1_2_C05_TRINITY_DN4_c2_g2_i1_H,H,,,
1166_1_2_C05,1166_1_2_C05_TRINITY_DN3_c7_g1_i1_K,K,,,
1166_1_2_C06,1166_1_2_C06_TRINITY_DN2_c2_g1_i1_H,H,,,
1166_1_2_C06,1166_1_2_C06_TRINITY_DN0_c5_g1_i1_K,K,,,
1166_1_2_C07,1166_1_2_C07_TRINITY_DN2_c2_g2_i1_H,H,,,
1166_1_2_C07,1166_1_2_C07_TRINITY_DN5_c7_g1_i1_L,L,,,
1166_1_2_C08,1166_1_2_C08_TRINITY_DN4_c2_g1_i1_H,H,,,
1166_1_2_C08,1166_1_2_C08_TRINITY_DN2_c4_g1_i1_K,K,,,
1166_1_2_C09,1166_1_2_C09_TRINITY_DN2_c3_g1_i1_K,K,9,0,5.9
1166_1_2_C09,1166_1_2_C09_TRINITY_DN1_c3_g1_i1_H,H,13,-1.05,3.9
1166_1_2_C10,1166_1_2_C10_TRINITY_DN1_c1_g1_i2_H,H,,,
1166_1_2_C10,1166_1_2_C10_TRINITY_DN0_c0_g1_i1_L,L,,,
1166_1_2_C11,1166_1_2_C11_TRINITY_DN1_c5_g1_i1_L,L,11,-1,3.1
1166_1_2_C11,1166_1_2_C11_TRINITY_DN3_c2_g1_i1_H,H,17,2.09,10.3
1166_1_2_C12,1166_1_2_C12_TRINITY_DN4_c0_g1_i1_L,L,11,0.04,7.1
1166_1_2_C12,1166_1_2_C12_TRINITY_DN2_c2_g1_i1_H,H,12,-1.91,3.9
1166_1_2_C14,1166_1_2_C14_TRINITY_DN3_c3_g1_i1_H,H,,,
1166_1_2_C14,1166_1_2_C14_TRINITY_DN2_c0_g1_i1_L,L,,,
1166_1_2_D02,1166_1_2_D02_TRINITY_DN3_c1_g1_i1_H,H,,,
1166_1_2_D02,1166_1_2_D02_TRINITY_DN2_c4_g1_i1_K,K,,,
1166_1_2_D03,1166_1_2_D03_TRINITY_DN8_c1_g1_i1_K,K,9,-1,3.1
1166_1_2_D03,1166_1_2_D03_TRINITY_DN3_c5_g1_i1_H,H,13,3.18,11.3
1166_1_2_D04,1166_1_2_D04_TRINITY_DN1_c8_g1_i1_H,H,,,
1166_1_2_D04,1166_1_2_D04_TRINITY_DN3_c7_g2_i1_L,L,,,
1166_1_2_D05,1166_1_2_D05_TRINITY_DN0_c0_g1_i1_K,K,10,1,9.9
1166_1_2_D05,1166_1_2_D05_TRINITY_DN2_c0_g1_i2_H,H,11,-1,4.1
1166_1_2_D07,1166_1_2_D07_TRINITY_DN0_c4_g1_i1_L,L,10,-1,3.1
1166_1_2_D07,1166_1_2_D07_TRINITY_DN3_c4_g1_i1_H,H,16,1.09,9.6
1166_1_2_D08,1166_1_2_D08_TRINITY_DN1_c7_g1_i1_K,K,9,0,5.9
1166_1_2_D08,1166_1_2_D08_TRINITY_DN3_c3_g1_i1_H,H,13,-1.05,3.9
1166_1_2_D09,1166_1_2_D09_TRINITY_DN3_c4_g1_i1_K,K,9,-1,3.1
1166_1_2_D09,1166_1_2_D09_TRINITY_DN3_c2_g1_i1_H,H,13,2,10
1166_1_2_D10,1166_1_2_D10_TRINITY_DN5_c0_g2_i1_H,H,,,
1166_1_2_D10,1166_1_2_D10_TRINITY_DN1_c6_g1_i1_L,L,,,
1166_1_2_D11,1166_1_2_D11_TRINITY_DN1_c1_g1_i1_K,K,9,0,5.9
1166_1_2_D11,1166_1_2_D11_TRINITY_DN2_c2_g1_i1_H,H,12,-2,3.8
1166_1_2_D12,1166_1_2_D12_TRINITY_DN1_c2_g1_i1_H,H,,,
1166_1_2_D12,1166_1_2_D12_TRINITY_DN0_c2_g1_i1_K,K,,,
1166_1_2_D13,1166_1_2_D13_TRINITY_DN0_c0_g1_i3_H,H,,,
1166_1_2_D13,1166_1_2_D13_TRINITY_DN0_c0_g1_i1_K,K,,,
1166_1_2_D14,1166_1_2_D14_TRINITY_DN2_c1_g1_i1_L,L,11,0.09,7.8
1166_1_2_D14,1166_1_2_D14_TRINITY_DN4_c1_g1_i1_H,H,24,1,10.1
1166_1_2_D15,1166_1_2_D15_TRINITY_DN1_c0_g1_i1_H,H,,,
1166_1_2_D15,1166_1_2_D15_TRINITY_DN0_c5_g1_i1_L,L,,,
1166_1_2_E02,1166_1_2_E02_TRINITY_DN3_c2_g1_i1_H,H,,,
1166_1_2_E02,1166_1_2_E02_TRINITY_DN3_c7_g1_i1_K,K,,,
1166_1_2_E03,1166_1_2_E03_TRINITY_DN0_c2_g1_i1_H,H,,,
1166_1_2_E03,1166_1_2_E03_TRINITY_DN1_c7_g1_i1_K,K,,,
1166_1_2_E04,1166_1_2_E04_TRINITY_DN4_c5_g1_i1_H,H,,,
1166_1_2_E04,1166_1_2_E04_TRINITY_DN1_c6_g1_i1_K,K,,,
1166_1_2_E05,1166_1_2_E05_TRINITY_DN1_c4_g1_i1_K,K,9,-1,3.1
1166_1_2_E05,1166_1_2_E05_TRINITY_DN8_c3_g1_i1_H,H,13,3.18,11.3
1166_1_2_E06,1166_1_2_E06_TRINITY_DN2_c2_g2_i1_H,H,14,-2,3.8
1166_1_2_E06,1166_1_2_E06_TRINITY_DN1_c7_g1_i1_K,K,9,0.09,7.7
1166_1_2_E07,1166_1_2_E07_TRINITY_DN1_c3_g1_i1_H,H,,,
1166_1_2_E07,1166_1_2_E07_TRINITY_DN2_c4_g1_i2_L,L,,,
1166_1_2_E08,1166_1_2_E08_TRINITY_DN3_c12_g1_i1_K,K,9,0,6
1166_1_2_E08,1166_1_2_E08_TRINITY_DN4_c1_g2_i1_H,H,10,1,11.1
1166_1_2_E09,1166_1_2_E09_TRINITY_DN2_c0_g2_i1_H,H,,,
1166_1_2_E09,1166_1_2_E09_TRINITY_DN2_c3_g1_i1_K,K,,,
1166_1_2_E11,1166_1_2_E11_TRINITY_DN3_c3_g1_i1_H,H,,,
1166_1_2_E11,1166_1_2_E11_TRINITY_DN1_c8_g1_i1_K,K,,,
1166_1_2_E12,1166_1_2_E12_TRINITY_DN7_c4_g1_i1_H,H,,,
1166_1_2_E12,1166_1_2_E12_TRINITY_DN0_c9_g1_i1_K,K,,,
1166_1_2_E13,1166_1_2_E13_TRINITY_DN4_c3_g1_i1_H,H,,,
1166_1_2_E13,1166_1_2_E13_TRINITY_DN1_c4_g1_i1_L,L,,,
1166_1_2_E15,1166_1_2_E15_TRINITY_DN2_c2_g1_i1_K,K,9,-1,3.1
1166_1_2_E15,1166_1_2_E15_TRINITY_DN3_c2_g1_i1_H,H,13,1,9.5
1166_1_2_F02,1166_1_2_F02_TRINITY_DN0_c1_g1_i1_L,L,10,-1,5.9
1166_1_2_F02,1166_1_2_F02_TRINITY_DN1_c0_g1_i1_H,H,18,-1,3.9
1166_1_2_F03,1166_1_2_F03_TRINITY_DN4_c5_g1_i1_H,H,,,
1166_1_2_F03,1166_1_2_F03_TRINITY_DN3_c2_g1_i1_L,L,,,
1166_1_2_F04,1166_1_2_F04_TRINITY_DN3_c3_g1_i1_K,K,9,0,5.9
1166_1_2_F04,1166_1_2_F04_TRINITY_DN2_c3_g1_i1_H,H,12,-2,3.8
1166_1_2_F05,1166_1_2_F05_TRINITY_DN3_c0_g1_i1_H,H,,,
1166_1_2_F05,1166_1_2_F05_TRINITY_DN5_c4_g1_i1_L,L,,,
1166_1_2_F06,1166_1_2_F06_TRINITY_DN7_c2_g1_i1_H,H,,,
1166_1_2_F06,1166_1_2_F06_TRINITY_DN5_c8_g1_i1_L,L,,,
1166_1_2_F07,1166_1_2_F07_TRINITY_DN1_c5_g1_i1_K,K,9,0,6
1166_1_2_F07,1166_1_2_F07_TRINITY_DN2_c0_g1_i1_H,H,18,0.09,7.7
1166_1_2_F08,1166_1_2_F08_TRINITY_DN3_c2_g1_i1_H,H,,,
1166_1_2_F08,1166_1_2_F08_TRINITY_DN2_c3_g1_i1_L,L,,,
1166_1_2_F09,1166_1_2_F09_TRINITY_DN3_c2_g1_i1_H,H,,,
1166_1_2_F09,1166_1_2_F09_TRINITY_DN1_c3_g1_i1_L,L,,,
1166_1_2_F10,1166_1_2_F10_TRINITY_DN3_c2_g1_i1_H,H,,,
1166_1_2_F10,1166_1_2_F10_TRINITY_DN2_c5_g1_i1_K,K,,,
1166_1_2_F11,1166_1_2_F11_TRINITY_DN2_c2_g1_i1_H,H,,,
1166_1_2_F11,1166_1_2_F11_TRINITY_DN0_c3_g1_i1_L,L,,,
1166_1_2_F12,1166_1_2_F12_TRINITY_DN2_c5_g1_i1_K,K,9,-1,3.1
1166_1_2_F12,1166_1_2_F12_TRINITY_DN8_c3_g1_i1_H,H,13,2.18,10.4
1166_1_2_F13,1166_1_2_F13_TRINITY_DN0_c2_g1_i1_H,H,14,0.09,7.7
1166_1_2_F13,1166_1_2_F13_TRINITY_DN9_c2_g1_i1_K,K,9,0,6.7
1166_1_2_F14,1166_1_2_F14_TRINITY_DN0_c0_g1_i1_K,K,10,0,6
1166_1_2_F14,1166_1_2_F14_TRINITY_DN0_c0_g1_i2_H,H,12,-0.91,5.1
1166_1_2_F15,1166_1_2_F15_TRINITY_DN1_c4_g1_i1_K,K,10,1,9.9
1166_1_2_F15,1166_1_2_F15_TRINITY_DN1_c2_g1_i1_H,H,12,-1,3.9
1166_1_2_G03,1166_1_2_G03_TRINITY_DN4_c0_g1_i1_H,H,15,0,6.6
1166_1_2_G03,1166_1_2_G03_TRINITY_DN0_c4_g1_i1_K,K,9,0.09,7.8
1166_1_2_G04,1166_1_2_G04_TRINITY_DN0_c4_g1_i1_L,L,10,0,5.9
1166_1_2_G04,1166_1_2_G04_TRINITY_DN2_c2_g1_i1_H,H,18,-1,3.9
1166_1_2_G05,1166_1_2_G05_TRINITY_DN2_c1_g1_i1_H,H,,,
1166_1_2_G05,1166_1_2_G05_TRINITY_DN1_c8_g1_i1_L,L,,,
1166_1_2_G06,1166_1_2_G06_TRINITY_DN7_c3_g1_i1_H,H,,,
1166_1_2_G06,1166_1_2_G06_TRINITY_DN1_c4_g1_i1_L,L,,,
1166_1_2_G07,1166_1_2_G07_TRINITY_DN3_c1_g1_i1_H,H,,,
1166_1_2_G07,1166_1_2_G07_TRINITY_DN3_c6_g1_i1_K,K,,,
1166_1_2_G08,1166_1_2_G08_TRINITY_DN1_c1_g1_i1_K,K,9,0,6
1166_1_2_G08,1166_1_2_G08_TRINITY_DN3_c1_g1_i1_H,H,13,-3,3.6
1166_1_2_G09,1166_1_2_G09_TRINITY_DN4_c0_g1_i1_H,H,15,0,6.6
1166_1_2_G09,1166_1_2_G09_TRINITY_DN2_c2_g1_i1_K,K,9,0.09,7.8
1166_1_2_G10,1166_1_2_G10_TRINITY_DN0_c8_g1_i1_K,K,10,0,5.9
1166_1_2_G10,1166_1_2_G10_TRINITY_DN4_c2_g1_i1_H,H,19,0,6.9
1166_1_2_G11,1166_1_2_G11_TRINITY_DN3_c4_g1_i1_H,H,,,
1166_1_2_G11,1166_1_2_G11_TRINITY_DN1_c5_g1_i1_L,L,,,
1166_1_2_G12,1166_1_2_G12_TRINITY_DN2_c5_g1_i1_L,L,9,-0.05,5.3
1166_1_2_G12,1166_1_2_G12_TRINITY_DN2_c4_g1_i1_H,H,12,-0.91,5.3
1166_1_2_G13,1166_1_2_G13_TRINITY_DN2_c2_g1_i1_H,H,14,0.09,7.7
1166_1_2_G13,1166_1_2_G13_TRINITY_DN2_c4_g1_i1_K,K,9,0,6.7
1166_1_2_G14,1166_1_2_G14_TRINITY_DN0_c5_g1_i1_K,K,9,1,9.9
1166_1_2_G14,1166_1_2_G14_TRINITY_DN3_c5_g1_i1_H,H,15,-0.91,5.1
1166_1_2_G15,1166_1_2_G15_TRINITY_DN4_c1_g1_i1_H,H,,,
1166_1_2_G15,1166_1_2_G15_TRINITY_DN1_c9_g1_i1_K,K,,,
1166_1_2_H02,1166_1_2_H02_TRINITY_DN2_c3_g1_i1_K,K,10,1,9.9
1166_1_2_H02,1166_1_2_H02_TRINITY_DN2_c4_g1_i1_H,H,11,-1,4.1
1166_1_2_H03,1166_1_2_H03_TRINITY_DN4_c2_g1_i1_H,H,,,
1166_1_2_H03,1166_1_2_H03_TRINITY_DN1_c5_g1_i1_K,K,,,
1166_1_2_H06,1166_1_2_H06_TRINITY_DN1_c3_g1_i1_H,H,,,
1166_1_2_H06,1166_1_2_H06_TRINITY_DN1_c1_g1_i1_K,K,,,
1166_1_2_H07,1166_1_2_H07_TRINITY_DN1_c1_g1_i1_K,K,9,0,5.9
1166_1_2_H07,1166_1_2_H07_TRINITY_DN1_c4_g1_i1_H,H,13,-1.91,4.3
1166_1_2_H08,1166_1_2_H08_TRINITY_DN2_c3_g1_i1_L,L,11,-2,3.8
1166_1_2_H08,1166_1_2_H08_TRINITY_DN0_c1_g1_i1_H,H,17,2.09,10.3
1166_1_2_H09,1166_1_2_H09_TRINITY_DN4_c0_g1_i1_K,K,9,0,6
1166_1_2_H09,1166_1_2_H09_TRINITY_DN2_c0_g1_i1_H,H,13,-3,3.6
1166_1_2_H10,1166_1_2_H10_TRINITY_DN0_c0_g1_i2_K,K,9,0,5.9
1166_1_2_H10,1166_1_2_H10_TRINITY_DN3_c7_g1_i1_L,L,11,1,9.7
1166_1_2_H10,1166_1_2_H10_TRINITY_DN2_c3_g1_i1_H,H,13,-2.91,3.6
1166_1_2_H11,1166_1_2_H11_TRINITY_DN1_c4_g1_i1_H,H,,,
1166_1_2_H11,1166_1_2_H11_TRINITY_DN4_c8_g1_i1_L,L,,,
1166_1_2_H12,1166_1_2_H12_TRINITY_DN2_c4_g1_i1_K,K,9,-1,3.1
1166_1_2_H12,1166_1_2_H12_TRINITY_DN2_c1_g2_i1_H,H,13,-0.91,5.1
1166_1_2_H13,1166_1_2_H13_TRINITY_DN1_c3_g1_i1_L,L,11,0.09,7.8
1166_1_2_H13,1166_1_2_H13_TRINITY_DN2_c1_g2_i1_H,H,12,-1.91,3.9
1166_1_2_H14,1166_1_2_H14_TRINITY_DN1_c1_g1_i1_H,H,16,-0.91,5.2
1166_1_2_H14,1166_1_2_H14_TRINITY_DN0_c8_g1_i1_K,K,10,0,5.9
1166_1_2_H15,1166_1_2_H15_TRINITY_DN2_c0_g2_i1_H,H,15,2.09,10.4
1166_1_2_H15,1166_1_2_H15_TRINITY_DN0_c6_g1_i1_K,K,9,0,5.9
1166_1_2_I02,1166_1_2_I02_TRINITY_DN5_c3_g1_i1_K,K,10,1,9.9
1166_1_2_I02,1166_1_2_I02_TRINITY_DN1_c0_g1_i1_H,H,12,-1,3.9
1166_1_2_I03,1166_1_2_I03_TRINITY_DN2_c2_g1_i1_H,H,,,
1166_1_2_I03,1166_1_2_I03_TRINITY_DN3_c2_g1_i1_K,K,,,
1166_1_2_I04,1166_1_2_I04_TRINITY_DN0_c1_g1_i1_H,H,,,
1166_1_2_I04,1166_1_2_I04_TRINITY_DN1_c1_g1_i2_K,K,,,
1166_1_2_I05,1166_1_2_I05_TRINITY_DN5_c6_g1_i1_K,K,9,0,5.9
1166_1_2_I05,1166_1_2_I05_TRINITY_DN4_c4_g1_i1_H,H,16,-1,3.9
1166_1_2_I06,1166_1_2_I06_TRINITY_DN3_c0_g1_i1_H,H,,,
1166_1_2_I06,1166_1_2_I06_TRINITY_DN5_c4_g1_i1_L,L,,,
1166_1_2_I07,1166_1_2_I07_TRINITY_DN5_c1_g1_i1_H,H,,,
1166_1_2_I07,1166_1_2_I07_TRINITY_DN0_c0_g1_i1_L,L,,,
1166_1_2_I08,1166_1_2_I08_TRINITY_DN4_c1_g1_i1_H,H,15,-1,3.9
1166_1_2_I08,1166_1_2_I08_TRINITY_DN4_c0_g1_i2_L,L,11,0,6.8
1166_1_2_I09,1166_1_2_I09_TRINITY_DN4_c2_g1_i1_H,H,,,
1166_1_2_I09,1166_1_2_I09_TRINITY_DN2_c6_g1_i1_L,L,,,
1166_1_2_I11,1166_1_2_I11_TRINITY_DN4_c2_g1_i1_H,H,13,3.18,11.3
1166_1_2_I11,1166_1_2_I11_TRINITY_DN7_c3_g1_i1_K,K,9,-1,3.1
1166_1_2_I13,1166_1_2_I13_TRINITY_DN2_c2_g1_i1_H,H,,,
1166_1_2_I13,1166_1_2_I13_TRINITY_DN3_c4_g1_i1_K,K,,,
1166_1_2_I14,1166_1_2_I14_TRINITY_DN1_c1_g1_i1_H,H,,,
1166_1_2_I14,1166_1_2_I14_TRINITY_DN4_c2_g1_i1_K,K,,,
1166_1_2_I15,1166_1_2_I15_TRINITY_DN3_c0_g1_i1_H,H,,,
1166_1_2_I15,1166_1_2_I15_TRINITY_DN0_c0_g1_i1_K,K,,,
1166_1_2_I16,1166_1_2_I16_TRINITY_DN1_c5_g2_i1_K,K,9,0,6
1166_1_2_I16,1166_1_2_I16_TRINITY_DN2_c1_g1_i1_H,H,13,-3,3.6
1166_1_2_J02,1166_1_2_J02_TRINITY_DN2_c1_g1_i1_H,H,16,-0.91,5.2
1166_1_2_J02,1166_1_2_J02_TRINITY_DN0_c4_g1_i1_K,K,10,0,5.9
1166_1_2_J03,1166_1_2_J03_TRINITY_DN3_c2_g1_i1_H,H,13,2.18,10.4
1166_1_2_J03,1166_1_2_J03_TRINITY_DN1_c6_g1_i1_K,K,9,-1,3.1
1166_1_2_J04,1166_1_2_J04_TRINITY_DN3_c3_g1_i1_H,H,14,-2,3.8
1166_1_2_J04,1166_1_2_J04_TRINITY_DN0_c8_g1_i1_K,K,9,0.09,7.7
1166_1_2_J05,1166_1_2_J05_TRINITY_DN3_c4_g1_i1_K,K,9,0,5.9
1166_1_2_J05,1166_1_2_J05_TRINITY_DN0_c0_g2_i1_H,H,21,0,7
1166_1_2_J07,1166_1_2_J07_TRINITY_DN0_c0_g1_i1_K,K,10,0,6
1166_1_2_J07,1166_1_2_J07_TRINITY_DN4_c0_g1_i1_H,H,12,-0.91,5.1
1166_1_2_J08,1166_1_2_J08_TRINITY_DN3_c2_g1_i1_L,L,10,-1,3.1
1166_1_2_J08,1166_1_2_J08_TRINITY_DN3_c1_g1_i1_H,H,21,-0.91,5.2
1166_1_2_J09,1166_1_2_J09_TRINITY_DN3_c5_g1_i1_L,L,13,1.09,9.9
1166_1_2_J09,1166_1_2_J09_TRINITY_DN2_c1_g1_i1_H,H,11,0,6.8
1166_1_2_J10,1166_1_2_J10_TRINITY_DN2_c3_g1_i1_H,H,,,
1166_1_2_J10,1166_1_2_J10_TRINITY_DN4_c4_g1_i1_L,L,,,
1166_1_2_J12,1166_1_2_J12_TRINITY_DN8_c4_g1_i1_H,H,13,2,10
1166_1_2_J12,1166_1_2_J12_TRINITY_DN3_c5_g1_i1_K,K,9,-1,3.1
1166_1_2_J13,1166_1_2_J13_TRINITY_DN3_c1_g1_i1_H,H,,,
1166_1_2_J13,1166_1_2_J13_TRINITY_DN1_c2_g1_i1_K,K,,,
1166_1_2_J15,1166_1_2_J15_TRINITY_DN1_c0_g1_i1_H,H,,,
1166_1_2_J15,1166_1_2_J15_TRINITY_DN0_c0_g1_i1_L,L,,,
1166_1_2_J16,1166_1_2_J16_TRINITY_DN1_c3_g1_i1_K,K,10,0,6
1166_1_2_J16,1166_1_2_J16_TRINITY_DN3_c1_g1_i1_H,H,12,-0.91,5.1
1166_1_2_K02,1166_1_2_K02_TRINITY_DN6_c3_g1_i1_H,H,,,
1166_1_2_K02,1166_1_2_K02_TRINITY_DN2_c5_g1_i1_L,L,,,
1166_1_2_K03,1166_1_2_K03_TRINITY_DN2_c5_g1_i1_K,K,9,0,5.9
1166_1_2_K03,1166_1_2_K03_TRINITY_DN2_c3_g1_i1_H,H,13,-3,3.6
1166_1_2_K04,1166_1_2_K04_TRINITY_DN3_c2_g1_i1_H,H,13,-2,3.8
1166_1_2_K04,1166_1_2_K04_TRINITY_DN2_c6_g1_i1_K,K,10,0.09,7.8
1166_1_2_K05,1166_1_2_K05_TRINITY_DN6_c1_g1_i1_H,H,,,
1166_1_2_K05,1166_1_2_K05_TRINITY_DN2_c7_g1_i1_L,L,,,
1166_1_2_K06,1166_1_2_K06_TRINITY_DN3_c1_g1_i1_H,H,,,
1166_1_2_K06,1166_1_2_K06_TRINITY_DN0_c0_g2_i1_K,K,,,
1166_1_2_K06,1166_1_2_K06_TRINITY_DN4_c5_g1_i1_L,L,,,
1166_1_2_K07,1166_1_2_K07_TRINITY_DN3_c4_g1_i1_H,H,13,-2,3.8
1166_1_2_K07,1166_1_2_K07_TRINITY_DN0_c6_g1_i1_K,K,10,0.09,7.8
1166_1_2_K08,1166_1_2_K08_TRINITY_DN2_c2_g1_i1_H,H,,,
1166_1_2_K08,1166_1_2_K08_TRINITY_DN1_c2_g1_i1_L,L,,,
1166_1_2_K09,1166_1_2_K09_TRINITY_DN2_c7_g1_i1_K,K,9,-0.05,5.3
1166_1_2_K09,1166_1_2_K09_TRINITY_DN2_c2_g1_i1_H,H,21,-1,4.6
1166_1_2_K10,1166_1_2_K10_TRINITY_DN2_c3_g1_i1_H,H,,,
1166_1_2_K10,1166_1_2_K10_TRINITY_DN0_c2_g1_i1_L,L,,,
1166_1_2_K11,1166_1_2_K11_TRINITY_DN3_c2_g1_i1_H,H,,,
1166_1_2_K11,1166_1_2_K11_TRINITY_DN5_c8_g1_i1_K,K,,,
1166_1_2_K12,1166_1_2_K12_TRINITY_DN1_c0_g1_i1_H,H,21,1.18,9.9
1166_1_2_K12,1166_1_2_K12_TRINITY_DN0_c0_g1_i1_K,K,9,-1,3.1
1166_1_2_K15,1166_1_2_K15_TRINITY_DN3_c1_g1_i1_H,H,,,
1166_1_2_K15,1166_1_2_K15_TRINITY_DN0_c0_g1_i1_L,L,,,
1166_1_2_K16,1166_1_2_K16_TRINITY_DN0_c0_g1_i3_H,H,,,
1166_1_2_K16,1166_1_2_K16_TRINITY_DN0_c0_g1_i1_L,L,,,
1166_1_2_L02,1166_1_2_L02_TRINITY_DN3_c1_g1_i1_H,H,,,
1166_1_2_L02,1166_1_2_L02_TRINITY_DN1_c9_g1_i1_K,K,,,
1166_1_2_L03,1166_1_2_L03_TRINITY_DN4_c4_g1_i1_L,L,10,-1.05,3.1
1166_1_2_L03,1166_1_2_L03_TRINITY_DN1_c2_g1_i1_H,H,16,2,11
1166_1_2_L04,1166_1_2_L04_TRINITY_DN3_c1_g1_i1_H,H,,,
1166_1_2_L04,1166_1_2_L04_TRINITY_DN2_c2_g1_i1_K,K,,,
1166_1_2_L06,1166_1_2_L06_TRINITY_DN2_c2_g1_i1_H,H,,,
1166_1_2_L06,1166_1_2_L06_TRINITY_DN5_c2_g1_i1_K,K,,,
1166_1_2_L07,1166_1_2_L07_TRINITY_DN1_c0_g1_i1_H,H,,,
1166_1_2_L07,1166_1_2_L07_TRINITY_DN2_c5_g1_i1_K,K,,,
1166_1_2_L08,1166_1_2_L08_TRINITY_DN3_c1_g1_i1_H,H,,,
1166_1_2_L08,1166_1_2_L08_TRINITY_DN1_c1_g1_i1_K,K,,,
1166_1_2_L09,1166_1_2_L09_TRINITY_DN0_c0_g1_i1_H,H,,,
1166_1_2_L09,1166_1_2_L09_TRINITY_DN1_c0_g1_i1_K,K,,,
1166_1_2_L10,1166_1_2_L10_TRINITY_DN3_c1_g2_i1_H,H,,,
1166_1_2_L10,1166_1_2_L10_TRINITY_DN4_c5_g1_i1_K,K,,,
1166_1_2_L11,1166_1_2_L11_TRINITY_DN4_c1_g1_i1_H,H,,,
1166_1_2_L11,1166_1_2_L11_TRINITY_DN0_c5_g1_i1_K,K,,,
1166_1_2_L13,1166_1_2_L13_TRINITY_DN0_c1_g1_i1_L,L,11,-2,2.9
1166_1_2_L13,1166_1_2_L13_TRINITY_DN1_c0_g1_i1_H,H,20,-0.92,5.1
1166_1_2_L14,1166_1_2_L14_TRINITY_DN4_c1_g1_i1_H,H,13,3.18,11.3
1166_1_2_L14,1166_1_2_L14_TRINITY_DN0_c1_g1_i1_K,K,9,-1,3.1
1166_1_2_L15,1166_1_2_L15_TRINITY_DN4_c2_g2_i1_H,H,21,0,7
1166_1_2_L15,1166_1_2_L15_TRINITY_DN2_c2_g1_i1_K,K,9,0,5.9
1166_1_2_L16,1166_1_2_L16_TRINITY_DN0_c2_g1_i1_H,H,13,-3,3.6
1166_1_2_L16,1166_1_2_L16_TRINITY_DN0_c2_g1_i1_K,K,9,0,6
1166_1_2_M02,1166_1_2_M02_TRINITY_DN4_c5_g1_i1_H,H,,,
1166_1_2_M02,1166_1_2_M02_TRINITY_DN1_c7_g1_i1_K,K,,,
1166_1_2_M03,1166_1_2_M03_TRINITY_DN5_c2_g1_i1_H,H,,,
1166_1_2_M03,1166_1_2_M03_TRINITY_DN1_c1_g2_i1_K,K,,,
1166_1_2_M04,1166_1_2_M04_TRINITY_DN3_c4_g1_i1_H,H,,,
1166_1_2_M04,1166_1_2_M04_TRINITY_DN1_c3_g1_i1_K,K,,,
1166_1_2_M05,1166_1_2_M05_TRINITY_DN1_c1_g1_i1_H,H,13,-3,3.6
1166_1_2_M05,1166_1_2_M05_TRINITY_DN0_c1_g2_i1_K,K,9,0,6
1166_1_2_M07,1166_1_2_M07_TRINITY_DN2_c0_g1_i1_H,H,21,1.18,9.9
1166_1_2_M07,1166_1_2_M07_TRINITY_DN2_c5_g2_i1_K,K,9,-1,3.1
1166_1_2_M08,1166_1_2_M08_TRINITY_DN4_c0_g1_i1_H,H,15,-1,3.9
1166_1_2_M08,1166_1_2_M08_TRINITY_DN0_c2_g1_i1_L,L,11,0,6.8
1166_1_2_M09,1166_1_2_M09_TRINITY_DN3_c1_g2_i1_H,H,21,-0.91,5.2
1166_1_2_M09,1166_1_2_M09_TRINITY_DN2_c4_g1_i1_L,L,10,0,5.9
1166_1_2_M10,1166_1_2_M10_TRINITY_DN1_c0_g1_i2_H,H,,,
1166_1_2_M10,1166_1_2_M10_TRINITY_DN0_c0_g1_i1_L,L,,,
1166_1_2_M11,1166_1_2_M11_TRINITY_DN1_c2_g1_i1_H,H,,,
1166_1_2_M11,1166_1_2_M11_TRINITY_DN3_c2_g2_i1_K,K,,,
1166_1_2_M12,1166_1_2_M12_TRINITY_DN2_c2_g1_i1_H,H,13,3.18,11.3
1166_1_2_M12,1166_1_2_M12_TRINITY_DN2_c3_g1_i1_K,K,9,-1,3.1
1166_1_2_M14,1166_1_2_M14_TRINITY_DN1_c0_g1_i1_H,H,,,
1166_1_2_M14,1166_1_2_M14_TRINITY_DN0_c0_g1_i1_K,K,,,
1166_1_2_M15,1166_1_2_M15_TRINITY_DN2_c1_g1_i1_H,H,,,
1166_1_2_M15,1166_1_2_M15_TRINITY_DN5_c2_g1_i1_K,K,,,
1166_1_2_M16,1166_1_2_M16_TRINITY_DN1_c2_g1_i1_L,L,10,-0.05,5.3
1166_1_2_M16,1166_1_2_M16_TRINITY_DN2_c2_g1_i1_H,H,12,-2,3.7
1166_1_2_N01,1166_1_2_N01_TRINITY_DN1_c1_g1_i1_H,H,,,
1166_1_2_N01,1166_1_2_N01_TRINITY_DN9_c0_g1_i2_K,K,,,
1166_1_2_N02,1166_1_2_N02_TRINITY_DN3_c2_g1_i1_H,H,15,-1,3.9
1166_1_2_N02,1166_1_2_N02_TRINITY_DN1_c1_g1_i1_L,L,11,0,6.8
1166_1_2_N03,1166_1_2_N03_TRINITY_DN0_c2_g1_i1_K,K,8,1,11.1
1166_1_2_N03,1166_1_2_N03_TRINITY_DN2_c1_g1_i1_H,H,17,1.09,9.9
1166_1_2_N05,1166_1_2_N05_TRINITY_DN2_c2_g1_i1_H,H,13,3.18,11.3
1166_1_2_N05,1166_1_2_N05_TRINITY_DN2_c1_g1_i1_K,K,9,-1,3.1
1166_1_2_N07,1166_1_2_N07_TRINITY_DN0_c6_g1_i1_L,L,11,-1,3.1
1166_1_2_N07,1166_1_2_N07_TRINITY_DN3_c3_g2_i1_H,H,17,2.09,10.3
1166_1_2_N09,1166_1_2_N09_TRINITY_DN3_c1_g1_i1_H,H,,,
1166_1_2_N09,1166_1_2_N09_TRINITY_DN7_c4_g1_i1_K,K,,,
1166_1_2_N10,1166_1_2_N10_TRINITY_DN3_c3_g1_i1_H,H,13,1,9.5
1166_1_2_N10,1166_1_2_N10_TRINITY_DN1_c7_g1_i1_K,K,9,-1,3.1
1166_1_2_N11,1166_1_2_N11_TRINITY_DN1_c4_g1_i1_L,L,16,-3,2.8
1166_1_2_N11,1166_1_2_N11_TRINITY_DN5_c1_g1_i1_H,H,12,-1,4.2
1166_1_2_N12,1166_1_2_N12_TRINITY_DN1_c7_g1_i1_L,L,11,0.09,7.8
1166_1_2_N12,1166_1_2_N12_TRINITY_DN7_c5_g1_i1_H,H,14,-2.91,3.6
1166_1_2_N13,1166_1_2_N13_TRINITY_DN0_c1_g1_i1_H,H,12,-1.91,3.9
1166_1_2_N13,1166_1_2_N13_TRINITY_DN0_c3_g1_i1_L,L,11,0.09,7.7
1166_1_2_N14,1166_1_2_N14_TRINITY_DN0_c0_g1_i1_H,H,16,-0.91,5.2
1166_1_2_N14,1166_1_2_N14_TRINITY_DN2_c4_g1_i1_K,K,10,0,5.9
1166_1_2_N15,1166_1_2_N15_TRINITY_DN0_c0_g1_i1_H,H,,,
1166_1_2_N15,1166_1_2_N15_TRINITY_DN0_c0_g1_i2_L,L,,,
1166_1_2_O02,1166_1_2_O02_TRINITY_DN1_c3_g1_i1_H,H,,,
1166_1_2_O02,1166_1_2_O02_TRINITY_DN2_c7_g1_i1_L,L,,,
1166_1_2_O03,1166_1_2_O03_TRINITY_DN3_c1_g1_i1_H,H,,,
1166_1_2_O03,1166_1_2_O03_TRINITY_DN3_c1_g1_i1_K,K,,,
1166_1_2_O04,1166_1_2_O04_TRINITY_DN2_c3_g1_i1_H,H,,,
1166_1_2_O04,1166_1_2_O04_TRINITY_DN0_c4_g1_i1_K,K,,,
1166_1_2_O06,1166_1_2_O06_TRINITY_DN1_c2_g1_i1_H,H,,,
1166_1_2_O06,1166_1_2_O06_TRINITY_DN2_c3_g1_i1_L,L,,,
1166_1_2_O08,1166_1_2_O08_TRINITY_DN1_c2_g1_i1_H,H,,,
1166_1_2_O08,1166_1_2_O08_TRINITY_DN1_c5_g1_i1_K,K,,,
1166_1_2_O09,1166_1_2_O09_TRINITY_DN3_c0_g1_i1_H,H,,,
1166_1_2_O09,1166_1_2_O09_TRINITY_DN0_c2_g1_i1_K,K,,,
1166_1_2_O11,1166_1_2_O11_TRINITY_DN1_c2_g1_i1_H,H,,,
1166_1_2_O11,1166_1_2_O11_TRINITY_DN0_c4_g1_i1_L,L,,,
1166_1_2_O13,1166_1_2_O13_TRINITY_DN1_c0_g1_i1_K,K,9,0,5.9
1166_1_2_O13,1166_1_2_O13_TRINITY_DN0_c0_g1_i1_H,H,15,-0.91,5.3
1166_1_2_O15,1166_1_2_O15_TRINITY_DN0_c2_g1_i1_H,H,,,
1166_1_2_O15,1166_1_2_O15_TRINITY_DN5_c4_g1_i1_L,L,,,
1166_1_2_O16,1166_1_2_O16_TRINITY_DN1_c0_g1_i1_H,H,,,
1166_1_2_O16,1166_1_2_O16_TRINITY_DN3_c1_g3_i2_K,K,,,
1166_1_2_P03,1166_1_2_P03_TRINITY_DN1_c2_g1_i1_H,H,,,
1166_1_2_P03,1166_1_2_P03_TRINITY_DN3_c2_g1_i1_K,K,,,
1166_1_2_P04,1166_1_2_P04_TRINITY_DN0_c0_g1_i1_K,K,9,1,9.6
1166_1_2_P04,1166_1_2_P04_TRINITY_DN2_c0_g1_i1_H,H,15,1,10.8
1166_1_2_P05,1166_1_2_P05_TRINITY_DN1_c1_g1_i1_H,H,,,
1166_1_2_P05,1166_1_2_P05_TRINITY_DN0_c3_g1_i1_K,K,,,
1166_1_2_P06,1166_1_2_P06_TRINITY_DN3_c4_g1_i1_K,K,10,0,5.9
1166_1_2_P06,1166_1_2_P06_TRINITY_DN2_c1_g2_i1_H,H,14,-1.91,3.9
1166_1_2_P07,1166_1_2_P07_TRINITY_DN0_c0_g1_i1_H,H,,,
1166_1_2_P07,1166_1_2_P07_TRINITY_DN0_c0_g1_i1_K,K,,,
1166_1_2_P10,1166_1_2_P10_TRINITY_DN1_c0_g1_i1_H,H,,,
1166_1_2_P10,1166_1_2_P10_TRINITY_DN0_c0_g1_i1_K,K,,,
1166_1_2_P11,1166_1_2_P11_TRINITY_DN5_c1_g1_i1_H,H,,,
1166_1_2_P11,1166_1_2_P11_TRINITY_DN2_c3_g1_i1_K,K,,,
1166_1_2_P12,1166_1_2_P12_TRINITY_DN3_c2_g1_i1_H,H,14,-0.91,5.1
1166_1_2_P12,1166_1_2_P12_TRINITY_DN5_c4_g1_i1_K,K,9,1,9.9
1166_1_2_P14,1166_1_2_P14_TRINITY_DN3_c3_g2_i1_K,K,10,0,5.9
1166_1_2_P14,1166_1_2_P14_TRINITY_DN2_c0_g1_i1_H,H,13,-1,4.3
1166_1_2_P15,1166_1_2_P15_TRINITY_DN0_c1_g1_i1_H,H,14,0.09,7.7
1166_1_2_P15,1166_1_2_P15_TRINITY_DN1_c3_g1_i1_K,K,9,0,6.7
1166_1_2_P16,1166_1_2_P16_TRINITY_DN3_c3_g1_i1_H,H,,,
1166_1_2_P16,1166_1_2_P16_TRINITY_DN5_c4_g1_i1_K,K,,,
1227_1_1_A18,1227_1_1_A18_TRINITY_DN0_c0_g1_i8_H,H,,,
1227_1_1_A18,1227_1_1_A18_TRINITY_DN3_c3_g1_i1_L,L,,,
1227_1_1_G19,1227_1_1_G19_TRINITY_DN4_c10_g1_i1_H,H,14,1,10.1
1227_1_1_G19,1227_1_1_G19_TRINITY_DN0_c15_g1_i1_K,K,10,0.09,7.8
1227_1_1_H05,1227_1_1_H05_TRINITY_DN3_c0_g1_i1_H,H,,,
1227_1_1_H05,1227_1_1_H05_TRINITY_DN0_c0_g1_i1_L,L,,,
1227_1_1_J08,1227_1_1_J08_TRINITY_DN1_c0_g1_i1_H,H,,,
1227_1_1_J08,1227_1_1_J08_TRINITY_DN0_c0_g1_i1_K,K,,,
1227_1_1_K05,1227_1_1_K05_TRINITY_DN0_c0_g1_i1_L,L,9,-1,3.1
1227_1_1_K05,1227_1_1_K05_TRINITY_DN1_c0_g1_i2_H,H,22,1.09,8.3
1227_1_1_M19,1227_1_1_M19_TRINITY_DN1_c3_g1_i1_H,H,,,
1227_1_1_M19,1227_1_1_M19_TRINITY_DN3_c4_g1_i1_L,L,,,
1227_1_1_N02,1227_1_1_N02_TRINITY_DN3_c7_g1_i1_H,H,14,1,10.1
1227_1_1_N02,1227_1_1_N02_TRINITY_DN3_c14_g1_i1_K,K,10,0.09,7.8
1227_1_2_A04,1227_1_2_A04_TRINITY_DN3_c3_g1_i1_H,H,,,
1227_1_2_A04,1227_1_2_A04_TRINITY_DN0_c8_g1_i1_L,L,,,
1227_1_2_A05,1227_1_2_A05_TRINITY_DN1_c1_g1_i2_H,H,,,
1227_1_2_A05,1227_1_2_A05_TRINITY_DN0_c0_g1_i1_K,K,,,
1227_1_2_A06,1227_1_2_A06_TRINITY_DN2_c0_g1_i1_H,H,,,
1227_1_2_A06,1227_1_2_A06_TRINITY_DN0_c0_g1_i1_K,K,,,
1227_1_2_B07,1227_1_2_B07_TRINITY_DN3_c7_g2_i1_H,H,,,
1227_1_2_B07,1227_1_2_B07_TRINITY_DN2_c15_g1_i1_K,K,,,
1227_1_2_B08,1227_1_2_B08_TRINITY_DN1_c6_g1_i1_K,K,9,0,5.9
1227_1_2_B08,1227_1_2_B08_TRINITY_DN3_c1_g1_i1_H,H,16,0.09,7.8
1227_1_2_C04,1227_1_2_C04_TRINITY_DN1_c10_g1_i1_L,L,12,0,5.9
1227_1_2_C04,1227_1_2_C04_TRINITY_DN8_c8_g1_i1_H,H,12,0,6.9
1227_1_2_D03,1227_1_2_D03_TRINITY_DN7_c9_g1_i1_H,H,,,
1227_1_2_D03,1227_1_2_D03_TRINITY_DN9_c20_g1_i1_K,K,,,
1227_1_2_D07,1227_1_2_D07_TRINITY_DN4_c7_g1_i1_H,H,,,
1227_1_2_D07,1227_1_2_D07_TRINITY_DN1_c12_g3_i1_K,K,,,
1227_1_2_E01,1227_1_2_E01_TRINITY_DN7_c0_g1_i1_H,H,,,
1227_1_2_E01,1227_1_2_E01_TRINITY_DN1_c14_g1_i1_K,K,,,
1227_1_2_E02,1227_1_2_E02_TRINITY_DN4_c2_g1_i1_H,H,,,
1227_1_2_E02,1227_1_2_E02_TRINITY_DN1_c0_g1_i1_K,K,,,
1227_1_2_E03,1227_1_2_E03_TRINITY_DN2_c9_g1_i1_H,H,,,
1227_1_2_E03,1227_1_2_E03_TRINITY_DN2_c9_g1_i1_K,K,,,
1227_1_2_E04,1227_1_2_E04_TRINITY_DN0_c0_g1_i1_H,H,,,
1227_1_2_E04,1227_1_2_E04_TRINITY_DN0_c0_g1_i1_L,L,,,
1227_1_2_E07,1227_1_2_E07_TRINITY_DN1_c0_g1_i1_H,H,,,
1227_1_2_E07,1227_1_2_E07_TRINITY_DN0_c0_g1_i1_K,K,,,
1227_1_2_F01,1227_1_2_F01_TRINITY_DN1_c0_g1_i1_H,H,,,
1227_1_2_F01,1227_1_2_F01_TRINITY_DN0_c0_g1_i1_K,K,,,
1227_1_2_F02,1227_1_2_F02_TRINITY_DN0_c0_g1_i1_H,H,,,
1227_1_2_F02,1227_1_2_F02_TRINITY_DN0_c0_g1_i1_K,K,,,
1227_1_2_G03,1227_1_2_G03_TRINITY_DN2_c6_g1_i1_H,H,,,
1227_1_2_G03,1227_1_2_G03_TRINITY_DN3_c8_g1_i1_L,L,,,
1227_1_2_G07,1227_1_2_G07_TRINITY_DN1_c0_g1_i2_H,H,,,
1227_1_2_G07,1227_1_2_G07_TRINITY_DN0_c0_g1_i1_L,L,,,
1227_1_2_H01,1227_1_2_H01_TRINITY_DN1_c0_g1_i1_H,H,,,
1227_1_2_H01,1227_1_2_H01_TRINITY_DN2_c2_g1_i1_K,K,,,
1227_1_2_H05,1227_1_2_H05_TRINITY_DN6_c0_g1_i1_H,H,,,
1227_1_2_H05,1227_1_2_H05_TRINITY_DN4_c14_g1_i1_K,K,,,
1227_1_2_H07,1227_1_2_H07_TRINITY_DN8_c1_g1_i1_H,H,,,
1227_1_2_H07,1227_1_2_H07_TRINITY_DN4_c11_g1_i1_L,L,,,
1227_1_2_H08,1227_1_2_H08_TRINITY_DN1_c1_g1_i1_H,H,,,
1227_1_2_H08,1227_1_2_H08_TRINITY_DN0_c7_g1_i1_K,K,,,
1227_1_2_I05,1227_1_2_I05_TRINITY_DN7_c11_g1_i1_H,H,,,
1227_1_2_I05,1227_1_2_I05_TRINITY_DN1_c10_g2_i1_K,K,,,
1227_1_2_I06,1227_1_2_I06_TRINITY_DN1_c0_g1_i2_H,H,,,
1227_1_2_I06,1227_1_2_I06_TRINITY_DN0_c0_g1_i1_K,K,,,
1227_1_2_I07,1227_1_2_I07_TRINITY_DN0_c0_g1_i1_H,H,,,
1227_1_2_I07,1227_1_2_I07_TRINITY_DN2_c13_g1_i1_K,K,,,
1227_1_2_J04,1227_1_2_J04_TRINITY_DN7_c9_g1_i1_H,H,,,
1227_1_2_J04,1227_1_2_J04_TRINITY_DN4_c15_g2_i1_K,K,,,
1227_1_2_J05,1227_1_2_J05_TRINITY_DN2_c12_g1_i1_L,L,11,-2,2.9
1227_1_2_J05,1227_1_2_J05_TRINITY_DN3_c1_g2_i1_H,H,17,1,9.9
1227_1_2_J08,1227_1_2_J08_TRINITY_DN5_c1_g1_i1_H,H,14,0.09,7.8
1227_1_2_J08,1227_1_2_J08_TRINITY_DN1_c3_g1_i1_L,L,11,-2,2.9
1227_1_2_K01,1227_1_2_K01_TRINITY_DN0_c4_g1_i1_H,H,,,
1227_1_2_K01,1227_1_2_K01_TRINITY_DN0_c12_g1_i1_K,K,,,
1227_1_2_K02,1227_1_2_K02_TRINITY_DN5_c2_g1_i1_H,H,16,0,6.6
1227_1_2_K02,1227_1_2_K02_TRINITY_DN0_c13_g1_i1_K,K,8,0,6
1227_1_2_K03,1227_1_2_K03_TRINITY_DN5_c2_g1_i1_H,H,16,1.18,11.1
1227_1_2_K03,1227_1_2_K03_TRINITY_DN0_c4_g2_i1_K,K,9,0,5.9
1227_1_2_K05,1227_1_2_K05_TRINITY_DN2_c6_g1_i1_H,H,14,1,10.1
1227_1_2_K05,1227_1_2_K05_TRINITY_DN0_c11_g1_i1_K,K,10,0.09,7.8
1227_1_2_L02,1227_1_2_L02_TRINITY_DN4_c12_g1_i1_H,H,,,
1227_1_2_L02,1227_1_2_L02_TRINITY_DN1_c12_g1_i1_K,K,,,
1227_1_2_L03,1227_1_2_L03_TRINITY_DN1_c0_g1_i3_H,H,,,
1227_1_2_L03,1227_1_2_L03_TRINITY_DN0_c0_g1_i2_L,L,,,
1227_1_2_L04,1227_1_2_L04_TRINITY_DN1_c10_g1_i1_H,H,,,
1227_1_2_L04,1227_1_2_L04_TRINITY_DN0_c16_g1_i1_L,L,,,
1227_1_2_L07,1227_1_2_L07_TRINITY_DN4_c6_g1_i1_H,H,,,
1227_1_2_L07,1227_1_2_L07_TRINITY_DN0_c0_g1_i1_K,K,,,
1227_1_2_L07,1227_1_2_L07_TRINITY_DN1_c9_g1_i1_L,L,,,
1227_1_2_M08,1227_1_2_M08_TRINITY_DN1_c9_g1_i1_H,H,,,
1227_1_2_M08,1227_1_2_M08_TRINITY_DN3_c15_g1_i1_K,K,,,
1227_1_2_N06,1227_1_2_N06_TRINITY_DN1_c1_g1_i1_H,H,,,
1227_1_2_N06,1227_1_2_N06_TRINITY_DN0_c0_g1_i1_K,K,,,
1227_1_2_O03,1227_1_2_O03_TRINITY_DN4_c7_g1_i1_L,L,11,0,5.9
1227_1_2_O03,1227_1_2_O03_TRINITY_DN1_c2_g1_i1_H,H,12,1,10.1
1227_1_2_O04,1227_1_2_O04_TRINITY_DN5_c1_g1_i1_H,H,,,
1227_1_2_O04,1227_1_2_O04_TRINITY_DN1_c15_g1_i1_L,L,,,
1227_1_2_O05,1227_1_2_O05_TRINITY_DN3_c10_g1_i1_H,H,14,0.09,7.8
1227_1_2_O05,1227_1_2_O05_TRINITY_DN1_c9_g2_i1_L,L,11,-2,2.9
1227_1_2_O06,1227_1_2_O06_TRINITY_DN0_c0_g1_i1_K,K,10,2,11.2
1227_1_2_O06,1227_1_2_O06_TRINITY_DN0_c0_g1_i1_H,H,22,-3.91,3.4
1227_1_2_O07,1227_1_2_O07_TRINITY_DN0_c0_g1_i1_H,H,,,
1227_1_2_O07,1227_1_2_O07_TRINITY_DN1_c15_g1_i1_L,L,,,
1227_1_2_P01,1227_1_2_P01_TRINITY_DN2_c5_g1_i1_H,H,16,0,6.6
1227_1_2_P01,1227_1_2_P01_TRINITY_DN12_c13_g1_i1_K,K,8,0,6
1227_1_2_P04,1227_1_2_P04_TRINITY_DN1_c0_g1_i1_H,H,,,
1227_1_2_P04,1227_1_2_P04_TRINITY_DN1_c0_g1_i1_K,K,,,
1227_1_2_P05,1227_1_2_P05_TRINITY_DN0_c3_g1_i1_H,H,,,
1227_1_2_P05,1227_1_2_P05_TRINITY_DN2_c12_g1_i1_L,L,,,
1227_1_2_P07,1227_1_2_P07_TRINITY_DN3_c3_g1_i1_H,H,,,
1227_1_2_P07,1227_1_2_P07_TRINITY_DN1_c11_g1_i1_K,K,,,
1227_1_3_C01,1227_1_3_C01_TRINITY_DN0_c0_g1_i1_H,H,16,1.18,11.1
1227_1_3_C01,1227_1_3_C01_TRINITY_DN0_c1_g1_i1_K,K,9,0,5.9
1227_1_3_D02,1227_1_3_D02_TRINITY_DN1_c0_g1_i2_H,H,,,
1227_1_3_D02,1227_1_3_D02_TRINITY_DN0_c1_g1_i1_K,K,,,
1227_1_3_D03,1227_1_3_D03_TRINITY_DN2_c0_g1_i1_H,H,,,
1227_1_3_D03,1227_1_3_D03_TRINITY_DN0_c1_g1_i1_K,K,,,
1227_1_3_E01,1227_1_3_E01_TRINITY_DN4_c3_g1_i1_H,H,,,
1227_1_3_E01,1227_1_3_E01_TRINITY_DN2_c3_g1_i1_L,L,,,
1227_1_3_E02,1227_1_3_E02_TRINITY_DN5_c5_g1_i1_H,H,,,
1227_1_3_E02,1227_1_3_E02_TRINITY_DN1_c7_g1_i1_L,L,,,
1227_1_3_F02,1227_1_3_F02_TRINITY_DN0_c0_g1_i1_H,H,,,
1227_1_3_F02,1227_1_3_F02_TRINITY_DN0_c4_g1_i1_L,L,,,
1227_1_3_H02,1227_1_3_H02_TRINITY_DN7_c4_g1_i1_H,H,,,
1227_1_3_H02,1227_1_3_H02_TRINITY_DN1_c7_g1_i1_L,L,,,
1227_1_3_I01,1227_1_3_I01_TRINITY_DN8_c2_g1_i1_H,H,,,
1227_1_3_I01,1227_1_3_I01_TRINITY_DN1_c7_g2_i1_K,K,,,
1227_1_3_I02,1227_1_3_I02_TRINITY_DN2_c8_g1_i1_H,H,,,
1227_1_3_I02,1227_1_3_I02_TRINITY_DN1_c0_g1_i3_K,K,,,
1227_1_3_I02,1227_1_3_I02_TRINITY_DN3_c11_g1_i1_L,L,,,
1227_1_3_J02,1227_1_3_J02_TRINITY_DN0_c14_g1_i1_L,L,11,-4,2.8
1227_1_3_J02,1227_1_3_J02_TRINITY_DN0_c0_g1_i1_K,K,,,
1227_1_3_J02,1227_1_3_J02_TRINITY_DN2_c3_g1_i1_H,H,22,-2,3.6
1227_1_3_K01,1227_1_3_K01_TRINITY_DN4_c11_g1_i1_H,H,,,
1227_1_3_K01,1227_1_3_K01_TRINITY_DN2_c15_g2_i1_K,K,,,
1227_1_3_L02,1227_1_3_L02_TRINITY_DN3_c3_g1_i1_H,H,,,
1227_1_3_L02,1227_1_3_L02_TRINITY_DN0_c8_g1_i1_L,L,,,
1284_1_1_A09,1284_1_1_A09_TRINITY_DN0_c0_g1_i1_H,H,12,-1,3.9
1284_1_1_A09,1284_1_1_A09_TRINITY_DN0_c0_g1_i1_K,K,9,1,9.9
1284_1_1_A12,1284_1_1_A12_TRINITY_DN0_c0_g1_i1_H,H,,,
1284_1_1_A12,1284_1_1_A12_TRINITY_DN1_c0_g1_i1_L,L,,,
1284_1_1_B07,1284_1_1_B07_TRINITY_DN0_c0_g1_i1_H,H,11,-1,3.1
1284_1_1_B07,1284_1_1_B07_TRINITY_DN0_c0_g1_i1_L,L,10,-0.05,5.3
1284_1_1_E04,1284_1_1_E04_TRINITY_DN0_c0_g1_i1_H,H,,,
1284_1_1_E04,1284_1_1_E04_TRINITY_DN0_c0_g1_i1_K,K,,,
1284_1_1_F01,1284_1_1_F01_TRINITY_DN0_c0_g1_i1_H,H,,,
1284_1_1_F01,1284_1_1_F01_TRINITY_DN0_c0_g1_i1_K,K,,,
1284_1_1_F01,1284_1_1_F01_TRINITY_DN0_c0_g1_i1_L,L,,,
1284_1_1_F09,1284_1_1_F09_TRINITY_DN2_c0_g1_i1_L,L,10,-2,2.9
1284_1_1_F09,1284_1_1_F09_TRINITY_DN1_c0_g1_i3_H,H,13,-0.82,6
1284_1_1_H07,1284_1_1_H07_TRINITY_DN11_c20_g1_i1_H,H,11,-1,3.1
1284_1_1_H07,1284_1_1_H07_TRINITY_DN8_c32_g1_i1_L,L,10,-0.05,5.3
1284_1_1_M03,1284_1_1_M03_TRINITY_DN1_c0_g1_i1_H,H,,,
1284_1_1_M03,1284_1_1_M03_TRINITY_DN1_c0_g1_i1_L,L,,,
1284_1_1_N09,1284_1_1_N09_TRINITY_DN0_c0_g1_i1_H,H,11,2.09,11.2
1284_1_1_N09,1284_1_1_N09_TRINITY_DN0_c0_g1_i1_L,L,11,0,6.8
1284_1_1_P09,1284_1_1_P09_TRINITY_DN0_c0_g1_i1_H,H,,,
1284_1_1_P09,1284_1_1_P09_TRINITY_DN0_c0_g1_i1_K,K,,,
1284_1_2_O04,1284_1_2_O04_TRINITY_DN3_c2_g1_i1_H,H,16,-1,3.9
1284_1_2_O04,1284_1_2_O04_TRINITY_DN3_c7_g1_i1_K,K,9,1,9.9
1284_1_3_B12,1284_1_3_B12_TRINITY_DN0_c0_g1_i3_H,H,,,
1284_1_3_B12,1284_1_3_B12_TRINITY_DN0_c0_g1_i1_L,L,,,
1284_1_3_J02,1284_1_3_J02_TRINITY_DN0_c0_g1_i1_H,H,11,-1,3.1
1284_1_3_J02,1284_1_3_J02_TRINITY_DN0_c0_g1_i1_K,K,9,1,9.7
1284_1_3_J02,1284_1_3_J02_TRINITY_DN0_c0_g1_i1_L,L,10,-0.05,5.3
1284_1_3_K06,1284_1_3_K06_TRINITY_DN1_c0_g1_i1_H,H,,,
1284_1_3_K06,1284_1_3_K06_TRINITY_DN0_c1_g1_i1_K,K,,,
1284_1_4_A03,1284_1_4_A03_TRINITY_DN1_c0_g1_i1_H,H,12,1.09,9.7
1284_1_4_A03,1284_1_4_A03_TRINITY_DN1_c1_g1_i1_K,K,9,1,9.7
1284_1_4_A05,1284_1_4_A05_TRINITY_DN2_c5_g1_i1_H,H,11,2.09,11.2
1284_1_4_A05,1284_1_4_A05_TRINITY_DN1_c10_g1_i1_L,L,11,0,6.8
1284_1_4_B01,1284_1_4_B01_TRINITY_DN1_c0_g1_i3_H,H,,,
1284_1_4_B01,1284_1_4_B01_TRINITY_DN0_c0_g1_i1_L,L,,,
1284_1_4_B05,1284_1_4_B05_TRINITY_DN6_c4_g1_i1_H,H,,,
1284_1_4_B05,1284_1_4_B05_TRINITY_DN2_c9_g1_i1_L,L,,,
1284_1_4_C03,1284_1_4_C03_TRINITY_DN0_c0_g1_i1_H,H,,,
1284_1_4_C03,1284_1_4_C03_TRINITY_DN1_c0_g1_i1_L,L,,,
1284_1_4_C05,1284_1_4_C05_TRINITY_DN2_c1_g1_i1_H,H,15,0.09,7.8
1284_1_4_C05,1284_1_4_C05_TRINITY_DN1_c2_g1_i1_L,L,13,0.09,7.8
1284_1_4_C06,1284_1_4_C06_TRINITY_DN2_c6_g1_i1_H,H,14,-1.91,3.9
1284_1_4_C06,1284_1_4_C06_TRINITY_DN0_c0_g1_i2_K,K,14,-1.91,3.9
1284_1_4_C06,1284_1_4_C06_TRINITY_DN0_c12_g1_i1_L,L,10,0,5.9
1284_1_4_D02,1284_1_4_D02_TRINITY_DN3_c0_g1_i1_H,H,10,0,5.9
1284_1_4_D02,1284_1_4_D02_TRINITY_DN0_c0_g1_i1_L,L,,,
1284_1_4_D04,1284_1_4_D04_TRINITY_DN1_c4_g1_i1_H,H,10,-2,3.6
1284_1_4_D04,1284_1_4_D04_TRINITY_DN1_c9_g1_i1_K,K,9,0,5.9
1284_1_4_D05,1284_1_4_D05_TRINITY_DN0_c0_g1_i1_K,K,9,1,6
1284_1_4_D05,1284_1_4_D05_TRINITY_DN2_c0_g1_i1_H,H,7,-1,4.1
1284_1_4_E01,1284_1_4_E01_TRINITY_DN3_c0_g1_i1_H,H,16,-1,3.9
1284_1_4_E01,1284_1_4_E01_TRINITY_DN0_c6_g1_i1_K,K,9,1,9.9
1284_1_4_E05,1284_1_4_E05_TRINITY_DN2_c2_g1_i1_H,H,13,0,6.6
1284_1_4_E05,1284_1_4_E05_TRINITY_DN1_c0_g1_i2_K,K,9,-0.91,4.9
1284_1_4_E05,1284_1_4_E05_TRINITY_DN2_c6_g1_i1_L,L,12,-1,3.3
1284_1_4_G04,1284_1_4_G04_TRINITY_DN1_c0_g2_i1_H,H,,,
1284_1_4_G04,1284_1_4_G04_TRINITY_DN0_c0_g1_i1_K,K,,,
1284_1_4_H03,1284_1_4_H03_TRINITY_DN0_c0_g1_i1_H,H,,,
1284_1_4_H03,1284_1_4_H03_TRINITY_DN0_c0_g2_i1_L,L,,,
1284_1_4_I03,1284_1_4_I03_TRINITY_DN0_c0_g1_i1_H,H,,,
1284_1_4_I03,1284_1_4_I03_TRINITY_DN0_c0_g1_i1_L,L,,,
1284_1_4_J02,1284_1_4_J02_TRINITY_DN0_c0_g1_i1_H,H,,,
1284_1_4_J02,1284_1_4_J02_TRINITY_DN0_c0_g1_i1_K,K,,,
1284_1_4_J04,1284_1_4_J04_TRINITY_DN1_c0_g1_i1_H,H,,,
1284_1_4_J04,1284_1_4_J04_TRINITY_DN0_c0_g1_i1_K,K,,,
1284_1_4_J06,1284_1_4_J06_TRINITY_DN0_c0_g1_i1_K,K,8,1,9.7
1284_1_4_J06,1284_1_4_J06_TRINITY_DN0_c0_g1_i2_L,L,10,-1.05,3.1
1284_1_4_J06,1284_1_4_J06_TRINITY_DN1_c1_g1_i1_H,H,13,-1,4.1
1284_1_4_K01,1284_1_4_K01_TRINITY_DN1_c0_g1_i1_H,H,,,
1284_1_4_K01,1284_1_4_K01_TRINITY_DN1_c3_g1_i1_K,K,,,
1284_1_4_K06,1284_1_4_K06_TRINITY_DN1_c0_g1_i1_H,H,,,
1284_1_4_K06,1284_1_4_K06_TRINITY_DN0_c2_g1_i1_K,K,,,
1284_1_4_L01,1284_1_4_L01_TRINITY_DN1_c0_g1_i2_H,H,,,
1284_1_4_L01,1284_1_4_L01_TRINITY_DN1_c0_g1_i1_K,K,,,
1284_1_4_L02,1284_1_4_L02_TRINITY_DN2_c5_g1_i1_H,H,7,-3,2.9
1284_1_4_L02,1284_1_4_L02_TRINITY_DN3_c11_g1_i1_K,K,8,1,11.1
1284_1_4_M06,1284_1_4_M06_TRINITY_DN3_c2_g1_i1_H,H,,,
1284_1_4_M06,1284_1_4_M06_TRINITY_DN0_c10_g1_i1_K,K,,,
1284_1_4_N01,1284_1_4_N01_TRINITY_DN9_c4_g1_i1_H,H,,,
1284_1_4_N01,1284_1_4_N01_TRINITY_DN2_c9_g1_i1_K,K,,,
1284_1_4_N03,1284_1_4_N03_TRINITY_DN3_c0_g1_i1_H,H,,,
1284_1_4_N03,1284_1_4_N03_TRINITY_DN0_c0_g1_i1_K,K,,,
1284_1_4_N03,1284_1_4_N03_TRINITY_DN0_c13_g1_i1_L,L,,,
1284_1_4_N04,1284_1_4_N04_TRINITY_DN0_c0_g1_i1_K,K,9,-1,3.1
1284_1_4_N04,1284_1_4_N04_TRINITY_DN2_c0_g1_i1_H,H,20,1,9.5
1284_1_4_O01,1284_1_4_O01_TRINITY_DN3_c7_g1_i1_H,H,10,-2,3.6
1284_1_4_O01,1284_1_4_O01_TRINITY_DN1_c13_g1_i1_K,K,9,0,5.9
1284_1_4_O03,1284_1_4_O03_TRINITY_DN0_c0_g1_i1_L,L,11,-1,3.1
1284_1_4_O03,1284_1_4_O03_TRINITY_DN0_c0_g1_i1_H,H,21,2,10.1
1284_1_5_A02,1284_1_5_A02_TRINITY_DN2_c0_g1_i1_H,H,,,
1284_1_5_A02,1284_1_5_A02_TRINITY_DN0_c0_g1_i1_K,K,,,
1284_1_5_A02,1284_1_5_A02_TRINITY_DN0_c1_g1_i1_L,L,,,
1284_1_5_A04,1284_1_5_A04_TRINITY_DN18_c20_g1_i1_H,H,12,-1,3.9
1284_1_5_A04,1284_1_5_A04_TRINITY_DN23_c23_g1_i1_K,K,9,1,9.9
1284_1_5_A04,1284_1_5_A04_TRINITY_DN0_c0_g1_i1_L,L,11,0,6.8
1284_1_5_A06,1284_1_5_A06_TRINITY_DN2_c7_g1_i1_H,H,12,-3,3.5
1284_1_5_A06,1284_1_5_A06_TRINITY_DN5_c13_g1_i1_K,K,9,0,5.9
1284_1_5_B05,1284_1_5_B05_TRINITY_DN1_c0_g1_i1_H,H,,,
1284_1_5_B05,1284_1_5_B05_TRINITY_DN0_c0_g1_i1_L,L,,,
1284_1_5_B06,1284_1_5_B06_TRINITY_DN1_c0_g1_i1_H,H,,,
1284_1_5_B06,1284_1_5_B06_TRINITY_DN1_c0_g1_i1_L,L,,,
1284_1_5_C01,1284_1_5_C01_TRINITY_DN0_c0_g1_i1_H,H,11,-1,3.1
1284_1_5_C01,1284_1_5_C01_TRINITY_DN0_c0_g1_i1_L,L,10,-0.05,5.3
1284_1_5_C03,1284_1_5_C03_TRINITY_DN2_c0_g1_i1_H,H,,,
1284_1_5_C03,1284_1_5_C03_TRINITY_DN1_c0_g1_i1_L,L,,,
1284_1_5_C05,1284_1_5_C05_TRINITY_DN0_c0_g1_i1_H,H,,,
1284_1_5_C05,1284_1_5_C05_TRINITY_DN1_c0_g1_i1_K,K,,,
1284_1_5_C05,1284_1_5_C05_TRINITY_DN0_c0_g1_i1_L,L,,,
1284_1_5_D03,1284_1_5_D03_TRINITY_DN0_c0_g1_i1_H,H,,,
1284_1_5_D03,1284_1_5_D03_TRINITY_DN0_c0_g1_i1_K,K,,,
1284_1_5_D03,1284_1_5_D03_TRINITY_DN0_c1_g1_i1_L,L,,,
1284_1_5_F01,1284_1_5_F01_TRINITY_DN5_c21_g1_i1_H,H,11,-1,3.1
1284_1_5_F01,1284_1_5_F01_TRINITY_DN15_c21_g1_i1_L,L,10,-0.05,5.3
1284_1_5_F02,1284_1_5_F02_TRINITY_DN1_c0_g2_i1_H,H,,,
1284_1_5_F02,1284_1_5_F02_TRINITY_DN1_c1_g1_i1_L,L,,,
1284_1_5_F03,1284_1_5_F03_TRINITY_DN2_c0_g1_i2_H,H,,,
1284_1_5_F03,1284_1_5_F03_TRINITY_DN2_c2_g1_i1_K,K,,,
1284_1_5_F05,1284_1_5_F05_TRINITY_DN6_c0_g1_i1_H,H,,,
1284_1_5_F05,1284_1_5_F05_TRINITY_DN15_c21_g1_i1_K,K,,,
1284_1_5_F05,1284_1_5_F05_TRINITY_DN0_c0_g1_i1_L,L,,,
1284_1_5_F06,1284_1_5_F06_TRINITY_DN7_c16_g1_i1_H,H,16,-1,3.9
1284_1_5_F06,1284_1_5_F06_TRINITY_DN13_c20_g1_i1_K,K,9,1,9.9
1284_1_5_G01,1284_1_5_G01_TRINITY_DN5_c21_g1_i1_H,H,14,-1.91,3.9
1284_1_5_G01,1284_1_5_G01_TRINITY_DN0_c0_g1_i2_K,K,9,0,5.9
1284_1_5_G01,1284_1_5_G01_TRINITY_DN11_c25_g1_i1_L,L,10,0,6
1284_1_5_H05,1284_1_5_H05_TRINITY_DN1_c0_g1_i2_H,H,,,
1284_1_5_H05,1284_1_5_H05_TRINITY_DN0_c0_g1_i2_L,L,,,
1284_1_5_K01,1284_1_5_K01_TRINITY_DN1_c0_g1_i1_H,H,11,-1,3.1
1284_1_5_K01,1284_1_5_K01_TRINITY_DN0_c0_g1_i1_L,L,10,-0.05,5.3
1284_1_5_K04,1284_1_5_K04_TRINITY_DN2_c0_g2_i1_H,H,,,
1284_1_5_K04,1284_1_5_K04_TRINITY_DN0_c1_g1_i1_K,K,,,
1284_1_5_K06,1284_1_5_K06_TRINITY_DN0_c3_g1_i1_K,K,9,2,12.5
1284_1_5_K06,1284_1_5_K06_TRINITY_DN1_c0_g1_i1_H,H,13,0,6.8
1284_1_5_L02,1284_1_5_L02_TRINITY_DN0_c0_g1_i1_H,H,,,
1284_1_5_L02,1284_1_5_L02_TRINITY_DN0_c0_g1_i1_L,L,,,
1284_1_5_M06,1284_1_5_M06_TRINITY_DN0_c0_g1_i1_K,K,12,1,11.1
1284_1_5_M06,1284_1_5_M06_TRINITY_DN2_c0_g1_i2_H,H,11,-0.82,6
1284_1_5_N03,1284_1_5_N03_TRINITY_DN8_c21_g1_i1_H,H,10,-2,3.6
1284_1_5_N03,1284_1_5_N03_TRINITY_DN25_c21_g1_i1_K,K,9,0,5.9
1284_1_5_N04,1284_1_5_N04_TRINITY_DN16_c22_g1_i1_H,H,11,2.09,11.2
1284_1_5_N04,1284_1_5_N04_TRINITY_DN0_c0_g1_i1_K,K,9,1,9.9
1284_1_5_N04,1284_1_5_N04_TRINITY_DN16_c0_g1_i1_L,L,11,0,7
1284_1_5_O01,1284_1_5_O01_TRINITY_DN0_c0_g1_i1_H,H,,,
1284_1_5_O01,1284_1_5_O01_TRINITY_DN3_c0_g1_i1_L,L,,,
1284_1_5_O03,1284_1_5_O03_TRINITY_DN18_c0_g1_i1_H,H,14,-1.91,3.9
1284_1_5_O03,1284_1_5_O03_TRINITY_DN1_c0_g1_i1_K,K,9,0,5.9
1284_1_5_O03,1284_1_5_O03_TRINITY_DN14_c17_g1_i1_L,L,10,0,5.9
1284_1_5_P01,1284_1_5_P01_TRINITY_DN8_c15_g1_i1_H,H,12,-3,3.5
1284_1_5_P01,1284_1_5_P01_TRINITY_DN6_c20_g1_i1_K,K,9,0,5.9
1284_1_5_P01,1284_1_5_P01_TRINITY_DN0_c0_g1_i1_L,L,15,0.09,7.8
1284_1_6_A02,1284_1_6_A02_TRINITY_DN1_c14_g1_i1_H,H,13,0.09,6.7
1284_1_6_A02,1284_1_6_A02_TRINITY_DN8_c18_g1_i1_L,L,,,
1284_1_6_A03,1284_1_6_A03_TRINITY_DN0_c0_g1_i1_H,H,,,
1284_1_6_A03,1284_1_6_A03_TRINITY_DN5_c0_g1_i1_L,L,,,
1284_1_6_A04,1284_1_6_A04_TRINITY_DN3_c9_g1_i1_H,H,18,0,7
1284_1_6_A04,1284_1_6_A04_TRINITY_DN11_c15_g1_i1_K,K,9,1,11.1
1284_1_6_A05,1284_1_6_A05_TRINITY_DN12_c10_g1_i1_H,H,,,
1284_1_6_A05,1284_1_6_A05_TRINITY_DN0_c13_g2_i1_K,K,,,
1284_1_6_C03,1284_1_6_C03_TRINITY_DN0_c0_g1_i1_H,H,,,
1284_1_6_C03,1284_1_6_C03_TRINITY_DN1_c0_g1_i3_L,L,,,
1284_1_6_C04,1284_1_6_C04_TRINITY_DN1_c8_g1_i1_H,H,12,1.09,9.7
1284_1_6_C04,1284_1_6_C04_TRINITY_DN5_c12_g1_i1_K,K,9,1,9.7
1284_1_6_D02,1284_1_6_D02_TRINITY_DN3_c1_g1_i1_H,H,,,
1284_1_6_D02,1284_1_6_D02_TRINITY_DN1_c4_g1_i1_K,K,,,
1284_1_6_D03,1284_1_6_D03_TRINITY_DN1_c11_g1_i1_H,H,13,0,6.6
1284_1_6_D03,1284_1_6_D03_TRINITY_DN4_c1_g1_i1_K,K,9,-0.91,4.9
1284_1_6_D03,1284_1_6_D03_TRINITY_DN9_c22_g1_i1_L,L,12,-1,3.3
1284_1_6_D04,1284_1_6_D04_TRINITY_DN1_c6_g1_i1_H,H,,,
1284_1_6_D04,1284_1_6_D04_TRINITY_DN1_c15_g1_i1_L,L,,,
1284_1_6_E04,1284_1_6_E04_TRINITY_DN3_c8_g1_i1_H,H,18,0,7
1284_1_6_E04,1284_1_6_E04_TRINITY_DN3_c14_g1_i1_K,K,9,1,11.1
1284_1_6_E05,1284_1_6_E05_TRINITY_DN2_c10_g1_i1_H,H,,,
1284_1_6_E05,1284_1_6_E05_TRINITY_DN2_c17_g1_i1_K,K,,,
1284_1_6_F01,1284_1_6_F01_TRINITY_DN1_c13_g1_i1_H,H,10,-2,3.6
1284_1_6_F01,1284_1_6_F01_TRINITY_DN21_c17_g1_i1_K,K,9,0,5.9
1284_1_6_F05,1284_1_6_F05_TRINITY_DN0_c9_g1_i1_H,H,,,
1284_1_6_F05,1284_1_6_F05_TRINITY_DN13_c16_g1_i1_K,K,,,
1284_1_6_G01,1284_1_6_G01_TRINITY_DN1_c0_g1_i1_H,H,,,
1284_1_6_G01,1284_1_6_G01_TRINITY_DN1_c0_g1_i1_L,L,,,
1284_1_6_G03,1284_1_6_G03_TRINITY_DN1_c7_g1_i1_H,H,11,-1,3.1
1284_1_6_G03,1284_1_6_G03_TRINITY_DN1_c15_g1_i1_L,L,10,-0.05,5.3
1284_1_6_G04,1284_1_6_G04_TRINITY_DN0_c0_g1_i1_H,H,,,
1284_1_6_G04,1284_1_6_G04_TRINITY_DN1_c0_g1_i1_L,L,,,
1284_1_6_G05,1284_1_6_G05_TRINITY_DN12_c3_g1_i1_H,H,7,-1,3.9
1284_1_6_G05,1284_1_6_G05_TRINITY_DN10_c2_g1_i3_K,K,8,1,11.1
1284_1_6_H01,1284_1_6_H01_TRINITY_DN2_c8_g1_i1_H,H,12,-3,3.5
1284_1_6_H01,1284_1_6_H01_TRINITY_DN2_c13_g1_i1_K,K,9,0,5.9
1284_1_6_H02,1284_1_6_H02_TRINITY_DN2_c4_g1_i1_H,H,12,-3,3.5
1284_1_6_H02,1284_1_6_H02_TRINITY_DN0_c10_g1_i1_K,K,9,0,5.9
1284_1_6_H05,1284_1_6_H05_TRINITY_DN1_c0_g1_i1_H,H,,,
1284_1_6_H05,1284_1_6_H05_TRINITY_DN2_c2_g1_i1_K,K,,,
1284_1_6_I01,1284_1_6_I01_TRINITY_DN2_c13_g1_i1_H,H,,,
1284_1_6_I01,1284_1_6_I01_TRINITY_DN3_c16_g1_i1_K,K,,,
1284_1_6_I02,1284_1_6_I02_TRINITY_DN1_c0_g1_i3_H,H,,,
1284_1_6_I02,1284_1_6_I02_TRINITY_DN0_c0_g1_i1_K,K,,,
1284_1_6_I03,1284_1_6_I03_TRINITY_DN0_c0_g1_i1_H,H,,,
1284_1_6_I03,1284_1_6_I03_TRINITY_DN3_c1_g1_i2_K,K,,,
1284_1_6_I04,1284_1_6_I04_TRINITY_DN1_c0_g1_i1_H,H,,,
1284_1_6_I04,1284_1_6_I04_TRINITY_DN3_c4_g1_i1_K,K,,,
1284_1_6_J05,1284_1_6_J05_TRINITY_DN8_c0_g1_i1_H,H,10,-1,3.9
1284_1_6_J05,1284_1_6_J05_TRINITY_DN18_c15_g1_i1_K,K,9,0,5.9
1284_1_6_K05,1284_1_6_K05_TRINITY_DN0_c0_g1_i1_H,H,,,
1284_1_6_K05,1284_1_6_K05_TRINITY_DN1_c2_g1_i1_K,K,,,
1284_1_6_L01,1284_1_6_L01_TRINITY_DN2_c0_g1_i2_H,H,14,-1.91,3.9
1284_1_6_L01,1284_1_6_L01_TRINITY_DN4_c15_g1_i1_L,L,10,0,5.9
1284_1_6_L02,1284_1_6_L02_TRINITY_DN1_c1_g1_i1_L,L,13,-1.91,3.9
1284_1_6_L02,1284_1_6_L02_TRINITY_DN0_c0_g1_i1_H,H,15,1,9.6
1284_1_6_L03,1284_1_6_L03_TRINITY_DN1_c5_g1_i1_H,H,16,-1,3.9
1284_1_6_L03,1284_1_6_L03_TRINITY_DN0_c4_g1_i1_K,K,9,1,9.9
1284_1_6_L04,1284_1_6_L04_TRINITY_DN0_c9_g1_i1_H,H,16,-1,3.9
1284_1_6_L04,1284_1_6_L04_TRINITY_DN1_c13_g1_i1_K,K,9,1,9.9
1284_1_6_L05,1284_1_6_L05_TRINITY_DN0_c0_g1_i1_H,H,,,
1284_1_6_L05,1284_1_6_L05_TRINITY_DN0_c0_g1_i1_K,K,,,
1284_1_6_N03,1284_1_6_N03_TRINITY_DN1_c11_g1_i1_H,H,15,0.09,7.8
1284_1_6_N03,1284_1_6_N03_TRINITY_DN2_c14_g1_i1_L,L,13,0,6.7
1284_1_6_O03,1284_1_6_O03_TRINITY_DN1_c0_g1_i1_H,H,10,-2,3.6
1284_1_6_O03,1284_1_6_O03_TRINITY_DN1_c0_g1_i1_K,K,9,0,5.9
1284_1_6_O04,1284_1_6_O04_TRINITY_DN0_c0_g1_i1_H,H,,,
1284_1_6_O04,1284_1_6_O04_TRINITY_DN0_c0_g1_i1_L,L,,,
1284_1_6_P03,1284_1_6_P03_TRINITY_DN4_c9_g1_i1_H,H,16,-1,3.9
1284_1_6_P03,1284_1_6_P03_TRINITY_DN6_c7_g1_i1_K,K,9,1,9.9
1284_1_6_P04,1284_1_6_P04_TRINITY_DN0_c6_g1_i1_H,H,16,1.09,9.6
1284_1_6_P04,1284_1_6_P04_TRINITY_DN10_c0_g1_i1_K,K,9,0,5.9