CELL	SEQUENCE_ID	V_CALL	J_CALL	JUNCTION	TPM	CLONE
1166_1_2_B08	1166_1_2_B08_TRINITY_DN3_c5_g2_i1_H	IGHV3-30*03	IGHJ6*02	TGTACGAGAGATAAGGTCCCGCTAGTACCATTTAAGTACGGTATGGACGTCTGG	163655	1
1166_1_1_H17	1166_1_1_H17_TRINITY_DN4_c0_g1_i1_H	IGHV3-64*01,IGHV3-64*02	IGHJ6*02	TGTGCGAGAGGTGGGGGATCTTTACGCTACTATTACTACGGTTTGGACGTCTGG	21791.3	2
1166_1_2_N09	1166_1_2_N09_TRINITY_DN3_c1_g1_i1_H	IGHV3-9*01	IGHJ6*02	TGTGCAAAAGATAGAATCCCGTGGAGACACCCATGGAACGGCATGGACGTCTGG	140336	3
1166_1_2_K05	1166_1_2_K05_TRINITY_DN6_c1_g1_i1_H	IGHV3-33*01	IGHJ6*02	TGTGCGAGAGGAATATCAGCGGCTCCTTACTACTACTACGGTCTGGACGTCTGG	111372	4
1284_1_4_P05	1284_1_4_P05_TRINITY_DN0_c0_g1_i1_H	IGHV3-74*01	IGHJ6*02	TGTGCAAGAGATGAGTGGAGAGATTATTACTACTACTACGGTATGGACGTCTGG	12869.4	5
1166_1_2_J02	1166_1_2_J02_TRINITY_DN2_c1_g1_i1_H	IGHV1-69*04	IGHJ6*02	TGTTCGACTTTCAGAATCGAGCACCCCGTCTACTATTACGGTATGGATGTCTGG	105361	6
1166_1_2_H14	1166_1_2_H14_TRINITY_DN1_c1_g1_i1_H	IGHV1-69*04	IGHJ6*02	TGTTCGACTTTCAGAATCGAGCACCCCGTCTACTATTACGGTATGGATGTCTGG	103306	6
1166_1_2_N14	1166_1_2_N14_TRINITY_DN0_c0_g1_i1_H	IGHV1-69*04,IGHV1-69*09	IGHJ6*02	TGTTCGACTTTCAGAATCGAGCACCCCGTCTACTATTACGGTATGGATGTCTGG	112817	6
1227_1_2_P08	1227_1_2_P08_TRINITY_DN1_c0_g1_i1_H	IGHV3-23*01,IGHV3-23D*01	IGHJ6*02	TGTGCGAGAAACACGGGGCCTACAGTCTACTACTACTACGGTTTGGACGTCTGG	14699.3	7
1284_1_5_B03	1284_1_5_B03_TRINITY_DN1_c0_g1_i1_H	IGHV3-21*01	IGHJ6*02	TGTGCGAGAGGAGATCAGAAGATAGTAGTGGTCGCTCACGGAATGGACGTGTGG	15452	8
1284_1_4_G05	1284_1_4_G05_TRINITY_DN0_c0_g1_i1_H	IGHV3-66*01,IGHV3-66*04	IGHJ6*02	TGTGCGAGAATCGACAGTAACGAGCAGTATTATTATTACGGTATGGACGTCTGG	5766.69	9
1166_1_1_G12	1166_1_1_G12_TRINITY_DN1_c2_g1_i1_H	IGHV6-1*01	IGHJ5*02	TGTGTAAGAGATAAACGAAATGATACTACTGGTAAACGTTGGTTCGACCCCTGG	228086	10
1166_1_2_B12	1166_1_2_B12_TRINITY_DN2_c2_g1_i1_H	IGHV6-1*01	IGHJ5*02	TGTGTAAGAGATAAACGAAATGATACTACTGGTAAACGTTGGTTCGACCCCTGG	69329.7	10
1166_1_2_I03	1166_1_2_I03_TRINITY_DN2_c2_g1_i1_H	IGHV4-31*03	IGHJ5*02	TGTGCGAGAGAGGGGTGGGGAAATTGGCGGGCTCGGGGCTGGTTCGACCCCTGG	64512	11
1166_1_2_F11	1166_1_2_F11_TRINITY_DN2_c2_g1_i1_H	IGHV4-55*01	IGHJ4*01,IGHJ4*02,IGHJ4*03	TGTGCGAGGCATATTGTCGCGTCGCCTTTCGATGTCTGGAGTCCTGGGACGATG	164602	12
1166_1_2_I05	1166_1_2_I05_TRINITY_DN4_c4_g1_i1_H	IGHV3-64*01	IGHJ5*02	TGTGCGAGAGTTTTCGGGTTCGGGGACTTATGGACCAACTACTTGGACCCCTGG	120627	13
1284_1_5_L02	1284_1_5_L02_TRINITY_DN0_c0_g1_i1_H	IGHV1-18*04	IGHJ6*02	TGTGCGAGATATAGTGGGAGCTTCATAGACTATTACTATGGTATGGACGTCTGG	4935.26	14
1227_1_2_E04	1227_1_2_E04_TRINITY_DN0_c0_g1_i1_H	IGHV1-69*01,IGHV1-69*11,IGHV1-69*12	IGHJ5*02	TGTGCGAGAAGTCACGTAACGGTGACTGGTACGAAGACCTGGTTCGACCTCTGG	6894.38	15
1166_1_2_G15	1166_1_2_G15_TRINITY_DN4_c1_g1_i1_H	IGHV3-33*01	IGHJ4*02	TGTGCGAGAGGGGATTGTAGTACTCTCAGCTGCCGTACCCCCCTTGACTACTGG	59547.3	16
1227_1_2_L03	1227_1_2_L03_TRINITY_DN1_c0_g1_i3_H	IGHV4-59*08	IGHJ5*02	TGTGCGAGACTGAGGGTGTATGACATCAAGTGGTATCCCTGGTTCGTCACCTGG	1237.65	17
1227_1_2_P01	1227_1_2_P01_TRINITY_DN2_c5_g1_i1_H	IGHV2-26*01	IGHJ4*02	TGTGCACGGATAGGAGTCCTTGGGAGCTACTGGGGGGGCTACTTTGACTTCTGG	47245.4	18
1227_1_2_K02	1227_1_2_K02_TRINITY_DN5_c2_g1_i1_H	IGHV2-26*01	IGHJ4*02	TGTGCACGGATAGGAGTCCTTGGGAGCTACTGGGGGGGCTACTTTGACTTCTGG	40417.6	18
1166_1_1_C07	1166_1_1_C07_TRINITY_DN9_c3_g1_i1_H	IGHV3-30*07,IGHV3-30*12,IGHV3-30*15	IGHJ4*02,IGHJ5*02	TGTGCGAGAGATTATTTTCCCTTATCGGTGAAGAGTGGATTGAAGCAATTCTGG	46971.3	19
1284_1_3_B12	1284_1_3_B12_TRINITY_DN0_c0_g1_i3_H	IGHV3-74*01	IGHJ4*02,IGHJ5*02	TGTGCGAGGAACCTCTATGGCTCGGGGAATTTTTATAGGGACGCTGATTTCTGG	1482.78	20
1284_1_6_P04	1284_1_6_P04_TRINITY_DN0_c6_g1_i1_H	IGHV1-46*01	IGHJ5*02	TGTGCGAGAGGGACCAGTACCCACTACTATCGAAACAACTGGTTCGATCCCTGG	60966.1	21
1284_1_6_K04	1284_1_6_K04_TRINITY_DN0_c0_g1_i1_H	IGHV3-9*01	IGHJ4*02	TGTGCAAGAGGCTACGATAGTAGTGGTTACTACTACAAACCCATTGACTTCTGG	30566.8	22
1166_1_1_M06	1166_1_1_M06_TRINITY_DN1_c0_g1_i1_H	IGHV2-70*11	IGHJ4*02	TGTGCACGGAGTGTTTACTCTGATACTACTGGCTATTACTACTTTGACAACTGG	305.438	23
1166_1_2_D07	1166_1_2_D07_TRINITY_DN3_c4_g1_i1_H	IGHV2-70*13	IGHJ4*02	TGTGCACGGTTCAACAGTGGCCACGGTTCACGTCAGTACTACTTTGACTTCTGG	18980.7	24
1284_1_1_A01	1284_1_1_A01_TRINITY_DN0_c0_g1_i2_H	IGHV1-18*01,IGHV1-18*04	IGHJ4*02	TGTGCGAGAGGTCAGGGTCTTACTATGGTTCGGGGAGTTCCAGGGGACTACTGG	1133.48	25
1284_1_5_B06	1284_1_5_B06_TRINITY_DN1_c0_g1_i1_H	IGHV4-38-2*02	IGHJ4*02	TGTGCGAGGGGGCCACAGTGGGTACTAAATGATTTTTACTACTTTGACGTCTGG	9334.48	26
1166_1_2_K06	1166_1_2_K06_TRINITY_DN3_c1_g1_i1_H	IGHV2-70*11	IGHJ3*02	TGTGCACGAATACCCGCAGGCCCTGGGCTACCCTGGGATGCTTTTGATATCTGG	29823.6	27
1166_1_2_C07	1166_1_2_C07_TRINITY_DN2_c2_g2_i1_H	IGHV2-5*02	IGHJ3*01,IGHJ3*02	TGTGCACAATTTGATAGTAATGCTTCTTACGGGGAGGATGCTTTTGATCTCTGG	69276	28
1227_1_2_N03	1227_1_2_N03_TRINITY_DN1_c0_g1_i2_H	IGHV4-39*01	IGHJ4*02	TGTGCGAGACAGAATTTTGTACTAATGGTGTATGCTGATTACTTTGACTACTGG	12221.4	29
1227_1_2_B02	1227_1_2_B02_TRINITY_DN0_c0_g1_i1_H	IGHV4-39*01	IGHJ5*02	TGTGCGAGACAGGGTAGCAGCAGCTGGGTATGGGCCCCCTGGTTCGACCCCTGG	8534.68	30
1227_1_2_E01	1227_1_2_E01_TRINITY_DN7_c0_g1_i1_H	IGHV1-2*02,IGHV1-2*03	IGHJ4*02	TGTGCGAGAGATCCTCAAACATATTACGATATATTCGACTACTTTGACATCTGG	21171.8	31
1166_1_2_L03	1166_1_2_L03_TRINITY_DN1_c2_g1_i1_H	IGHV1-2*02	IGHJ5*02	TGTGCGCGAGATCGGACTCCTTATCGCCGGAACACTAACTGGTTCGACCCCTGG	116964	32
1166_1_2_C03	1166_1_2_C03_TRINITY_DN2_c0_g1_i1_H	IGHV3-30*18,IGHV3-30-5*01	IGHJ3*02	TGTGCGAAGGACCAAATATCATACACCTATGGGGGTGATGCTTTTGATATGTGG	2437.44	33
1166_1_2_C08	1166_1_2_C08_TRINITY_DN4_c2_g1_i1_H	IGHV4-39*02	IGHJ3*02	TGTGCGAGACGGCGATTACTATCCTCCGCCGCGGGTGATGCTTTTGATATCTGG	100486	34
1166_1_2_I06	1166_1_2_I06_TRINITY_DN3_c0_g1_i1_H	IGHV3-53*01	IGHJ3*02	TGTGCGAGAGCCCTCGTCATAGCAGTGGCTGGACGGGGTGCTTTTGATATCTGG	53370	35
1227_2_3_A01	1227_2_3_A01_TRINITY_DN3_c0_g1_i1_H	IGHV3-48*01,IGHV3-48*02	IGHJ3*02	TGTGCGAGAGATCCCCCGGATAGCAGTGGTTTTGCCGATGCTCTTGATATCTGG	625.549	36
1227_2_1_E01	1227_2_1_E01_TRINITY_DN1_c0_g1_i1_H	IGHV1-3*01	IGHJ4*02	TGTGCGAGAGGACACTGGGTGGGACATTCCCTGGGGTACTACTTTGACTACTGG	19872.7	37
1227_1_2_B08	1227_1_2_B08_TRINITY_DN3_c1_g1_i1_H	IGHV1-3*01	IGHJ4*02	TGTGCGCGAGATCGGCACCCTTTGATGTCGGGTCTGACGGTTCTTGACTACTGG	37396.3	38
1166_1_2_E12	1166_1_2_E12_TRINITY_DN7_c4_g1_i1_H	IGHV1-3*01	IGHJ4*02,IGHJ5*02	TGTGCGAAGGACCCCTTTGGGTCCCACGGTGACAAAGGTCAACTAGAAAAGTGG	87487.8	39
1284_1_6_P02	1284_1_6_P02_TRINITY_DN10_c0_g1_i2_H	IGHV4-30-4*06	IGHJ3*01	TGTTCCAGAATTGACGCCGGTGATTACTCCGGGCGGTCGGCTTTTGATGTCTGG	82072.9	40
1166_1_2_K15	1166_1_2_K15_TRINITY_DN3_c1_g1_i1_H	IGHV3-64*01	IGHJ2*01	TGTGCGAGGGGTCCGACAGTATCGGAGTCTGCTACCTTGTTCTTCGATCTCTGG	39736.5	41
1227_1_3_C01	1227_1_3_C01_TRINITY_DN0_c0_g1_i1_H	IGHV3-30*03	IGHJ1*01	TGTGCGAGAGCTAGCCACCCGCTTAACGTAATTAGTCCCTCCGGTCCGCACTGG	59286.4	42
1227_1_2_K03	1227_1_2_K03_TRINITY_DN5_c2_g1_i1_H	IGHV3-30*03	IGHJ1*01	TGTGCGAGAGCTAGCCACCCGCTTAACGTAATTAGTCCCTCCGGTCCGCACTGG	89030	42
1166_1_2_L05	1166_1_2_L05_TRINITY_DN0_c0_g1_i1_H	IGHV3-30*07	IGHJ1*01	TGTGCGGCTGAATATTCGGGCGCGTACACCATGTATTTTGACAACTGG	5609.6	43
1166_1_2_N12	1166_1_2_N12_TRINITY_DN7_c5_g1_i1_H	IGHV2-5*02	IGHJ3*02	TGTGCACACTCGGGTATACCGTCAGGAGATGATGGTTTTGATATATGG	89119.3	44
1284_1_5_F06	1284_1_5_F06_TRINITY_DN7_c16_g1_i1_H	IGHV3-48*02	IGHJ4*02	TGTGCGAGAGGCCCATATTACTATGATATCACTGGCTATCCATTTGACTTCTGG	124061	45
1284_1_6_L04	1284_1_6_L04_TRINITY_DN0_c9_g1_i1_H	IGHV3-48*02	IGHJ4*02	TGTGCGAGAGGCCCATATTACTATGATATCACTGGCTATCCATTTGACTTCTGG	136981	45
1284_1_6_P03	1284_1_6_P03_TRINITY_DN4_c9_g1_i1_H	IGHV3-48*02	IGHJ4*02	TGTGCGAGAGGCCCATATTACTATGATCTCACTGGCTATCCATTTGACTTCTGG	129663	45
1284_1_4_E01	1284_1_4_E01_TRINITY_DN3_c0_g1_i1_H	IGHV3-48*02	IGHJ4*02	TGTGCGAGAGGCCCATATTACTATGATCTCACTGGCTATCCATTTGACTTCTGG	77673.3	45
1284_1_6_L03	1284_1_6_L03_TRINITY_DN1_c5_g1_i1_H	IGHV3-48*02	IGHJ4*02	TGTGCGAGAGGCCCATATTACTATGATATTACTGGCTATCCATTTGACTTCTGG	109835	45
1284_1_2_O04	1284_1_2_O04_TRINITY_DN3_c2_g1_i1_H	IGHV3-48*02	IGHJ4*02	TGTGCGCGAGGCCCATATTATTATGATATCACTGGCTATCCATTTGACTATTGG	80616.3	45
1166_1_2_B05	1166_1_2_B05_TRINITY_DN6_c4_g2_i1_H	IGHV3-48*03,IGHV3-69-1*02	IGHJ5*02	TGTGCGGGCAGGAGAATCTCGACTACAGAAGTTATCGCGCGGTTCGACCCCTGG	64961.1	46
1166_1_2_F09	1166_1_2_F09_TRINITY_DN3_c2_g1_i1_H	IGHV3-66*01	IGHJ3*02	TGTGCGAGAGAAGGTAGTGGTTATTACTACGATGCTTTTGATATCTGG	102192	47
1284_1_4_M06	1284_1_4_M06_TRINITY_DN3_c2_g1_i1_H	IGHV3-23*01,IGHV3-23D*01	IGHJ3*02	TGTGCGAAAGTCCCCTTGGATACTAGTGGTTATTACCGAGGTTTTGAAATCTGG	117041	48
1284_1_6_K02	1284_1_6_K02_TRINITY_DN0_c0_g1_i1_H	IGHV4-61*01	IGHJ3*02	TGTGCCCAGGGCGGTATAGCAGTGGGGAATGATGCTTTTGATATCTGG	10436.6	49
1284_1_5_I06	1284_1_5_I06_TRINITY_DN1_c0_g1_i3_H	IGHV3-74*01	IGHJ2*01	TGTGCAAGAGAGGGGATGGTGGGGGGATCCAGCCACGGGTACTTCGATCTCTGG	7550.16	50
1284_1_6_M04	1284_1_6_M04_TRINITY_DN1_c0_g1_i1_H	IGHV3-9*01	IGHJ3*02	TGTGCAAAGGGGGATATTGTAGTGGTGCCCCATCCCTTTGATATCTGG	12801.9	51
1284_1_5_M05	1284_1_5_M05_TRINITY_DN2_c1_g1_i1_H	IGHV1-69*01,IGHV1-69D*01	IGHJ3*02	TGTGCGAGAGATCTCGCTGGAAGCTACGGGAATGTTTTTGATATCTGG	18734.6	52
1284_1_5_A01	1284_1_5_A01_TRINITY_DN3_c6_g1_i1_H	IGHV5-51*01	IGHJ3*01	TGTGCGCGACTCAACGGCAGCTCGACGGATGATGCTTTTGATGTCTGG	31822.1	53
1166_1_1_L15	1166_1_1_L15_TRINITY_DN2_c0_g1_i1_H	IGHV4-30-2*01	IGHJ4*02	TGTGCCAGAGTCTCTTTTGGTTTGTCTCCGGGCGGCTTTGACGTCTGG	6332.4	54
1166_1_2_F06	1166_1_2_F06_TRINITY_DN7_c2_g1_i1_H	IGHV6-1*01	IGHJ4*02	TGTGCAAGAGTAGGGCTGGGAAGCGAGAGTTATCCCTTTGAGTTCTGG	103923	55
1166_1_1_B02	1166_1_1_B02_TRINITY_DN2_c0_g1_i3_H	IGHV3-53*01,IGHV3-53*02	IGHJ3*02	TGTGTGAGGCTAAGTTGGTACGAGACATTTGATGCATTTGATATGTGG	12719.8	56
1166_1_2_I15	1166_1_2_I15_TRINITY_DN3_c0_g1_i1_H	IGHV3-53*02	IGHJ3*02	TGTGCGAGCTCCTCCCGTAATTGGGGAGTAGATGCTCCTGATATCTGG	1577.74	57
1166_1_2_M06	1166_1_2_M06_TRINITY_DN0_c0_g1_i1_H	IGHV3-53*02	IGHJ3*02	TGTGCGAGATGGGGCTACCCTGTGGGTATTGAAGCTTTTGATATGTGG	2453.65	58
1284_1_1_D04	1284_1_1_D04_TRINITY_DN1_c0_g1_i1_H	IGHV3-7*02	IGHJ3*01	TGTGCGAGGGACCCGGGTCGGACGGTAACTGATGCTTTTGATGTTTGG	2632.03	59
1284_1_6_F02	1284_1_6_F02_TRINITY_DN0_c0_g1_i1_H	IGHV3-7*02	IGHJ3*02	TGTGCGAGGGACCCGGGTCGGACGGTAATTGATGCTTTTGATATCTGG	12814.6	59
1227_1_2_B06	1227_1_2_B06_TRINITY_DN1_c0_g1_i2_H	IGHV4-61*01	IGHJ5*02	TGTGCGAGAAGGGGTTACGATTTTCAAATAAACTGGTTCGACCCCTGG	1902.24	60
1227_1_2_D07	1227_1_2_D07_TRINITY_DN4_c7_g1_i1_H	IGHV3-33*01	IGHJ4*02,IGHJ5*02	TGTGCGAGGGGAGAATTAAGGAGGGGCCCCCACAGGATGGCCTTCTGG	116203	61
1166_1_2_F03	1166_1_2_F03_TRINITY_DN4_c5_g1_i1_H	IGHV3-9*01	IGHJ4*02	TGTGCAAAAGGTTATTGTAGTAGTGCTACCTGCCACTCAGACTACTGG	65978.6	62
1284_1_5_F02	1284_1_5_F02_TRINITY_DN1_c0_g2_i1_H	IGHV4-4*07	IGHJ3*02	TGTGCGAAGAGCAGTGGCGGATTCGGCTCTTGGGCTTTTGATACCTGG	623.511	63
1227_1_1_B08	1227_1_1_B08_TRINITY_DN1_c0_g1_i1_H	IGHV4-4*07	IGHJ3*02	TGTGCGAGAGCTAGCGTGGAGACTCCCAATGATGTTTTTGATATCTGG	5480.09	64
1227_1_3_E01	1227_1_3_E01_TRINITY_DN4_c3_g1_i1_H	IGHV4-4*07	IGHJ3*02	TGTGCGAGAGATTTGGTAGATGGCCTACGCTCGGCTTTTGATATCTGG	74280.6	65
1227_1_2_A05	1227_1_2_A05_TRINITY_DN1_c1_g1_i2_H	IGHV4-4*07	IGHJ4*02,IGHJ5*02	TGTGCGAGGAGCCCTAGCAGCTACTACATGAACTATTTCGATTCGTGG	3600.19	66
1166_1_2_O09	1166_1_2_O09_TRINITY_DN3_c0_g1_i1_H	IGHV4-4*02	IGHJ4*02,IGHJ5*02	TGTGCGAGAGGCGGGGGCATTACTATGGTGCGGGGGCTTATGCAATGG	40107.8	67
1227_1_2_H01	1227_1_2_H01_TRINITY_DN1_c0_g1_i1_H	IGHV1-69*01,IGHV1-69*06,IGHV1-69D*01	IGHJ4*02,IGHJ5*02	TGTGCGAATAAGATGAGAGAAGGCTTCAATTCGTACTTTGACCGGTGG	14312.1	68
1166_1_2_G13	1166_1_2_G13_TRINITY_DN2_c2_g1_i1_H	IGHV3-11*01	IGHJ4*02	TGTGCGAGAGCCCCAAGTCATAGCAGCGCCTGGTACCTCGACTACTGG	75933.8	69
1166_1_2_P15	1166_1_2_P15_TRINITY_DN0_c1_g1_i1_H	IGHV3-11*01	IGHJ4*02	TGTGCGAGAGCCCCAAGTCATAGCAGCGCCTGGTACCTCGACTACTGG	60366.5	69
1166_1_2_F13	1166_1_2_F13_TRINITY_DN0_c2_g1_i1_H	IGHV3-11*01	IGHJ4*02	TGTGCGAGAGCCCCAAGTCATAGCAGCGCCTGGTACCTCGACTACTGG	44823.1	69
1166_1_2_P12	1166_1_2_P12_TRINITY_DN3_c2_g1_i1_H	IGHV3-11*01	IGHJ4*02	TGTGCGAGAGCCCCGGATCACAGCAGTGCCTGGTACCTCGACTACTGG	99459.9	69
1166_1_2_E06	1166_1_2_E06_TRINITY_DN2_c2_g2_i1_H	IGHV3-11*01	IGHJ4*02	TGTGCGAGACTAATGGAGTGGGAGGTACCTGGCCCCTTTGACAACTGG	101316	70
1166_1_1_H01	1166_1_1_H01_TRINITY_DN2_c3_g1_i1_H	IGHV3-11*01	IGHJ4*02	TGTGCGAGACTAATGGAGTGGGAGGTACCTGGCCCCTTTGACAACTGG	88794.4	70
1166_1_2_J04	1166_1_2_J04_TRINITY_DN3_c3_g1_i1_H	IGHV3-11*01	IGHJ4*02	TGTGCGAGACTAATGGAGTGGGAGGTACCTGGCCCCTTTGACAACTGG	78916.7	70
1284_1_4_D06	1284_1_4_D06_TRINITY_DN3_c0_g1_i1_H	IGHV4-39*01	IGHJ4*02	TGTGCGAGACTGAGAAGTGACTACGGTGAAGGCTACTTTGACTACTGG	20892.2	71
1227_1_2_M02	1227_1_2_M02_TRINITY_DN2_c0_g1_i3_H	IGHV4-39*01	IGHJ5*02	TGTGTGAGACTTTTACATACAGGTATTAATACTTGGCTCGACCCCTGG	6196.58	72
1284_1_5_L05	1284_1_5_L05_TRINITY_DN2_c0_g1_i2_H	IGHV3-15*01	IGHJ4*02	TGTACCACAGATCGGGGTATAGATATTCGTCCTATCTTTGACTTCTGG	4721.8	73
1284_1_5_K02	1284_1_5_K02_TRINITY_DN3_c0_g2_i1_H	IGHV4-59*08	IGHJ4*02	TGTGCGCGACATATTAATAGGGGAAGCTCATGGTGCCTTGACTTCTGG	14211.7	74
1284_1_4_N03	1284_1_4_N03_TRINITY_DN3_c0_g1_i1_H	IGHV3-23*04	IGHJ5*02	TGTGCCAAGGGAAAGGCGGGTGGAAAAGTTGACTGGTTCGACCCCTGG	262.298	75
1227_1_3_N02	1227_1_3_N02_TRINITY_DN1_c0_g1_i1_H	IGHV3-23*01,IGHV3-23*04,IGHV3-23D*01	IGHJ4*02	TGTGCGAAAGGCCTAGATAGTAGTGGTTATTCACCCTTTGACTACTGG	18740.6	76
1227_1_2_C02	1227_1_2_C02_TRINITY_DN2_c0_g1_i2_H	IGHV3-33*03	IGHJ2*01	TGTGCGAGGGGATATAGTGGCTACGAGTACTGGTACTTCGATCTCTGG	10412	77
1227_2_3_L02	1227_2_3_L02_TRINITY_DN1_c0_g1_i1_H	IGHV4-34*01	IGHJ4*02	TGTGCGGGAGGGAGGGTAGCAGTGACTAGTTCGGTCTTTGACTACTGG	13329.5	78
1284_1_4_B05	1284_1_4_B05_TRINITY_DN6_c4_g1_i1_H	IGHV4-34*12	IGHJ4*02	TGTGCGAGACATGTACGGACTGCGGAGCGACTACCCCCCCGGGACTGG	183097	79
1284_1_6_L05	1284_1_6_L05_TRINITY_DN0_c0_g1_i1_H	IGHV3-53*01	IGHJ4*02	TGTGCGAGAGGTGGTGACCGCTACGGTTATAAGCCTCTTGACTACTGG	1774.81	80
1284_1_4_C01	1284_1_4_C01_TRINITY_DN2_c0_g1_i1_H	IGHV3-53*01	IGHJ4*02	TGTGCGAGAGATGGAGATGGCTACAACCCAAACTACTTTGACTTCTGG	10287.4	81
1284_1_5_H05	1284_1_5_H05_TRINITY_DN1_c0_g1_i2_H	IGHV3-48*02	IGHJ2*01	TGTGCGAGAGATAATCAGCTGGACGGAAAGTGGTACTTCGATCTCTGG	6807.65	82
1284_1_4_N01	1284_1_4_N01_TRINITY_DN9_c4_g1_i1_H	IGHV3-11*06	IGHJ6*02	TGTGCGTCGGGACAAATCCCCTACGAATATCACGCTTTGGACGTCTGG	109915	83
1227_1_2_N06	1227_1_2_N06_TRINITY_DN1_c1_g1_i1_H	IGHV4-31*03	IGHJ2*01	TGTGCGAGAGCTGCTACGGTGACATCCTACTGGAACTTCGATCTCTGG	7913.91	84
1227_1_1_N02	1227_1_1_N02_TRINITY_DN3_c7_g1_i1_H	IGHV3-33*01	IGHJ6*02	TGTGCGAGAGAGTTGTGGTTCGGGAAATTACGCGGTATGGACGTCTGG	101616	85
1227_1_1_G19	1227_1_1_G19_TRINITY_DN4_c10_g1_i1_H	IGHV3-33*01	IGHJ6*02	TGTGCGAGAGAGTTGTGGTTCGGGAAATTACGCGGTATGGACGTCTGG	147698	85
1227_1_2_K05	1227_1_2_K05_TRINITY_DN2_c6_g1_i1_H	IGHV3-33*01	IGHJ6*02	TGTGCGAGAGAGTTGTGGTTCGGGAAATTACGCGGTATGGACGTCTGG	74895.7	85
1227_1_2_O05	1227_1_2_O05_TRINITY_DN3_c10_g1_i1_H	IGHV4-39*01	IGHJ6*02	TGTGCGAGACATCTCAACCCGTGGTTCGGGGCTCCCATGGACGTCTGG	155716	86
1227_1_2_J08	1227_1_2_J08_TRINITY_DN5_c1_g1_i1_H	IGHV4-39*01	IGHJ6*02	TGTGCGAGACATCTCAACCCGTGGTTCGGGGCTCCCATGGACGTCTGG	130068	86
1166_1_2_P06	1166_1_2_P06_TRINITY_DN2_c1_g2_i1_H	IGHV3-30*18,IGHV3-30-5*01	IGHJ5*02	TGCGGGAAAGACCGGTTCCCCCTGGGAACGATGATAGTAGTGTCATCCTGG	80008.9	87
1284_1_1_G08	1284_1_1_G08_TRINITY_DN0_c0_g1_i1_H	IGHV1-24*01	IGHJ6*02	TGTGCAGTAGGCCTCTTTATGACTCACCAAGACGGTATGGACGTCTGG	26.1965	88
1284_1_5_O03	1284_1_5_O03_TRINITY_DN18_c0_g1_i1_H	IGHV1-24*01	IGHJ6*02	TGTGCAGTAGGCCTCTTTATGACTCACCAAGACGGTATGGACGTCTGG	194937	88
1284_1_5_G01	1284_1_5_G01_TRINITY_DN5_c21_g1_i1_H	IGHV1-24*01	IGHJ6*02	TGTGCAGTAGGCCTCTTTATGACTCACCAAGACGGTATGGACGTCTGG	160123	88
1284_1_6_L01	1284_1_6_L01_TRINITY_DN2_c0_g1_i2_H	IGHV1-24*01	IGHJ6*02	TGTGCAGTAGGCCTCTTTATGACTCACCAAGACGGTATGGACGTCTGG	142772	88
1284_1_4_C06	1284_1_4_C06_TRINITY_DN2_c6_g1_i1_H	IGHV1-24*01	IGHJ6*02	TGTGCAGTAGGCCTCTTTATGACTCACCAAGACGGTATGGACGTCTGG	110560	88
1284_1_6_C02	1284_1_6_C02_TRINITY_DN11_c1_g1_i2_H	IGHV1-24*01	IGHJ6*02	TGTGCAGTAGGCCGCTTTATGACTCCCCAAGCCGGTAGGGACGGCTGG	13869.1	88
1284_1_6_I02	1284_1_6_I02_TRINITY_DN1_c0_g1_i3_H	IGHV5-51*01	IGHJ6*02	TGTGCGAGACGGAATTCATTCACGTATTACGATTTCCCGGACGTCTGG	774.156	89
1227_1_2_E03	1227_1_2_E03_TRINITY_DN2_c9_g1_i1_H	IGHV1-69-2*01	IGHJ4*02	TGTGCAACAGGTTGGGGGCGGGCACTAGATGGTAGCCTCCTCCACTGG	328450	90
1166_1_2_M10	1166_1_2_M10_TRINITY_DN1_c0_g1_i2_H	IGHV4-59*08	IGHJ6*02	TGTGCGAGAACCGGCGCGACGATCTTTGAACTGAAAGGTATGGACGTCTGG	893.513	91
1166_1_2_B11	1166_1_2_B11_TRINITY_DN1_c1_g1_i1_H	IGHV1-46*01	IGHJ6*02	TGTGCGAGACCTAAGTATCCCCTCATCCACTACTTCGGTATGGACGTCTGG	86854.5	92
1166_1_2_H05	1166_1_2_H05_TRINITY_DN2_c0_g1_i1_H	IGHV3-21*01	IGHJ6*02	TGTGCGAGAGATCGAGGTGGGAGCTTCTACTACTTCGGTATGGACGTCTGG	106887	93
1166_1_2_O06	1166_1_2_O06_TRINITY_DN1_c2_g1_i1_H	IGHV3-11*01	IGHJ6*02	TGTGCGAGAGATCTAGACGGATACAGTTTTGGTTCCGCTATGGACGTCTGG	62145.8	94
1166_1_2_P16	1166_1_2_P16_TRINITY_DN3_c3_g1_i1_H	IGHV3-7*01	IGHJ6*02	TGTGCGAGAGAAAGGGGAGTCTTTACCCACCACTACGGAATGGACGTCTGG	96915.8	95
1166_1_2_L08	1166_1_2_L08_TRINITY_DN3_c1_g1_i1_H	IGHV3-7*01	IGHJ6*02	TGTGCGAGAGACAAAGTGGGAGTTGTCTACCACTATGGTATGGACGTCTGG	109476	96
1166_1_1_F12	1166_1_1_F12_TRINITY_DN0_c0_g1_i1_H	IGHV3-48*01	IGHJ6*02	TGTGCGAGAGAGGTCCGAAATTACTATCAGTATTACGGCATGGACGTCTGG	13479.7	97
1166_1_2_L09	1166_1_2_L09_TRINITY_DN0_c0_g1_i1_H	IGHV3-48*02	IGHJ6*02	TGTGCGAGAGATAAAGTGGGACTACACTTCCACTTTGGTATGGACGTCTGG	518.899	98
1284_1_6_I03	1284_1_6_I03_TRINITY_DN0_c0_g1_i1_H	IGHV1-69*06	IGHJ6*02	TGTGCGAGAGGCGTCGCACTGCCATATTATTACTACGGCATGGACGTCTGG	4506.21	99
1284_1_6_J04	1284_1_6_J04_TRINITY_DN2_c2_g1_i1_H	IGHV4-34*01	IGHJ6*02	TGTGCGAGACATGAGGGGCCCGGTGACTACGCTGGGGGAATGGACGTCTGG	16067.6	100
1166_1_2_G14	1166_1_2_G14_TRINITY_DN3_c5_g1_i1_H	IGHV3-20*01	IGHJ4*02	TGTGCGAGAGATTACACTCCGTACTCCCATGATAGTAGTCTTTACTATTGG	66163.2	101
1166_1_2_H15	1166_1_2_H15_TRINITY_DN2_c0_g2_i1_H	IGHV1-2*04	IGHJ6*02	TGTGCGAGAAGTAGGACGGGTAAAATCGCCCATTATGGTATGGACGTCTGG	80128.7	102
1166_1_1_G18	1166_1_1_G18_TRINITY_DN3_c1_g1_i1_H	IGHV1-2*04	IGHJ6*02	TGTGCGAGAAGTAGGACGGGTAAAATCGCCCATTATGGTATGGACGTCTGG	64213	102
1166_1_2_A14	1166_1_2_A14_TRINITY_DN1_c0_g1_i1_H	IGHV1-2*02	IGHJ6*02	TGTGCGAGAGAGGGAGGGATCTACCCGAGACTCGCCGGTATGGACGTCTGG	1387.19	103
1166_1_2_K02	1166_1_2_K02_TRINITY_DN6_c3_g1_i1_H	IGHV1-18*01	IGHJ4*02	TGTGCGAGACACATTGGTAGCCGTGGCTGGAACGATCAATTTGACTACTGG	95256	104
1284_1_5_K03	1284_1_5_K03_TRINITY_DN3_c0_g1_i1_H	IGHV3-30*18,IGHV3-30-5*01	IGHJ4*02	TGTGCGAAACCCAAGTACTATGATAGTACTGGTTATTGTGACTACTGG	13262.6	105
1284_1_5_O01	1284_1_5_O01_TRINITY_DN0_c0_g1_i1_H	IGHV3-30-3*01	IGHJ5*02	TGTGCGAGAGGGGGAATAGTGGGAGCTGCTAATTGGTTCGACCCCTGG	1810.74	106
1284_1_5_A05	1284_1_5_A05_TRINITY_DN1_c0_g1_i1_H	IGHV3-30*02,IGHV3-30-5*02	IGHJ4*02	TGTGCGAAAGATCGGGGAAACAGTGGCTGGGCCTCCTTTGACTACTGG	2390.21	107
1284_1_6_G01	1284_1_6_G01_TRINITY_DN1_c0_g1_i1_H	IGHV3-30*04,IGHV3-30*18,IGHV3-30-3*03	IGHJ4*02	TGTGCGAAAGACATGGTGGGTATAATATCCCCGACATTTGACTACTGG	761.018	108
1284_1_4_L06	1284_1_4_L06_TRINITY_DN0_c0_g1_i1_H	IGHV3-30*02,IGHV3-30-5*02	IGHJ4*02	TGTGTGAAAGATAGAAGTGGCTGGTACGGAGGTCCTTTTGACTACTGG	7740.22	109
1227_1_2_C07	1227_1_2_C07_TRINITY_DN1_c0_g1_i2_H	IGHV3-30*18,IGHV3-30-5*01	IGHJ4*02	TGTGCGAAAGGCGTCCAATTACTATGGTTCGGGGAGTTATCGCACTGG	4868.94	110
1284_1_6_I04	1284_1_6_I04_TRINITY_DN1_c0_g1_i1_H	IGHV3-30*04,IGHV3-30-3*03	IGHJ6*02	TGTGCGAGAGACCTGGTATACGATCTTTTGACCCATGGTTTGGCCGTCTGG	2270	111
1166_1_2_M03	1166_1_2_M03_TRINITY_DN5_c2_g1_i1_H	IGHV3-30*18,IGHV3-30-5*01	IGHJ6*02	TGTGCGAAGGACAAATTCGGCCAGCTCCACTACTACGGTATGGACGTCTGG	83779.3	112
1166_1_2_I14	1166_1_2_I14_TRINITY_DN1_c1_g1_i1_H	IGHV3-30-3*01	IGHJ6*02	TGTGCCAGAAATTACATCCCTTACTCCTACTATTACGGTATGGACGTCTGG	133935	113
1227_1_2_A02	1227_1_2_A02_TRINITY_DN0_c0_g1_i1_H	IGHV3-48*04	IGHJ4*02	TGTGCGAGAGACGCTGGTGATAGTAGTGGTTATTACTATATAGACTACTGG	9016.83	114
1166_1_2_P07	1166_1_2_P07_TRINITY_DN0_c0_g1_i1_H	IGHV3-30*18,IGHV3-30-5*01	IGHJ4*01	TGTGCGAAAGATCCTGGGATGGGGGGATATCATGATTTTTTCTCGGACTGG	1819.32	115
1166_1_2_P04	1166_1_2_P04_TRINITY_DN2_c0_g1_i1_H	IGHV3-30*04,IGHV3-30-3*03	IGHJ4*02	TGCGCGAGAGAAAGTCGCTGGCTACGGTTGAGGGGGGAGGTTGACTCCTGG	4188.56	116
1284_1_4_E04	1284_1_4_E04_TRINITY_DN2_c0_g1_i1_H	IGHV5-51*01	IGHJ5*02	TGTGCGAGAGTGGATGGCAGGACGACTTGGCCGAGTTGGCTCGACCCCTGG	3013.01	117
1227_1_1_A05	1227_1_1_A05_TRINITY_DN0_c0_g1_i1_H	IGHV1-2*04	IGHJ4*02	TGTGCGAGAGCCTTCAACCAGTGGCTGGTAACTCCGCACTTTGACTACTGG	7292.12	118
1284_1_4_G02	1284_1_4_G02_TRINITY_DN1_c0_g1_i1_H	IGHV1-8*01	IGHJ5*02	TGTGCGAGATTCCGAGTGCAGGATTCGGGGACCAATTGGTTCGACCCCTGG	9161.1	119
1166_1_2_D04	1166_1_2_D04_TRINITY_DN1_c8_g1_i1_H	IGHV1-8*01	IGHJ5*02	TGTGCGAGAACTCCACACTTATTAGGACATTTTTCCTGGTTCGACCCCTGG	130697	120
1284_1_4_A06	1284_1_4_A06_TRINITY_DN0_c0_g1_i1_H	IGHV3-53*01	IGHJ4*02	TGTGCGGCCCTTCCCTTCCGCAACTGGGCGATGCCAAATTATGACTACTGG	7380.33	121
1284_1_6_A03	1284_1_6_A03_TRINITY_DN0_c0_g1_i1_H	IGHV3-43*01	IGHJ4*02	TGTACGAAACCTGGGGGATATAGCAGCAGCTGGTACGCTCTTGACTCCTGG	1911.75	122
1284_1_6_E05	1284_1_6_E05_TRINITY_DN2_c10_g1_i1_H	IGHV4-30-4*05	IGHJ4*02	TGTGCGACTGCCAGCGCTTCCTGGGATTCTGTTGGCTACTTTGATCACTGG	233643	123
1284_1_6_A01	1284_1_6_A01_TRINITY_DN3_c1_g1_i1_H	IGHV4-30-2*05,IGHV4-30-4*01,IGHV4-30-4*05	IGHJ4*02	TGTGCGACTGCCAGCGCTTCCTGGGATTACGTTGGGTACTTTGATCACTGG	31243.3	123
1166_1_2_B04	1166_1_2_B04_TRINITY_DN1_c3_g1_i1_H	IGHV3-11*01	IGHJ4*02	TGTGCGAGAGAGTCCGAGTGGGAGCTACCCATGTATAACTTTGACTCCTGG	74391.5	124
1166_1_2_I09	1166_1_2_I09_TRINITY_DN4_c2_g1_i1_H	IGHV3-11*01	IGHJ5*02	TGTGCGAGAGATGGGGACGAGTGGAAGCCCTTCAATCACTTCGACCCCTGG	50065.8	125
1284_1_3_G04	1284_1_3_G04_TRINITY_DN1_c0_g1_i1_H	IGHV3-15*01	IGHJ4*02	TGTACCACAGCCCCTTTCTACGGTGGTAAGGACTACTACTTTGACTACTGG	8620.03	126
1284_1_6_F05	1284_1_6_F05_TRINITY_DN0_c9_g1_i1_H	IGHV3-23*01,IGHV3-23*04,IGHV3-23D*01	IGHJ4*02	TGTGCGAAAGGGACGTATTTCTATGGTTTGGGCACCCACTTCGACTACTGG	95940.4	127
1284_1_4_J05	1284_1_4_J05_TRINITY_DN2_c0_g1_i1_H	IGHV3-23*01,IGHV3-23D*01	IGHJ4*02	TGTGCGAAATCGCGGGATAGTAGTGGTTATACTGACTACTTTGACTACTGG	4731.09	128
1284_1_6_H05	1284_1_6_H05_TRINITY_DN1_c0_g1_i1_H	IGHV1-24*01	IGHJ4*02	TGTGCAACTGGAATTACTATGATTCGGGGAGGTCCTTACTTGGACTACTGG	2244.77	129
1284_1_6_L02	1284_1_6_L02_TRINITY_DN0_c0_g1_i1_H	IGHV4-4*07	IGHJ4*02,IGHJ5*02	TGTGCGAGAGTCGGAAATGCGGGGGGTTCGGGGAGTTATTATCAACTGTGG	7001.07	130
1284_1_6_G04	1284_1_6_G04_TRINITY_DN0_c0_g1_i1_H	IGHV3-33*01,IGHV3-33*05,IGHV3-33*06	IGHJ4*02	TGTGTGACTGATAGAGGGTACGGTGGTAACTTTGACTGGTTTGACTACTGG	1478.64	131
1166_1_2_G09	1166_1_2_G09_TRINITY_DN4_c0_g1_i1_H	IGHV3-33*01	IGHJ4*02	TGTGCGAGAGATTATGTACCGTTAGGAGCAGTACTTGCTATCGGTTACTGG	47067.7	132
1166_1_2_G03	1166_1_2_G03_TRINITY_DN4_c0_g1_i1_H	IGHV3-33*01	IGHJ4*02	TGTGCGAGAGATTATGTACCGTTAGGAGCAGTACTTGCTATCGGTTACTGG	75569.2	132
1166_1_1_G03	1166_1_1_G03_TRINITY_DN2_c0_g2_i3_H	IGHV3-33*01	IGHJ4*02,IGHJ5*02	TGTGCGAGAGATCGAGCGGCTATCGGTGGTTCGGGGCGTTTTCTCCTCTGG	1138.7	133
1284_1_6_J02	1284_1_6_J02_TRINITY_DN2_c0_g1_i1_H	IGHV1-69*01,IGHV1-69D*01	IGHJ4*02	TGTGTGCGATCGCCGGTCGACTACGGTGACTACGTCGGGGGAGGCTACTGG	13449.8	134
1284_1_6_I01	1284_1_6_I01_TRINITY_DN2_c13_g1_i1_H	IGHV1-69*06	IGHJ4*02	TGTGCGGTCCTCCTTAAGTCATTCCGGGGAGCTTACTACTTTGACTTCTGG	135185	135
1166_1_2_N01	1166_1_2_N01_TRINITY_DN1_c1_g1_i1_H	IGHV1-69*01,IGHV1-69*12,IGHV1-69*13	IGHJ4*02	TGTGCGAGAGCCCGTCGTACAATGGGAGCTAGTCGCTACTTTGACTACTGG	30837.9	136
1166_1_2_A07	1166_1_2_A07_TRINITY_DN3_c1_g1_i1_H	IGHV1-69*01,IGHV1-69D*01	IGHJ4*02	TGTGCGAGAGCCCGTCGTACAATGGGAGCTAGTCGCTACTTTGACTACTGG	40118	136
1284_1_5_J06	1284_1_5_J06_TRINITY_DN1_c0_g1_i1_H	IGHV2-5*02	IGHJ4*02	TGTGCACACAGACTGCCGAGTGTAGCATCAGCTGACCAGTTTGACTACTGG	18472.1	137
1166_1_2_L11	1166_1_2_L11_TRINITY_DN4_c1_g1_i1_H	IGHV2-5*02	IGHJ4*02	TGTGCACACAGACCCATAGCAGCGCCCGTCCTGGGCTACTTTGACTCCTGG	91044.2	138
1166_1_2_D15	1166_1_2_D15_TRINITY_DN1_c0_g1_i1_H	IGHV2-26*01	IGHJ3*02	TGTGCACGGAATCGCGATGGAGCTGGCTGGTATTTTGCTTTTGATATCTGG	27233.3	139
1166_1_2_J15	1166_1_2_J15_TRINITY_DN1_c0_g1_i1_H	IGHV4-31*03	IGHJ3*02	TGTGCGAGACACGTGGATGAAGTTCTGGTCAGTCGTGCTTTTGATATCTGG	1072.62	140
1227_1_2_H03	1227_1_2_H03_TRINITY_DN2_c0_g1_i4_H	IGHV4-39*01	IGHJ3*02	TGTGCGAGACTCGGACGCACGACTATTACTATGATAGTAGTGCCCATCTGG	11651.2	141
1284_1_6_H03	1284_1_6_H03_TRINITY_DN2_c1_g1_i1_H	IGHV3-64D*06	IGHJ3*02	TGTGTGAAATCCGCGTACCCCGGTGACCGTGTTGAAGCTTTTGATATCTGG	20011.4	142
1284_1_4_I04	1284_1_4_I04_TRINITY_DN0_c0_g1_i1_H	IGHV3-9*01	IGHJ4*02	TGTGCAAAAGGGGGCGTAACAGCAGTGGCTGGTACTTATTTAGACTACTGG	4021.02	143
1166_1_2_C14	1166_1_2_C14_TRINITY_DN3_c3_g1_i1_H	IGHV3-9*01	IGHJ4*02	TGTACAAGAGTGTATAGCACCAGCTGGTGGCATTTCCACTTTGACTTCTGG	110071	144
1227_1_2_H07	1227_1_2_H07_TRINITY_DN8_c1_g1_i1_H	IGHV1-69*06,IGHV1-69*14	IGHJ3*02	TGTGCGAGAGGGATGGTTCGGGGAAAAACTTTTGGTGATTTTGATATCTGG	45632.2	145
1284_1_5_B05	1284_1_5_B05_TRINITY_DN1_c0_g1_i1_H	IGHV5-10-1*03	IGHJ3*02	TGTGCGAGACATCCGAGGTTCGGGGATTTATTGGGTGCTTTTGATATCTGG	1605.69	146
1284_1_5_J03	1284_1_5_J03_TRINITY_DN2_c0_g1_i1_H	IGHV3-48*02	IGHJ3*01,IGHJ3*02	TGTGCGAGAGATTGGGCCTACGGTGACAGCGAAGAAAGAGAGATAGGCTGG	15193	147
1284_1_4_M04	1284_1_4_M04_TRINITY_DN2_c0_g1_i1_H	IGHV4-39*01	IGHJ2*01	TGTGCGAGACGCTGGAACGCCGTGGGACTCGGCTGGTACTTCGATCTCTGG	11899.5	148
1284_1_6_E01	1284_1_6_E01_TRINITY_DN1_c2_g1_i1_H	IGHV6-1*01	IGHJ2*01	TGTGCAAGAGAGGGAGTTAACTGGGGCTGGCAGTGGTACTTCGATCTCTGG	13332.1	149
1284_1_5_I05	1284_1_5_I05_TRINITY_DN2_c0_g1_i2_H	IGHV3-21*01	IGHJ4*02	TGTGCGAGAGAGGGTTTCGATCACTATGGTTCGGGGAGTTGGGCGGACTGG	7358.06	150
1227_2_1_B06	1227_2_1_B06_TRINITY_DN2_c0_g1_i3_H	IGHV3-21*01	IGHJ4*02,IGHJ4*03	TGTGCGAGAAAGGAGAAGACTGGAACGACCGCGGGGCACCATGACTACTGG	2989.51	151
1166_1_2_I08	1166_1_2_I08_TRINITY_DN4_c1_g1_i1_H	IGHV3-21*01,IGHV3-21*02	IGHJ4*02	TGTGCGAGGGGGTCAGGTTTGGCTGATTATTATCCTTGGCTTGACTACTGG	76639.4	152
1166_1_2_N02	1166_1_2_N02_TRINITY_DN3_c2_g1_i1_H	IGHV3-21*01,IGHV3-21*02	IGHJ4*02	TGTGCGAGGGGGTCAGGTTTGGCTGATTATTATCCTTGGCTTGACTACTGG	26909.3	152
1166_1_2_M08	1166_1_2_M08_TRINITY_DN4_c0_g1_i1_H	IGHV3-21*01	IGHJ4*02	TGTGCGAGGGGGTCAGGTTTGACTGATTATTATCCTTGGCTTGACTACTGG	50308.4	152
1166_1_2_E08	1166_1_2_E08_TRINITY_DN4_c1_g2_i1_H	IGHV3-11*01	IGHJ4*02,IGHJ5*02	TGTGCGAGACAATCACCGGTGACTGTTGCCTTCTGG	75150.6	153
1227_1_1_F04	1227_1_1_F04_TRINITY_DN3_c7_g1_i1_H	IGHV3-48*01	IGHJ4*02	TGTGCGAGAGTTAGCAGCAGCTGTTATGACTACTGG	101203	154
1284_1_5_K04	1284_1_5_K04_TRINITY_DN2_c0_g2_i1_H	IGHV4-59*03	IGHJ4*02,IGHJ5*02	TGTGCGGCCCTGACCATCGGGCCGTATTCCAGTCGTGGGCCTGGCCAGTGG	10218.4	155
1284_1_6_N02	1284_1_6_N02_TRINITY_DN2_c0_g1_i1_H	IGHV4-59*01	IGHJ5*02	TGTGCGAGAGGTTTCGGATACAGTCATGGTACCGACTGGTTCGACCCCTGG	8576.38	156
1284_1_6_B01	1284_1_6_B01_TRINITY_DN3_c0_g1_i1_H	IGHV4-59*08	IGHJ4*02	TGTGCGAAAATGGCGCTCTATAGGAACAGCTGGTACAGTCTTGACTACTGG	7435.13	157
1284_1_4_M05	1284_1_4_M05_TRINITY_DN1_c0_g1_i1_H	IGHV4-59*08	IGHJ4*02,IGHJ4*03	TGTGCGAGAGCAAGGAGGTATAGTAGCGGCTGGGATTACTTTGACTACTGG	14400.5	158
1284_1_4_L01	1284_1_4_L01_TRINITY_DN1_c0_g1_i2_H	IGHV4-59*01	IGHJ4*02	TGTGCGAGAGAGGTGGAGCGCAGCAGTTGGAACTGGGTGTTTGACTCTTGG	2275.76	159
1227_2_3_E01	1227_2_3_E01_TRINITY_DN0_c0_g1_i1_H	IGHV1-46*03	IGHJ4*02	TGTGCTAGAAAAGTCGCGGACTACTTTGACTCCTGG	7548.91	160
1227_1_2_D05	1227_1_2_D05_TRINITY_DN0_c0_g1_i1_H	IGHV1-46*01,IGHV1-46*03	IGHJ4*02	TGTGTTCGGAATTCGGGGAGTGGATTTGACTACTGG	352.562	161
1284_1_6_N03	1284_1_6_N03_TRINITY_DN1_c11_g1_i1_H	IGHV4-39*02	IGHJ5*02	TGTGCGAGACATGAACCAGGTGGGAGCTACTTTGCCCGGTTCGACCCCTGG	118518	162
1284_1_6_A02	1284_1_6_A02_TRINITY_DN1_c14_g1_i1_H	IGHV4-39*01	IGHJ5*02	TGTGCGAGACATGAACCAGGTGGGAGCTACTTTGCCCGGTTCGACCCCTGG	138128	162
1284_1_4_C05	1284_1_4_C05_TRINITY_DN2_c1_g1_i1_H	IGHV4-39*01	IGHJ5*02	TGTGCGAGACATGAACCAGGTGGAAGTTACTTTGCCCGGTTCGACCCCTGG	81900	162
1284_1_6_K01	1284_1_6_K01_TRINITY_DN0_c3_g1_i1_H	IGHV4-39*01	IGHJ4*02	TGTGCGAGGATTCCAATTTACGGTGGTAACTCCGAGCCCTTCGACTACTGG	33845.5	163
1227_1_2_M07	1227_1_2_M07_TRINITY_DN0_c0_g1_i2_H	IGHV4-39*01	IGHJ5*02	TGTGCGAGAGACAAAGAGATGGCTACAATTTCTAGCTGGTTCGACCCCTGG	12471.7	164
1166_1_2_O13	1166_1_2_O13_TRINITY_DN0_c0_g1_i1_H	IGHV4-39*01	IGHJ5*01,IGHJ5*02	TGTGCGAGACATCGCGGCGAGGTTTATGATTTTTACTGGTTCGACTCCTGG	1315.56	165
1227_1_2_A06	1227_1_2_A06_TRINITY_DN2_c0_g1_i1_H	IGHV4-39*01	IGHJ4*02	TGTGCGAGACGACCATACACTTATGGTTTCGGATGGTACTTTGACTCCTGG	43065.2	166
1284_1_5_H01	1284_1_5_H01_TRINITY_DN2_c0_g1_i1_H	IGHV1-18*01	IGHJ4*02	TGTGCGAGAGGTACTTATAACAGCCTTGACTACTGG	4584.1	167
1284_1_6_D02	1284_1_6_D02_TRINITY_DN3_c1_g1_i1_H	IGHV3-74*03	IGHJ4*02	TGTGTCGCCTACACCTGGAATCGTCCTGACTACTGG	13502.9	168
1284_1_5_N03	1284_1_5_N03_TRINITY_DN8_c21_g1_i1_H	IGHV1-3*01	IGHJ4*02,IGHJ4*03	TGTGCGAGAGATGATTTTGGCCTCTTTGACTACTGG	155871	169
1284_1_6_F01	1284_1_6_F01_TRINITY_DN1_c13_g1_i1_H	IGHV1-3*01	IGHJ4*02	TGTGCGAGAGATGATTTTGGCCTCTTTGACTACTGG	115544	169
1284_1_4_O01	1284_1_4_O01_TRINITY_DN3_c7_g1_i1_H	IGHV1-3*01	IGHJ4*02,IGHJ4*03	TGTGCGAGAGATGATTTTGGCCTCTTTGACTACTGG	127241	169
1284_1_4_D04	1284_1_4_D04_TRINITY_DN1_c4_g1_i1_H	IGHV1-3*01	IGHJ4*02,IGHJ4*03	TGTGCGAGAGATGATTTTGGCCTCTTTGACTACTGG	120886	169
1284_1_6_O03	1284_1_6_O03_TRINITY_DN1_c0_g1_i1_H	IGHV1-3*01	IGHJ4*02	TGTGCGAGAGATGATTTTGGTCTCTTTGACTACTGG	67245.2	169
1284_1_6_J05	1284_1_6_J05_TRINITY_DN8_c0_g1_i1_H	IGHV1-3*01	IGHJ4*02	TGTGCGAGAGTTGATTTTGGTCTCTTTGACTACTGG	64865.4	169
1166_1_2_H06	1166_1_2_H06_TRINITY_DN1_c3_g1_i1_H	IGHV3-74*01,IGHV3-74*03	IGHJ4*02	TGTGCAAGAGCTCCAACAGGGGGAATACGAGGGATTGACTACTGG	76738.5	170
1166_1_2_O15	1166_1_2_O15_TRINITY_DN0_c2_g1_i1_H	IGHV3-7*01	IGHJ4*02	TGTGCGAGCGAGGAGCAGTGGCTGGGGGAGTACTTTGACTACTGG	105923	171
1166_1_2_H10	1166_1_2_H10_TRINITY_DN2_c3_g1_i1_H	IGHV2-5*02	IGHJ4*02	TGTGCACACCTTGATAGCAGTGGCTGGGATTTCTTTGACTACTGG	82059.7	172
1166_1_2_E07	1166_1_2_E07_TRINITY_DN1_c3_g1_i1_H	IGHV2-5*02	IGHJ5*02	TGTGCCCTCTGGGATAGGAGTGGCTATGACTATTTCGACCCCTGG	54117.7	173
1166_1_2_B02	1166_1_2_B02_TRINITY_DN3_c0_g1_i1_H	IGHV3-30-3*01	IGHJ4*02	TGTGCGAGAGGGGGGGCATTAGAATGGTTCGGGGCGGACTACTGG	173781	174
1284_1_4_H05	1284_1_4_H05_TRINITY_DN1_c0_g1_i1_H	IGHV3-21*01	IGHJ4*02	TGTGCGAGGGGCCGCAGCTGGTACACAGCGGACTTTGACTACTGG	2650.23	175
1284_1_4_I05	1284_1_4_I05_TRINITY_DN2_c0_g2_i1_H	IGHV3-33*01	IGHJ3*02	TGTGCGAGAGAAGGCCAAAACGCTCTTGATATCTGG	11446.3	176
1227_1_1_H18	1227_1_1_H18_TRINITY_DN2_c0_g1_i4_H	IGHV1-2*02	IGHJ4*02	TGTGCGAGAGACACCAGGGGGAACTACGGTAACCTTGACTACTGG	5953.93	177
1227_1_3_I02	1227_1_3_I02_TRINITY_DN2_c8_g1_i1_H	IGHV1-69-2*01	IGHJ4*02	TGTATAATCCCGGGAGGTGCGGGAGCTCGGTCGTTTGACTACTGG	131673	178
1284_1_6_F03	1284_1_6_F03_TRINITY_DN2_c0_g1_i2_H	IGHV1-3*01	IGHJ4*02	TGTGCGAGATGGATAGGAGGGGGCGGTGCCCACTTTGACTCCTGG	2178.41	179
1284_1_4_O05	1284_1_4_O05_TRINITY_DN2_c0_g1_i1_H	IGHV1-3*01	IGHJ4*02	TGTGCGAGATGGATAGGAGGGGGCGGTGCCCACTTTGACTCCTGG	7734.47	179
1166_1_1_N16	1166_1_1_N16_TRINITY_DN0_c0_g1_i1_H	IGHV1-3*01	IGHJ5*01,IGHJ5*02	TGTGCGAAAGGGGGCGCGGTTATATTGACTGGCCTCGACTCCTGG	4132.98	180
1166_1_2_M12	1166_1_2_M12_TRINITY_DN2_c2_g1_i1_H	IGHV3-23*01,IGHV3-23*04,IGHV3-23D*01	IGHJ4*02	TGTGCGAGACGGTCTCATTATAATAAACGACACTTTGACTTCTGG	152582	181
1166_1_2_L14	1166_1_2_L14_TRINITY_DN4_c1_g1_i1_H	IGHV3-23*01,IGHV3-23*04,IGHV3-23D*01	IGHJ4*02	TGTGCGAGACGGTCTCATTATAATAAACGACACTTTGACTTCTGG	59781.2	181
1166_1_2_N05	1166_1_2_N05_TRINITY_DN2_c2_g1_i1_H	IGHV3-23*01,IGHV3-23*04,IGHV3-23D*01	IGHJ4*02	TGTGCGAGACGGTCTCATTATAATAAACGACACTTTGACTTCTGG	66703.9	181
1166_1_2_I11	1166_1_2_I11_TRINITY_DN4_c2_g1_i1_H	IGHV3-23*01,IGHV3-23*04,IGHV3-23D*01	IGHJ4*02	TGTGCGAGACGGTCTCATTATAATAAACGACACTTTGACTTCTGG	78165	181
1166_1_2_D03	1166_1_2_D03_TRINITY_DN3_c5_g1_i1_H	IGHV3-23*01,IGHV3-23D*01	IGHJ4*02	TGTGCGAGACGGTCTCATTATAATAAACGACACTTTGACTTCTGG	153571	181
1166_1_2_E05	1166_1_2_E05_TRINITY_DN8_c3_g1_i1_H	IGHV3-23*01,IGHV3-23*04,IGHV3-23D*01	IGHJ4*02	TGTGCGAGACGGTCTCATTATAATAAACGACACTTTGACTTCTGG	99692.1	181
1166_1_2_F12	1166_1_2_F12_TRINITY_DN8_c3_g1_i1_H	IGHV3-23*01,IGHV3-23D*01	IGHJ4*02	TGTGCGAGACGGTCTCATTATGATAAACGACACTTTGACTTCTGG	106102	181
1166_1_2_J03	1166_1_2_J03_TRINITY_DN3_c2_g1_i1_H	IGHV3-23*01,IGHV3-23D*01	IGHJ4*02	TGTGCGAGACGGTCTCATTATGATAAACGACACTTTGACTTCTGG	127368	181
1166_1_2_M02	1166_1_2_M02_TRINITY_DN4_c5_g1_i1_H	IGHV3-23*01,IGHV3-23D*01	IGHJ4*02	TGTGCGAGTCAAGATCGTGGGCGGAAACTGGGGCTTGAGTACTGG	155988	182
1284_1_4_K06	1284_1_4_K06_TRINITY_DN1_c0_g1_i1_H	IGHV1-46*01	IGHJ4*02	TGTGCGAGAGATAAGTGGCTGGAACGGGGGCCTTTTGACTACTGG	3621.09	183
1166_1_2_C09	1166_1_2_C09_TRINITY_DN1_c3_g1_i1_H	IGHV1-46*01	IGHJ4*02,IGHJ5*02	TGTGCGAGAGGCGACAGTGGTGGTGGTGACTGCTCTTCTAATTGG	52832.7	184
1166_1_2_D08	1166_1_2_D08_TRINITY_DN3_c3_g1_i1_H	IGHV1-46*01	IGHJ4*02,IGHJ5*02	TGTGCGAGAGGCGACAGTGGTGGTGGTGACTGCTCTTCTAATTGG	136222	184
1284_1_3_G07	1284_1_3_G07_TRINITY_DN0_c0_g1_i1_H	IGHV3-48*02	IGHJ4*02	TGTGCGGGAGAATACAACTATGGTTACGGGGATTTCGGCTACTGG	7927.31	185
1284_1_4_N05	1284_1_4_N05_TRINITY_DN2_c0_g1_i1_H	IGHV3-48*03	IGHJ4*02	TGTGCGAGAGATGTGATAGCAGGTCGGCCGGGCTTTGACTACTGG	10870.9	186
1284_1_4_G04	1284_1_4_G04_TRINITY_DN1_c0_g2_i1_H	IGHV3-48*03	IGHJ4*02	TGTGCGAGAGATGGTCGCTGGGCTGCTCGCCCTTTGGACTACTGG	286.526	187
1284_1_5_M04	1284_1_5_M04_TRINITY_DN1_c0_g1_i1_H	IGHV4-39*01	IGHJ4*02	TGTGCGAGACATGTGAACGAGATCTTGACTCCTTTTGACAACTGG	20459.5	188
1166_1_2_A15	1166_1_2_A15_TRINITY_DN7_c4_g2_i1_H	IGHV4-39*01	IGHJ5*02	TGTGCGAGACATAGCAACAGCCTATACGCGTGGTTCGACCCCTGG	142949	189
1284_1_5_D06	1284_1_5_D06_TRINITY_DN0_c0_g1_i1_H	IGHV2-70*11	IGHJ4*01	TGTGCACGGACTCCAAGAGTTCGTGGATACAGCCTTGACTACTGG	2850.52	190
1166_1_2_L04	1166_1_2_L04_TRINITY_DN3_c1_g1_i1_H	IGHV2-70*11	IGHJ4*02	TGTGCACGGGATCGGGCGGTTCGGGGAGCCCCCTTTGACTACTGG	44639.2	191
1227_1_1_M19	1227_1_1_M19_TRINITY_DN1_c3_g1_i1_H	IGHV4-59*08	IGHJ4*02	TGTGCGAGACGCTCCTCGTCCTCGGTGACTAGCTTTGACTACTGG	78803.7	192
1284_1_4_J06	1284_1_4_J06_TRINITY_DN1_c1_g1_i1_H	IGHV4-59*02	IGHJ4*02	TGTGCGAGAGTCGCACTGGGCGGTGAGTTTGGCCTTGACTACTGG	4822.29	193
1227_1_3_H02	1227_1_3_H02_TRINITY_DN7_c4_g1_i1_H	IGHV4-59*01	IGHJ4*02,IGHJ5*02	TGTGCGAGAGAGGATTACCTGGGTTCGGGGAGTTACATTTTCTGG	64105.2	194
1227_1_2_O04	1227_1_2_O04_TRINITY_DN10_c0_g1_i1_H	IGHV4-59*01,IGHV4-59*02,IGHV4-59*07	IGHJ5*02	TGTGCGAGGTTATACGATTTTTCGAGTGGCGGATTCGACCCGTGG	19644	195
1166_1_2_J13	1166_1_2_J13_TRINITY_DN3_c1_g1_i1_H	IGHV3-21*01	IGHJ6*02	TGTGCGAGAGATAAAGGTCGCCACTACTACGGTATGGACGTCTGG	46846.4	196
1284_1_5_K06	1284_1_5_K06_TRINITY_DN1_c0_g1_i1_H	IGHV3-30*02,IGHV3-30-5*02	IGHJ4*02	TGTGCGAAAGATGGTACCAGTAAACTGTACTACATTGACTCTTGG	1536.21	197
1166_1_2_A09	1166_1_2_A09_TRINITY_DN0_c0_g1_i1_H	IGHV3-30*18,IGHV3-30-5*01	IGHJ4*01,IGHJ4*02,IGHJ5*01	TGTGCGAAGAATCTTTACACCAGTTCGCCCAATCTAGACCATTGG	2513.78	198
1284_1_6_H04	1284_1_6_H04_TRINITY_DN3_c0_g1_i1_H	IGHV5-51*01	IGHJ4*02	TGTGCAAGACAATCAGCCCCCGTGATGTACTACTTTGACTACTGG	5525.46	199
1284_1_6_B05	1284_1_6_B05_TRINITY_DN1_c0_g1_i1_H	IGHV5-51*01	IGHJ4*02	TGTGCGAGACTGCTTAGAGATGGCTACAATGTAATAGACTACTGG	6017.22	200
1166_1_2_M05	1166_1_2_M05_TRINITY_DN1_c1_g1_i1_H	IGHV5-51*03	IGHJ4*02	TGTGCGAGACAAGATGGCTATAATGAGGACATCTTTGAATACTGG	27065.2	201
1166_1_2_H09	1166_1_2_H09_TRINITY_DN2_c0_g1_i1_H	IGHV5-51*03	IGHJ4*02	TGTGCGAGACAAGATGGCTATAATGAGGACATCTTTGAATACTGG	49134.4	201
1166_1_2_I16	1166_1_2_I16_TRINITY_DN2_c1_g1_i1_H	IGHV5-51*03	IGHJ4*02	TGTGCGAGACAAGATGGCTATAATGAGGACATCTTTGAATACTGG	41217.2	201
1166_1_2_G08	1166_1_2_G08_TRINITY_DN3_c1_g1_i1_H	IGHV5-51*03	IGHJ4*02	TGTGCGAGACAAGATGGCTATAATGAGGACATCTTTGAGTACTGG	12310	201
1166_1_2_L16	1166_1_2_L16_TRINITY_DN0_c2_g1_i1_H	IGHV5-51*03	IGHJ4*02	TGTGCGAGACAAGATGGCTATAATGAGGACATCTTTGAGTACTGG	20755.6	201
1284_1_6_D01	1284_1_6_D01_TRINITY_DN4_c1_g1_i1_H	IGHV4-34*02	IGHJ6*02	TGTGCGCGAGGCAATGGATATAGAGGGAGACGTATGGACGTCTGG	33932.6	202
1166_1_2_J12	1166_1_2_J12_TRINITY_DN8_c4_g1_i1_H	IGHV3-23*01,IGHV3-23D*01	IGHJ6*02	TGTGCGAAGGGGAGGAAGGCGGGCTACTACGCTATGGACGTCTGG	81456.1	203
1166_1_2_D09	1166_1_2_D09_TRINITY_DN3_c2_g1_i1_H	IGHV3-23*01,IGHV3-23*04,IGHV3-23D*01	IGHJ6*02	TGTGCGAAGGGGAGGAAGGCGGGCTACTACGCTATGGACGTCTGG	44811.2	203
1166_1_2_E15	1166_1_2_E15_TRINITY_DN3_c2_g1_i1_H	IGHV3-23*01,IGHV3-23D*01	IGHJ6*02	TGTGCGAAGGGGAGGAAGGAGGGCTACTACGCTATGGACGTCTGG	106499	203
1166_1_2_N10	1166_1_2_N10_TRINITY_DN3_c3_g1_i1_H	IGHV3-23*01,IGHV3-23D*01	IGHJ6*02	TGTGCGAAGGGGAGGAAGGAGGGCTACTACGCTATGGACGTCTGG	166044	203
1166_1_2_K08	1166_1_2_K08_TRINITY_DN2_c2_g1_i1_H	IGHV3-48*02	IGHJ3*02	TGTGCGAGCCAGCGATTTTTGGTGTGGTATGCTTTTGATATCTGG	39545.8	204
1284_1_6_D03	1284_1_6_D03_TRINITY_DN1_c11_g1_i1_H	IGHV3-64D*06	IGHJ6*02	TGTGTGAGGCCTAATCTCTACCTCTCCTACGGTTTGGACGTCTGG	107231	205
1284_1_4_E05	1284_1_4_E05_TRINITY_DN2_c2_g1_i1_H	IGHV3-64D*06	IGHJ6*02	TGTGCGAGGCCTAATCTCTACCTCTCCTACGGTTTGGACGTCTGG	78599.4	205
1166_1_2_G06	1166_1_2_G06_TRINITY_DN7_c3_g1_i1_H	IGHV2-5*02	IGHJ3*02	TGTGCACACAGGTCCAGTCGTGGTTTTGATGCTTTTGATATCTGG	62153.5	206
1284_1_3_I07	1284_1_3_I07_TRINITY_DN0_c0_g3_i1_H	IGHV3-30-3*01,IGHV3-30-3*03,IGHV3-33*01	IGHJ4*02	TGTGCGAGAGAGCCGGTGACTACTGATAACTACTGG	28150.6	207
1284_1_1_F09	1284_1_1_F09_TRINITY_DN1_c0_g1_i3_H	IGHV4-4*07	IGHJ3*01,IGHJ3*02	TGTGCGGGATGGGAGCTACATCGTTCCGATGCTTTTCATCTCTGG	1275.59	208
1284_1_6_K05	1284_1_6_K05_TRINITY_DN0_c0_g1_i1_H	IGHV4-39*01	IGHJ3*01	TGTGCGAGACAGTCTTCAGGGCTACTTGATGCTGTTGATGTCTGG	11716.1	209
1166_1_2_K04	1166_1_2_K04_TRINITY_DN3_c2_g1_i1_H	IGHV3-11*01	IGHJ2*01	TGTGCGAGAATTTCCGAATGGGAGCTGGGGTACTTCGATCTCTGG	88904	210
1166_1_2_K07	1166_1_2_K07_TRINITY_DN3_c4_g1_i1_H	IGHV3-11*01	IGHJ2*01	TGTGCGAGAATTTCCGAATGGGAGCTGGGGTACTTCGATCTCTGG	76544.3	210
1166_1_2_O08	1166_1_2_O08_TRINITY_DN1_c2_g1_i1_H	IGHV3-49*05	IGHJ6*02	TGTAGTAGAGATGGTGGCGGTGACTATTCATTTTGGGGGGGCTATGTCTACTACGGTATGGACGTCTGG	122304	211
1166_1_2_J05	1166_1_2_J05_TRINITY_DN0_c0_g2_i1_H	IGHV1-18*01	IGHJ6*02	TGTGCGAGAGATCGGTTCCCTTTCCTGTATTGTACTGGTGGTCACTGCTTTAACCCATCGGACGTCTGG	49849.4	212
1166_1_2_L15	1166_1_2_L15_TRINITY_DN4_c2_g2_i1_H	IGHV1-18*01,IGHV1-18*04	IGHJ6*02	TGTGCGAGAGATCGGTTCCCTTTCCTGTATTGTACTGGTGGTCACTGCTTTAACCCATCGGACGTCTGG	24799.3	212
1166_1_2_K09	1166_1_2_K09_TRINITY_DN2_c2_g1_i1_H	IGHV1-18*01	IGHJ6*02	TGTGCGAGAGGTAAAGAGGAATTACGATATTTTGACTGGTTACCTACAACTGGCGCTATGGACGTCTGG	77170.4	213
1166_1_2_D02	1166_1_2_D02_TRINITY_DN3_c1_g1_i1_H	IGHV1-3*01	IGHJ6*02	TGTGCGAGACAGGGAATCTATAGCAGGTCGTCGCACGTCCTCCTCTACTACTACGGTCTGGACGTCTGG	47595.5	214
1166_1_2_H11	1166_1_2_H11_TRINITY_DN1_c4_g1_i1_H	IGHV3-21*01	IGHJ6*02	TGTGCGAGAGTCCCGTATAATTATGATGATAGTAGTGGTTATTACTACTACTACGGTATGGACGTCTGG	66442.1	215
1166_1_2_C15	1166_1_2_C15_TRINITY_DN1_c0_g1_i2_H	IGHV4-31*03	IGHJ6*02	TGTGCGGGACTTTATCGTGGCTACGAGCAAACCCTAAACATCTACTACTCTTTCGGTCTGGACGTCTGG	1167.64	216
1166_1_1_G20	1166_1_1_G20_TRINITY_DN1_c0_g1_i1_H	IGHV4-4*07	IGHJ6*02	TGTGCGAGAGACGATTTTTGGAGTGGTTACTACCCTCAGGAGGGGGGCTACTACGGTATGGACGTCTGG	4570.08	217
1166_1_2_K12	1166_1_2_K12_TRINITY_DN1_c0_g1_i1_H	IGHV2-70*01	IGHJ6*02	TGTGCACGGTTCCTGATGGTTCGGGGACTTATTCCCCACGGACTCGGGCACTACGGTATGGACGTCTGG	17622.9	218
1166_1_2_M07	1166_1_2_M07_TRINITY_DN2_c0_g1_i1_H	IGHV2-70*01	IGHJ6*02	TGTGCACGGTTCCTGATGGTTCGGGGACTTATTCCCCACGGACTCGGGCACTACGGTATGGACGTCTGG	34433.8	218
1166_1_2_B15	1166_1_2_B15_TRINITY_DN2_c2_g1_i1_H	IGHV3-11*01	IGHJ4*02	TGTGCGAGGGATCCGGAGTGGGAGCCTAACTGCTTTGACTACTGG	64286.6	219
1166_1_2_M04	1166_1_2_M04_TRINITY_DN3_c4_g1_i1_H	IGHV3-11*01	IGHJ4*02	TGTGCGAGATCTCCGGAGTGGGACCTGTGGTACTTTGACTACTGG	60074.6	220
1166_1_2_K03	1166_1_2_K03_TRINITY_DN2_c3_g1_i1_H	IGHV3-11*01	IGHJ4*02	TGTGCGCGAGAGGCCGAGGACTACACGGGTCTTTTTGACTATTGG	153046	221
1166_1_2_H07	1166_1_2_H07_TRINITY_DN1_c4_g1_i1_H	IGHV3-11*01	IGHJ4*02	TGTGCGAGGGCGCAAGAGTGGGACCTAGGGTCGTGGGACCACTGG	39950.9	222
1166_1_2_I13	1166_1_2_I13_TRINITY_DN2_c2_g1_i1_H	IGHV3-11*01	IGHJ4*01	TGTGCGAGAGAAATGGAGTGGAAGATATATTATCTTGACTACTGG	94157.9	223
1166_1_2_P14	1166_1_2_P14_TRINITY_DN2_c0_g1_i1_H	IGHV3-11*01	IGHJ4*02	TGTGCGAGAATAGACGAGTGGCTCCGACTCCCCGTTGACTACTGG	41594.7	224
1166_1_2_D13	1166_1_2_D13_TRINITY_DN0_c0_g1_i3_H	IGHV3-11*01	IGHJ4*02	TGTGCGAGACTCGAAGAGTGGCAGGGGGGTTACTTTGACTCCTGG	1171.49	225
1166_1_2_H12	1166_1_2_H12_TRINITY_DN2_c1_g2_i1_H	IGHV3-11*01	IGHJ4*02	TGTGTGAGAGTCGATATAGTCGTACATGGTTACTTTGACTACTGG	177015	226
1166_1_2_E11	1166_1_2_E11_TRINITY_DN3_c3_g1_i1_H	IGHV3-11*01	IGHJ4*02	TGTGCGAGAACCTCGGAGTGGGATCTAGTGGTTTCGGACTACTGG	101454	227
1284_1_6_D04	1284_1_6_D04_TRINITY_DN1_c6_g1_i1_H	IGHV3-43*01	IGHJ6*02	TGTGCAAAAGATATCGCCGTCGAGTTGGACGGTGACTCCCCATATTACTCCTACGTTATGGACGTCTGG	39678.6	228
1227_1_2_A04	1227_1_2_A04_TRINITY_DN3_c3_g1_i1_H	IGHV3-33*01	IGHJ4*02	TGTGCGAGAGCGGCCTTTACATATTACGATCTTTTGATTGGTTATTTCCCTGATTACTTTGACATCTGG	55461.2	229
1227_2_1_A07	1227_2_1_A07_TRINITY_DN2_c0_g1_i3_H	IGHV3-33*01,IGHV3-33*04	IGHJ2*01	TGTGTGAGAGGTTGGGCTTACCGATATCGAGCGGCGGCGTTCAACCCTTATTGGTATGTCGATCTCTGG	1120.15	230
1284_1_5_I01	1284_1_5_I01_TRINITY_DN3_c0_g1_i1_H	IGHV3-7*02	IGHJ3*02	TGTGCGAGGGGTGACTATTCCTCTGGTTCGGGGAGTTTAGATTCCTTCAATGATGCTTTCGATATCTGG	8661.94	231
1284_1_5_D03	1284_1_5_D03_TRINITY_DN0_c0_g1_i1_H	IGHV1-69*06	IGHJ5*02	TGTGCGAGGGACGGGTTTTACGATGATACTGGTGCTTTTCTCGACCCTCCGTGGTGGTTCGACCCCTGG	3631.2	232
1284_1_4_O03	1284_1_4_O03_TRINITY_DN0_c0_g1_i1_H	IGHV1-69*06	IGHJ6*01	TGTGCGAGAGGCCTGCGTCCCCTACGAAATTTTGACAAAGGCCCCTATTACTCCGCAATGGACGTCTGG	3429.98	233
1227_1_3_D03	1227_1_3_D03_TRINITY_DN2_c0_g1_i1_H	IGHV1-69*06	IGHJ6*02	TGTGCGAAAGAAGAATACTTCTTTCCTTCGGGCAGTTCTTATAACAACTTCTACGGTATGGACGACTGG	48847.9	234
1166_1_2_J08	1166_1_2_J08_TRINITY_DN3_c1_g1_i1_H	IGHV1-69*01,IGHV1-69D*01	IGHJ6*02	TGTGCGAAGGAATTCGGAGCAATGGCAGCTCCTCTTAATTTCTTCCACTACTACGGCATGGACGTCTGG	31346.5	235
1166_1_2_M09	1166_1_2_M09_TRINITY_DN3_c1_g2_i1_H	IGHV1-69*01,IGHV1-69D*01	IGHJ6*02	TGTGCGAGGGAATTCGGAGCAATGGCAGCTCCTCTTAATTTCTTCCACTACTACGCTATGGACGTCTGG	71960.8	235
1166_1_2_G11	1166_1_2_G11_TRINITY_DN3_c4_g1_i1_H	IGHV4-31*03	IGHJ4*02	TGTGCGAGAGAGACCGGTTCGGGGGGGATTGACTACTGG	47803.5	236
1166_1_2_O02	1166_1_2_O02_TRINITY_DN1_c3_g1_i1_H	IGHV2-5*02	IGHJ4*02	TGTGCACACCTCGGCTACGGTGACTACTATGACTACTGG	91060.2	237
1166_1_2_J09	1166_1_2_J09_TRINITY_DN2_c1_g1_i1_H	IGHV1-8*01	IGHJ4*02	TGTGCGAGAGGGACTACGGTGACCAACTTTGACTCCTGG	102873	238
1227_1_2_L02	1227_1_2_L02_TRINITY_DN4_c12_g1_i1_H	IGHV3-74*01,IGHV3-74*03	IGHJ4*02	TGTGCAAGAGATTTGATGATTCGGGGAGTTGACTACTGG	177017	239
1166_1_2_H02	1166_1_2_H02_TRINITY_DN2_c4_g1_i1_H	IGHV4-39*01	IGHJ4*02	TGTGCGAGAGAGGCACCAAGTGGCCTCCTTGACTCCTGG	56926.5	240
1166_1_2_D05	1166_1_2_D05_TRINITY_DN2_c0_g1_i2_H	IGHV4-39*01	IGHJ4*02	TGTGCGAGAGAGGCACCAAGTGGCCTCCTTGACTCCTGG	5749.86	240
1166_1_2_I07	1166_1_2_I07_TRINITY_DN5_c1_g1_i1_H	IGHV4-30-4*01	IGHJ5*02	TGTGCCAGAGAAAGTGGCTACGAGGGGTTGGGCTCCTGG	34217.8	241
1227_1_3_F02	1227_1_3_F02_TRINITY_DN0_c0_g1_i1_H	IGHV4-59*01,IGHV4-59*08	IGHJ5*02	TGTGCGAGATTCAATCTCCTCAACTGGCTCGACCCCTGG	13709.1	242
1227_1_2_M08	1227_1_2_M08_TRINITY_DN1_c9_g1_i1_H	IGHV3-49*03	IGHJ4*02	TGTACCCTTGCTATGACCAGGGGGTACTTTGACTACTGG	99057.2	243
1166_1_1_B17	1166_1_1_B17_TRINITY_DN5_c2_g1_i1_H	IGHV2-5*02	IGHJ3*02	TGTGTACACAGATCAGTATTCGACGCTTTTGATATCTGG	85430.5	244
1284_1_4_D01	1284_1_4_D01_TRINITY_DN0_c0_g1_i1_H	IGHV4-59*02	IGHJ4*02	TGTGCGAGTCATCAGGGGTCTGGCTCCTTTGACTTCTGG	6531.6	245
1284_1_4_N02	1284_1_4_N02_TRINITY_DN2_c0_g1_i1_H	IGHV3-9*01	IGHJ4*02	TGTGCAAAAGGGCACAAGTGGCTGGCCTTTGACTTCTGG	10647.9	246
1284_1_4_I03	1284_1_4_I03_TRINITY_DN0_c0_g1_i1_H	IGHV5-51*01	IGHJ4*02	TGTGCGAGGACCCTAATTTCTTCGGGGTTTGACTACTGG	1295.69	247
1166_1_1_J18	1166_1_1_J18_TRINITY_DN1_c1_g1_i1_H	IGHV5-51*03	IGHJ4*02	TGTGCGAGACCCGATGTAGTGGGAGCTATTAGACACTGG	20783.8	248
1284_1_4_K05	1284_1_4_K05_TRINITY_DN2_c0_g1_i5_H	IGHV5-10-1*03	IGHJ4*02	TGTGCGAGACTCATTTCCAGTGACTACGAAGACTACTGG	6717.85	249
1227_1_1_E05	1227_1_1_E05_TRINITY_DN0_c0_g1_i2_H	IGHV3-53*02	IGHJ4*02	TGTGCGAGAGGAAGAAGACAGGACCCGTTTGACTACTGG	3629.93	250
1284_1_4_K03	1284_1_4_K03_TRINITY_DN2_c0_g1_i1_H	IGHV3-53*01	IGHJ4*02	TGTGCGAGAGGTGCCCCTCCATACTCCTTTGACTACTGG	10549.8	251
1284_1_6_J03	1284_1_6_J03_TRINITY_DN1_c0_g1_i1_H	IGHV1-18*01	IGHJ4*02	TGTGCGCGAGAGGACGACTACGGCTACTTTGATTTGTGG	6553.66	252
1284_1_4_H02	1284_1_4_H02_TRINITY_DN2_c0_g1_i1_H	IGHV1-18*01	IGHJ4*02	TGTGCGAGAGAGGGGGACTACGGCTACTTTGATGACTGG	7035.85	252
1166_1_2_G07	1166_1_2_G07_TRINITY_DN3_c1_g1_i1_H	IGHV1-18*01	IGHJ4*02	TGTGCGAGAGTCCCGGGTGTGGCAAGGGGGGACTATTGG	72599.8	253
1227_2_3_C01	1227_2_3_C01_TRINITY_DN4_c0_g1_i2_H	IGHV3-48*01	IGHJ4*02	TGTGCGAGGGGGTCTGGAATAGTGGGAGCTAACCACTGG	27891.6	254
1227_2_2_L04	1227_2_2_L04_TRINITY_DN1_c0_g1_i1_H	IGHV3-33*01	IGHJ4*02,IGHJ5*02	TGTGCGAGAGGGGACAGTAGTGATTATGCGAAGGTCTGG	8838.79	255
1284_1_5_C06	1284_1_5_C06_TRINITY_DN0_c0_g1_i1_H	IGHV3-11*01	IGHJ4*02	TGTGCGAGAGTTCGAGAACTGGAACTCCCTGACTACTGG	14059.5	256
1166_1_2_L06	1166_1_2_L06_TRINITY_DN2_c2_g1_i1_H	IGHV3-11*01	IGHJ4*02	TGTGCGAGAGGGCGGTGGGACCTACATTTTGATTACTGG	33416	257
1284_1_1_B07	1284_1_1_B07_TRINITY_DN0_c0_g1_i1_H	IGHV1-24*01	IGHJ4*02	TGTTCAACAGGACTTTTCGGGGACTTTCCTGCCTACTGG	576.809	258
1284_1_1_H07	1284_1_1_H07_TRINITY_DN11_c20_g1_i1_H	IGHV1-24*01	IGHJ4*02	TGTTCAACAGGACTTTTCGGGGACTTTCCTGCCTACTGG	177300	258
1284_1_6_G03	1284_1_6_G03_TRINITY_DN1_c7_g1_i1_H	IGHV1-24*01	IGHJ4*02	TGTTCAACAGGACTTTTCGGGGACTTTCCTGCCTACTGG	72671.2	258
1284_1_3_J02	1284_1_3_J02_TRINITY_DN0_c0_g1_i1_H	IGHV1-24*01	IGHJ4*02	TGTTCAACAGGACTTTTCGGGGACTTTCCTGCCTACTGG	642.046	258
1284_1_5_C01	1284_1_5_C01_TRINITY_DN0_c0_g1_i1_H	IGHV1-24*01	IGHJ4*02	TGTTCAACAGGACTTTTCGGGGACTTTCCTGCGTACTGG	4914.58	258
1284_1_5_K01	1284_1_5_K01_TRINITY_DN1_c0_g1_i1_H	IGHV1-24*01	IGHJ4*02	TGTTCAACAGGACTTTTCGGGGACTTTCCTGCGTACTGG	2327.82	258
1284_1_5_F01	1284_1_5_F01_TRINITY_DN5_c21_g1_i1_H	IGHV1-24*01	IGHJ4*02	TGTTCAACAGGACTTTTCGGGGACTTTCCTGCGTACTGG	155465	258
1284_1_1_N09	1284_1_1_N09_TRINITY_DN0_c0_g1_i1_H	IGHV4-34*01,IGHV4-34*02	IGHJ4*02,IGHJ5*02	TGTGGGAGACTGATCGGACACAATTATGGTTTTCGCTGG	4185.42	259
1284_1_5_N04	1284_1_5_N04_TRINITY_DN16_c22_g1_i1_H	IGHV4-34*01,IGHV4-34*02	IGHJ4*02,IGHJ5*02	TGTGGGAGACTGATCGGACACAATTATGGTTTTCGCTGG	288808	259
1284_1_4_A05	1284_1_4_A05_TRINITY_DN2_c5_g1_i1_H	IGHV4-34*01,IGHV4-34*02	IGHJ4*02,IGHJ5*02	TGTGGGAGACTGATCGGACACAATTATGGTTTTCGCTGG	157841	259
1284_1_5_M06	1284_1_5_M06_TRINITY_DN2_c0_g1_i2_H	IGHV4-61*03	IGHJ1*01	TGTGCGCAGGGGACAGCTGCTACCCACGTCCACGACTGG	5065.96	260
1166_1_2_H03	1166_1_2_H03_TRINITY_DN4_c2_g1_i1_H	IGHV1-3*01	IGHJ3*02	TGTGCGAGGTATCTGGAACTGTGGGCTGCTTTTGACATATGG	76394.8	261
1166_1_2_N11	1166_1_2_N11_TRINITY_DN5_c1_g1_i1_H	IGHV3-11*01	IGHJ3*01	TGTGCGAGAGATCGGGACTACGGTAATGCTTTTGATGTCTGG	39390.7	262
1227_1_2_O03	1227_1_2_O03_TRINITY_DN1_c2_g1_i1_H	IGHV4-59*08	IGHJ3*02	TGTGCGGCCCCCCGGCTTTTGGGTAAAGCTTTTGACATCTGG	48574.3	263
1166_1_1_D14	1166_1_1_D14_TRINITY_DN2_c4_g1_i1_H	IGHV2-5*02	IGHJ3*01	TGTGCACACATCACCGGTCTCCTTGATGCTTTTGATGTCTGG	130615	264
1166_1_2_H13	1166_1_2_H13_TRINITY_DN2_c1_g2_i1_H	IGHV2-5*02	IGHJ3*01	TGTGCACACATCACCGGTCTCCTTGATGCTTTTGATGTCTGG	98338.9	264
1166_1_2_F08	1166_1_2_F08_TRINITY_DN3_c2_g1_i1_H	IGHV2-5*02	IGHJ3*02	TGTGCACGCCTAGAAAATGACTATGATGCTTTTGATATCTGG	48391.5	265
1166_1_2_C12	1166_1_2_C12_TRINITY_DN2_c2_g1_i1_H	IGHV2-5*02	IGHJ3*02	TGTGCACACGTGGCTGCTATTTATGATGCTTTTGATATCTGG	40632.4	266
1166_1_2_N13	1166_1_2_N13_TRINITY_DN0_c1_g1_i1_H	IGHV2-5*02	IGHJ3*02	TGTGCACACGTGGCTGCTATTTATGATGCTTTTGATATCTGG	31716.8	266
1166_1_2_A13	1166_1_2_A13_TRINITY_DN0_c1_g1_i1_H	IGHV2-5*02	IGHJ3*02	TGTGCACACCTCTACCCCGGATTTGATGCTTTTGATATCTGG	71727.3	267
1284_1_6_B02	1284_1_6_B02_TRINITY_DN2_c0_g2_i1_H	IGHV1-18*01	IGHJ3*02	TGTGCGACTAAGGAAGTGGGAATTGATGCTTTTCATATCTGG	6099.67	268
1166_1_2_D12	1166_1_2_D12_TRINITY_DN1_c2_g1_i1_H	IGHV3-33*01	IGHJ4*02	TGTGCGAGAGATTTGGGGAGGGTTCGGGGACTTGACTACTGG	46119	269
1166_1_2_J07	1166_1_2_J07_TRINITY_DN4_c0_g1_i1_H	IGHV1-8*01	IGHJ4*02	TGTGCGAGAGTCGGATACAGCCATGGTGATAGTGACTACTGG	9924.03	270
1166_1_2_J16	1166_1_2_J16_TRINITY_DN3_c1_g1_i1_H	IGHV1-8*01	IGHJ4*02	TGTGCGAGAGTCGGATACAGCCATGGTGATAGTGACTACTGG	21182.8	270
1166_1_2_F14	1166_1_2_F14_TRINITY_DN0_c0_g1_i2_H	IGHV1-8*01	IGHJ4*02	TGTGCGAGAGTCGGATACAGCCATGGTGATAGTGACTACTGG	1846.94	270
1166_1_2_E04	1166_1_2_E04_TRINITY_DN4_c5_g1_i1_H	IGHV1-8*01	IGHJ4*02	TGTGCGCGACGGGGCAGCTGGTACCATGACTTAGACTCCTGG	180571	271
1284_1_1_P09	1284_1_1_P09_TRINITY_DN0_c0_g1_i1_H	IGHV3-23*01,IGHV3-23*02,IGHV3-23*03	IGHJ4*02	TGTGCGAAGGAAAGGACCAGCAGCGGTTTTGACTACTGG	352.759	272
1284_1_6_K03	1284_1_6_K03_TRINITY_DN3_c2_g1_i1_H	IGHV3-23*01,IGHV3-23D*01	IGHJ4*02	TGTGCGAAAGATGGCCCGTCTCGTCCCTGGGACTACTGG	13576	273
1227_1_2_P05	1227_1_2_P05_TRINITY_DN0_c3_g1_i1_H	IGHV3-23*01,IGHV3-23D*01	IGHJ4*02	TGTGCGAAATATGACTACAGTAACTACGTCGGCTACTGG	28026.3	274
1166_1_2_O16	1166_1_2_O16_TRINITY_DN1_c0_g1_i1_H	IGHV1-18*01	IGHJ4*02	TGTGCGAGAGTCGGTTCCATGACTAAGGACTTTGACTACTGG	50247.3	275
1166_1_2_F15	1166_1_2_F15_TRINITY_DN1_c2_g1_i1_H	IGHV1-18*01	IGHJ4*02	TGTGCGAGAGTGGGTGTGAGTCTTGGAGACTTTGACTTCTGG	105379	276
1166_1_2_I02	1166_1_2_I02_TRINITY_DN1_c0_g1_i1_H	IGHV1-18*01	IGHJ4*02	TGTGCGAGAGTGGGTGTGAGTCTTGGAGACTTTGACTTCTGG	44155.1	276
1166_1_1_G09	1166_1_1_G09_TRINITY_DN1_c0_g1_i1_H	IGHV3-53*01	IGHJ4*02	TGTGCGAGAGTCGATTGGTGGGACCATAAATTTGACTCTTGG	5106.8	277
1166_1_2_C04	1166_1_2_C04_TRINITY_DN2_c3_g1_i1_H	IGHV2-70*11	IGHJ4*02	TGTGCACGGATGCGATCCCCAGGTAGTCCACTTGACTTCTGG	34120.5	278
1227_1_2_C04	1227_1_2_C04_TRINITY_DN8_c8_g1_i1_H	IGHV4-59*08	IGHJ4*02	TGTGCGAGACAGGATATAGCGAAAGCTACCCTTGACTCCTGG	99321.8	279
1227_1_2_I07	1227_1_2_I07_TRINITY_DN0_c0_g1_i1_H	IGHV4-39*01	IGHJ4*02	TGTGCGAGACAAGGGGTTATAGACCTGTGGATTGAATACTGG	187664	280
1227_1_2_K07	1227_1_2_K07_TRINITY_DN3_c0_g1_i2_H	IGHV5-10-1*01	IGHJ4*02	TGTGCGAGACTCGGAATTATAGCATCTGGTGTTGACTACTGG	2924.73	281
1227_1_3_L02	1227_1_3_L02_TRINITY_DN3_c3_g1_i1_H	IGHV1-69-2*01	IGHJ4*02	TGTGCAACAATTGCGGCGGTGACGACGAGGCTTGACTTCTGG	77396.9	282
1166_1_2_F04	1166_1_2_F04_TRINITY_DN2_c3_g1_i1_H	IGHV3-11*01	IGHJ4*02	TGTGCGAGAGTTGAGGAGTGGAGCGCCTATTTTGACTACTGG	49910.8	283
1166_1_2_D11	1166_1_2_D11_TRINITY_DN2_c2_g1_i1_H	IGHV3-11*01	IGHJ4*02	TGTGCGAGAGTTGAGGAGTGGAGCGCCTATTTTGACTACTGG	31483.3	283
1166_1_2_A02	1166_1_2_A02_TRINITY_DN1_c2_g2_i1_H	IGHV3-11*01	IGHJ4*02	TGTGCGAAACTAGAATATAGTGGCTACCACTTTGACTACTGG	53825.4	284
1166_1_2_L07	1166_1_2_L07_TRINITY_DN1_c0_g1_i1_H	IGHV3-11*01	IGHJ4*02	TGTGCGAGACATGATGAGTGGGAGCTACATCTTGACTACTGG	164185	285
1166_1_2_M16	1166_1_2_M16_TRINITY_DN2_c2_g1_i1_H	IGHV3-11*01	IGHJ4*02	TGTGCGAGAGTTAGCGAGTGGGACCTCTACTTAGACTACTGG	36360.6	286
1284_1_4_D02	1284_1_4_D02_TRINITY_DN3_c0_g1_i1_H	IGHV5-51*01	IGHJ4*02	TGTGCGAGGCACATAGCAGTGCCTGATTCTCTTGACTATTGG	6599.55	287
1227_1_3_P01	1227_1_3_P01_TRINITY_DN0_c0_g1_i3_H	IGHV5-51*03	IGHJ4*02	TGTGCGAGACTGGACGGGGGGCGGGACTACTTTGACTACTGG	5755.09	288
1227_2_3_G04	1227_2_3_G04_TRINITY_DN1_c0_g1_i2_H	IGHV1-24*01	IGHJ4*02	TGTGCCACTATGGTTCGGGGAGTTATTACCGCTCACTACTGG	5301.27	289
1284_1_3_K11	1284_1_3_K11_TRINITY_DN0_c0_g1_i2_H	IGHV3-15*01	IGHJ4*02	TGTACCACAGTGACGGTGGTAATCTCTGGGGAGGACCACTGG	3712.5	290
1166_1_2_A11	1166_1_2_A11_TRINITY_DN2_c3_g1_i1_H	IGHV3-21*01	IGHJ6*02	TGTGCGAGAGAACGGATACAGTTGAGGGGTATGGACGTCTGG	117532	291
1166_1_2_B03	1166_1_2_B03_TRINITY_DN4_c1_g1_i1_H	IGHV3-21*01	IGHJ6*02	TGTGCGAGAGAACGGATACAGTTGAGGGGTATGGACGTCTGG	76061.7	291
1284_1_4_M01	1284_1_4_M01_TRINITY_DN1_c0_g1_i1_H	IGHV3-66*01,IGHV3-66*04	IGHJ6*02	TGTGCGAGAAATAGGGCCTACTACTACGGTATGGACGTCTGG	2882.15	292
1284_1_6_C04	1284_1_6_C04_TRINITY_DN1_c8_g1_i1_H	IGHV3-30*02,IGHV3-30-5*02	IGHJ4*02	TGTGCGAAAGATGCGGTTCGGGGAGCCGCCCTTCACTACTGG	77408.2	293
1284_1_4_A03	1284_1_4_A03_TRINITY_DN1_c0_g1_i1_H	IGHV3-30*02,IGHV3-30-5*02	IGHJ4*02	TGTGCGAAAGATGCGACTCGGGGAGCCGCCCTTCACTACTGG	2605.68	293
1284_1_1_A12	1284_1_1_A12_TRINITY_DN0_c0_g1_i1_H	IGHV1-69-2*01	IGHJ6*02	TGTGCAACAGGCTTGAGTGGTTACCACGCTATGGACGTCTGG	320.357	294
1284_1_4_E03	1284_1_4_E03_TRINITY_DN0_c0_g1_i1_H	IGHV1-69*04	IGHJ4*02	TGTGCGAGAGGGTCCGAACTGGGGGAGCTCTTTGACCACTGG	6815.5	295
1227_1_2_J02	1227_1_2_J02_TRINITY_DN0_c0_g1_i1_H	IGHV1-69*02	IGHJ4*02	TGTGCGAGAGATAGGTATAGCAGCAGCTCCGGGGACTACTGG	13461.2	296
1166_1_2_M15	1166_1_2_M15_TRINITY_DN2_c1_g1_i1_H	IGHV1-69*01,IGHV1-69D*01	IGHJ4*02	TGTGCGGTTGCACCAGCTGGCACGGGTTATTTTGACTACTGG	35523.4	297
1284_1_5_E02	1284_1_5_E02_TRINITY_DN1_c0_g1_i2_H	IGHV3-48*03	IGHJ6*02	TGTGCCTCAGGTGGATTCGGGGACTACGGTATGGACGTCTGG	3310.5	298
1284_1_1_A09	1284_1_1_A09_TRINITY_DN0_c0_g1_i1_H	IGHV3-23*01,IGHV3-23D*01	IGHJ6*02	TGTGCGAGAGATGGGACTATTTCGTACGGTATGGATGTCTGG	2451.61	299
1284_1_5_A04	1284_1_5_A04_TRINITY_DN18_c20_g1_i1_H	IGHV3-23*01,IGHV3-23D*01	IGHJ6*02	TGTGCGAGAGATGGGACTATTTCGTACGGTATGGATGTCTGG	194386	299
1284_1_4_H01	1284_1_4_H01_TRINITY_DN0_c0_g1_i1_H	IGHV3-21*01	IGHJ5*02	TGTGCGAGAGATCACGGAGCAGTGGCACCCTTCGACCCCTGG	4200.39	300
1284_1_6_B04	1284_1_6_B04_TRINITY_DN2_c1_g1_i1_H	IGHV3-53*01	IGHJ2*01	TGTGCGAGTTGGAAGCACCAGCTGTTCTACTTCGATCTCTGG	17870.4	301
1284_1_1_K08	1284_1_1_K08_TRINITY_DN0_c1_g1_i1_H	IGHV4-39*01	IGHJ5*02	TGTGCGGGACGGGGTAGTGGGAGCTTCTGGTTCGACCCCTGG	23872.7	302
1284_1_6_P01	1284_1_6_P01_TRINITY_DN4_c0_g1_i1_H	IGHV2-5*02	IGHJ4*02	TGTGCACACTTCTCACCGGGAGCTTTACTCTTTGACTACTGG	18968.6	303
1284_1_4_J03	1284_1_4_J03_TRINITY_DN0_c0_g1_i1_H	IGHV2-5*02	IGHJ4*02	TGTGCACGCTACACTATATCAGGTGGGAAGTGGGACTACTGG	20011.7	304
1284_1_5_G04	1284_1_5_G04_TRINITY_DN2_c0_g1_i2_H	IGHV4-61*01	IGHJ4*02	TGTGCGAGAGATGTGGGCCGTATTGGCTACTTTGATTACTGG	4218.52	305
1227_2_1_D11	1227_2_1_D11_TRINITY_DN2_c0_g1_i1_H	IGHV3-23*01,IGHV3-23D*01	IGHJ4*02	TGTGCGAAACGTGGAACCTCCTACCGCTACTTTGACTATTGG	8817.61	306
1227_1_2_E07	1227_1_2_E07_TRINITY_DN1_c0_g1_i1_H	IGHV3-23*01,IGHV3-23D*01	IGHJ4*02	TGTGCGGCCACAGCTCTGGCCGCGGGCTATTTTGACTACTGG	7419.96	307
1284_1_5_P01	1284_1_5_P01_TRINITY_DN8_c15_g1_i1_H	IGHV3-9*01	IGHJ4*02,IGHJ5*02	TGTGCAAAGGAGGACGATAGTGGCGGCAGTCTTGACTCTTGG	87952.7	308
1284_1_6_H02	1284_1_6_H02_TRINITY_DN2_c4_g1_i1_H	IGHV3-9*01,IGHV3-9*02	IGHJ4*02,IGHJ5*02	TGTGCAAAGGAGGACGATAGTGGCGGCAGTCTTGACTCTTGG	180322	308
1284_1_6_H01	1284_1_6_H01_TRINITY_DN2_c8_g1_i1_H	IGHV3-9*01	IGHJ4*02,IGHJ5*02	TGTGCAAAGGAGGACGATAGTGGCGGCAGTCTTGACTCTTGG	112261	308
1284_1_5_A06	1284_1_5_A06_TRINITY_DN2_c7_g1_i1_H	IGHV3-9*01	IGHJ4*02,IGHJ5*02	TGTGCAAAGGAGGACGATAGCGGCGGCAGTCTTGACTCTTGG	81117.3	308
1284_1_5_F05	1284_1_5_F05_TRINITY_DN6_c0_g1_i1_H	IGHV4-31*03	IGHJ4*02	TGTGCAAGAGTCGATTTCCTACGGGGCCCCCTTAAGTACTGG	247853	309
1284_1_5_C05	1284_1_5_C05_TRINITY_DN0_c0_g1_i1_H	IGHV4-31*03	IGHJ4*02	TGTGCAAGAGTCGATTTCCTACGGGGCCCCCTTAAGTACTGG	1640.66	309
1284_1_1_F01	1284_1_1_F01_TRINITY_DN0_c0_g1_i1_H	IGHV4-31*02,IGHV4-31*03	IGHJ4*02	TGTGCAAGAGTCGATTTCCTACGGGGCCCCCTTAAGTACTGG	3367.88	309
1166_1_2_G12	1166_1_2_G12_TRINITY_DN2_c4_g1_i1_H	IGHV4-31*03	IGHJ4*02	TGTGCGAGGGAGGACATAGTGGCTCGTCCCTTTGACCACTGG	70306.1	310
1166_1_2_B06	1166_1_2_B06_TRINITY_DN3_c4_g1_i1_H	IGHV4-31*03	IGHJ4*02	TGTGCGAGGGAGGACATAGTGGCTCGTCCCTTTGACCACTGG	91467.6	310
1284_1_5_D05	1284_1_5_D05_TRINITY_DN1_c0_g1_i1_H	IGHV3-48*02	IGHJ4*02	TGTGTGAGAGACGGTGGGGGCTACTACTACTTTGACTACTGG	14273.3	311
1284_1_6_J01	1284_1_6_J01_TRINITY_DN0_c0_g1_i1_H	IGHV1-18*01	IGHJ1*01	TGTGCGAGAGATCCTGGCTACGGTGGTAACCCTGAGGACTGG	2453.85	312
1166_1_2_N03	1166_1_2_N03_TRINITY_DN2_c1_g1_i1_H	IGHV1-46*01	IGHJ4*02	TGTGCGAGAGACAGGTTCCCCGCCCGTCACTTTGATGCCAGTGGTCTCGCCTACTGG	28395.3	313
1166_1_2_A10	1166_1_2_A10_TRINITY_DN3_c0_g1_i1_H	IGHV1-46*01	IGHJ4*02	TGTGCGAGAGACAGGTTCCCCGCCCGTCACTTTGATGCCAGTGGTCTCGCCTACTGG	69132.4	313
1227_1_3_A03	1227_1_3_A03_TRINITY_DN0_c0_g1_i1_H	IGHV4-31*03	IGHJ4*02	TGTGCGAGAGGTCCTGGCGCAGCGAGGAGCTACCCCGTTCTTCTATTTGACTACTGG	7561.82	314
1227_1_3_J01	1227_1_3_J01_TRINITY_DN2_c0_g1_i1_H	IGHV1-2*02	IGHJ4*02	TGTGCGAGGGCGGATTATGATTACGTTTGGGGGAGTTATCGTTATCTTGACTACTGG	15847.1	315
1227_1_2_P04	1227_1_2_P04_TRINITY_DN1_c0_g1_i1_H	IGHV4-61*03	IGHJ4*02	TGTGCGAGGGACAGATATTACGATTTCTGGAGTGGTAATGGATACCTTGACAACTGG	1083.86	316
1284_1_2_A02	1284_1_2_A02_TRINITY_DN0_c0_g1_i1_H	IGHV3-30-3*01	IGHJ4*02	TGTGCGAGAGATGAGGGGTCTCCTTATACCAGTGGCTGGTACTACTTTGACTACTGG	6601.77	317
1227_2_3_N01	1227_2_3_N01_TRINITY_DN0_c0_g1_i1_H	IGHV3-53*04	IGHJ4*02	TGTGCGAGAGCCCAATATGGTTCGGGGAGTTATCACATCAACTACTTTGACTACTGG	8088.55	318
1284_1_4_O02	1284_1_4_O02_TRINITY_DN0_c0_g1_i1_H	IGHV1-69*06	IGHJ4*02	TGTGCGAGAGATGGAGGATATTGTAGTACTACCAGCTGCTTACCCTTTGACTACTGG	8706.72	319
1284_1_3_I02	1284_1_3_I02_TRINITY_DN0_c0_g1_i1_H	IGHV3-9*01	IGHJ4*01,IGHJ4*02	TGTGCAAAGTCCTTGAGCAAGCTAGCCCTGTCTGGTGCGAATTACTTTGACTATTGG	8722.53	320
1284_1_6_M01	1284_1_6_M01_TRINITY_DN2_c0_g1_i1_H	IGHV3-21*01	IGHJ4*02	TGTGCGAGGATATATTGTAGTAGTAGTAGCTGCTTCCGAAACTACTTTGACTACTGG	14797.9	321
1284_1_1_M03	1284_1_1_M03_TRINITY_DN1_c0_g1_i1_H	IGHV1-18*04	IGHJ4*02	TGTGCGAGAGATCGCGGGTATAGCGGCCTATGGGTTATAAAGGACTTCGAGTACTGG	1097.41	322
1227_1_2_F02	1227_1_2_F02_TRINITY_DN0_c0_g1_i1_H	IGHV4-39*01	IGHJ5*02	TGTGCGAGACAAGTGGCGGGGTGGATGGCGAACAGACGCAACTGGTTCGACCCCTGG	5058.36	323
1227_2_2_I08	1227_2_2_I08_TRINITY_DN1_c1_g1_i1_H	IGHV3-48*01	IGHJ5*02	TGTGCGAGACGACACTGTAGTAGTACCAGCTGCTACTATAACTGGTTCGACCCCTGG	17168	324
1227_1_2_J05	1227_1_2_J05_TRINITY_DN3_c1_g2_i1_H	IGHV1-69*02	IGHJ5*01	TGTGCGACGTCTGTTAGAATACTTCGGGGAATTATTACAAACTACTTCGACTCCTGG	74513.2	325
1166_1_2_F05	1166_1_2_F05_TRINITY_DN3_c0_g1_i1_H	IGHV1-69*04	IGHJ5*02	TGTGCGAGAGAAAGGGCTCGTATTGTAATAATACCTTATAACTGGTTCGACCTCTGG	59937.5	326
1227_1_1_G08	1227_1_1_G08_TRINITY_DN0_c0_g1_i3_H	IGHV3-53*02	IGHJ5*02	TGTGCGAGGGCCGGATATAGTGGCTACGATTTTACTACCTTGGTATTCGACCCCTGG	4743.19	327
1284_1_5_N06	1284_1_5_N06_TRINITY_DN2_c0_g1_i3_H	IGHV3-23*04	IGHJ5*02	TGTGCGACGAAGGGGGGTCATGACTACGGTGACTACGACAACTGGTTCGACCCCTGG	8500.84	328
1166_1_2_A12	1166_1_2_A12_TRINITY_DN2_c1_g1_i1_H	IGHV3-30*18,IGHV3-30-5*01	IGHJ6*02	TGTGCGAAAGACTATTACTATGGTGTGCGACGTTTTAGGGGGGGCATGGACGTCTGG	125148	329
1166_1_2_N07	1166_1_2_N07_TRINITY_DN3_c3_g2_i1_H	IGHV1-18*01,IGHV1-18*04	IGHJ1*01	TGTGCGAGAGGTCGCCCGACGCTGCATAGCAGTGGCCTTCAATACTTCCAATACTGG	87335.2	330
1166_1_2_C11	1166_1_2_C11_TRINITY_DN3_c2_g1_i1_H	IGHV1-18*04	IGHJ1*01	TGTGCGAGAGGTCGCCCGACGCTGCATAGCAGTGGCCTTCAATACTTCCAATACTGG	105228	330
1166_1_2_H08	1166_1_2_H08_TRINITY_DN0_c1_g1_i1_H	IGHV1-18*04	IGHJ1*01	TGTGCGAGAGGTCGCCCGACGCTGCATAGCAGTGGCCTTCAATACTTCCAGTACTGG	51852.6	330
1227_1_2_J04	1227_1_2_J04_TRINITY_DN7_c9_g1_i1_H	IGHV1-46*03	IGHJ6*02	TGTACTAGGGCGAAATTTCCTCATTTTTACCACTACCAATACTCCATGGACGTCTGG	104204	331
1227_1_2_O07	1227_1_2_O07_TRINITY_DN0_c0_g1_i1_H	IGHV1-69*01,IGHV1-69D*01	IGHJ6*02	TGTGCGAGAGCCAGGGGGAGCCACCCTCCGCGGTGGTACTACGGTATGGACATCTGG	106760	332
1284_1_4_H03	1284_1_4_H03_TRINITY_DN0_c0_g1_i1_H	IGHV3-49*05	IGHJ6*02	TGTACTAGACGCCATGATAATACTATCTCCTACAACTACTACGGGATGGACGTCTGG	2373.19	333
1227_1_1_H05	1227_1_1_H05_TRINITY_DN3_c0_g1_i1_H	IGHV3-74*03	IGHJ6*02	TGTGTAAGAGGTGCCCGTGCACCGCAGGCCTATTATTATAACGGATTGGACGTCTGG	5719.5	334
1284_1_6_M03	1284_1_6_M03_TRINITY_DN1_c0_g1_i1_H	IGHV3-33*01	IGHJ6*02	TGTGCGAGAGACGACAGTGGGAGCCAAACTCCCTACTACTACGGTATGGACGTCTGG	4847.06	335
1227_1_2_P07	1227_1_2_P07_TRINITY_DN3_c3_g1_i1_H	IGHV3-33*01	IGHJ6*02	TGTGCGAGAGATTTGATACAGCTATGGTCTCACCTCCACAGGGGTATGGACGTCTGG	98006.9	336
1227_1_2_L01	1227_1_2_L01_TRINITY_DN0_c0_g1_i1_H	IGHV3-33*01,IGHV3-33*06	IGHJ3*02	TGTGCGACTTCGTATTACTATGATAGTAGTGGTACTCTTTTTGCTTTTGATATCTGG	1388.71	337
1284_1_5_A02	1284_1_5_A02_TRINITY_DN2_c0_g1_i1_H	IGHV4-59*08	IGHJ6*02	TGTGTGAGACATAGATATTGCAGTGGTGGAAGCTGCTCCTTGGCTATGGACGTCTGG	2759.92	338
1284_1_4_B01	1284_1_4_B01_TRINITY_DN1_c0_g1_i3_H	IGHV3-9*01	IGHJ3*02	TGTGTAAAAAGTACAGCAGCAGTCTTCGATGACCCCTATGATGCTTTTGATATGTGG	2939.45	339
1284_1_5_I04	1284_1_5_I04_TRINITY_DN2_c0_g1_i1_H	IGHV3-73*02	IGHJ3*02	TGTACTAGTCATTACCTCCCCATAGCAGCGGCTACTACGGGGGCTTTTGATATCTGG	12557.7	340
1284_1_6_G02	1284_1_6_G02_TRINITY_DN1_c0_g1_i2_H	IGHV1-69*01,IGHV1-69*06,IGHV1-69D*01	IGHJ2*01	TGTGCGAGAGGGCGCTCTGATAGTAGTGGATACTCAACCGTCTTCTTCGATCTCTGG	7908.79	341
1166_1_2_E02	1166_1_2_E02_TRINITY_DN3_c2_g1_i1_H	IGHV2-70D*04	IGHJ6*02	TGTGCACGGATGGTTCCGTTTGGCAGTGGCTGGTTTGGCTTCTACTACGGTATGGACGTCTGG	27760.8	342
1166_1_2_G10	1166_1_2_G10_TRINITY_DN4_c2_g1_i1_H	IGHV3-72*01	IGHJ6*02	TGTGTTAGAGAGGGGATATTAAAAGTGTTCGGGGGCAACTACTACTACGGTATGGACGTCTGG	100636	343
1166_1_2_O11	1166_1_2_O11_TRINITY_DN1_c2_g1_i1_H	IGHV3-11*01	IGHJ6*02	TGTGCGAGAATGGGGGCCGGTGACTCCGGGGATTACTACTACTACGACGGTATGGACGTCTGG	148505	344
1166_1_2_N15	1166_1_2_N15_TRINITY_DN0_c0_g1_i1_H	IGHV1-69*04	IGHJ6*02	TGTGCGAGAGATTTGTATATTGTAGTACTACCAGAGCCCTACTATTACGGTATGGACGTCTGG	1130.67	345
1166_1_2_J10	1166_1_2_J10_TRINITY_DN2_c3_g1_i1_H	IGHV1-8*01	IGHJ6*02	TGTGCGAGAGTCCCGGGCACTCATAGCGGCTCTCTCTACTACTACCACGGTATGGACGTCTGG	185453	346
1284_1_6_E03	1284_1_6_E03_TRINITY_DN1_c0_g2_i1_H	IGHV1-2*02,IGHV1-2*04	IGHJ6*02	TGCGCGCGAGCCGGATTTTGTCATAATAGGCCCTGCTATGGGCGCTATGGTATGGACGTCTGG	12892	347
1166_1_2_N08	1166_1_2_N08_TRINITY_DN1_c0_g1_i1_H	IGHV3-23*01,IGHV3-23D*01	IGHJ4*02	TGTGCGAAATACGCTGTTCGGTATACCAGTGGCTGGCCACACGTTTACTACTTTGACTTGTGG	11089.8	348
1227_1_3_D02	1227_1_3_D02_TRINITY_DN1_c0_g1_i2_H	IGHV1-69*01,IGHV1-69D*01	IGHJ4*02	TGTGCGATAGAAACGTATTACTATGATAGTAGTGGTTACCGAACCGAGCTTGCTGACTACTGG	228.019	349
1284_1_4_J02	1284_1_4_J02_TRINITY_DN0_c0_g1_i1_H	IGHV4-34*01	IGHJ4*02	TGTGCGAGGCTTGCACAATGGCGTGGCAACTCCTGGGCGACGCTAGTCTACTTTGACTACTGG	6008.87	350
1166_1_2_E03	1166_1_2_E03_TRINITY_DN0_c2_g1_i1_H	IGHV3-9*01	IGHJ3*02	TGTGCAAAAGATAGGTTCTATGATAGTAGTGGTTATCTCCTGGGGATAGGTTTTGATATGTGG	95594.4	351
1284_1_5_H06	1284_1_5_H06_TRINITY_DN1_c0_g1_i1_H	IGHV3-64D*06	IGHJ4*02	TGTGTGAAAGATACGGGATACCAGCTGATATTTTCAGGAGGACTTAACTACTTTGACTACTGG	6509.12	352
1227_2_2_J02	1227_2_2_J02_TRINITY_DN1_c2_g1_i1_H	IGHV5-10-1*03	IGHJ5*02	TGTGCGAGACGTTATTGTAGTAGTGACGACTGCTATACGGGGGGCGACGGGTTCGACCCCTGG	26229.4	353
1166_1_2_P05	1166_1_2_P05_TRINITY_DN1_c1_g1_i1_H	IGHV1-18*01,IGHV1-18*04	IGHJ4*02	TGTGCGAGAGAGCCGGGCCGTATAGGTTATAGTAGCAGCTGGTACGACTTTGACTACTGG	30494.6	354
1166_1_2_L02	1166_1_2_L02_TRINITY_DN3_c1_g1_i1_H	IGHV3-9*01	IGHJ4*02	TGTGCAAAAGTGTTTTACTATGATAGTAATGGTTACACCCCGTATTACTTTGACTACTGG	65406.1	355
1166_1_2_K11	1166_1_2_K11_TRINITY_DN3_c2_g1_i1_H	IGHV1-69*01,IGHV1-69D*01	IGHJ4*02	TGTGCGAGAGCCCATTTCTATGATAGTACTGGTTATTACCTTTCTTACTTTGACTACTGG	122623	356
1166_1_2_B09	1166_1_2_B09_TRINITY_DN1_c0_g1_i1_H	IGHV3-21*01	IGHJ4*02	TGTGCGAGAGATTATGAGGCATATAGCAGTCACGGTAGTCGGTCTGCTTTTGACTCCTGG	1125.38	357
1166_1_2_D10	1166_1_2_D10_TRINITY_DN5_c0_g2_i1_H	IGHV3-30-3*01	IGHJ4*02	TGTGCGCGAGATTTTTCCGCGATTTTTGGAGTGGTTCCGGAATACTACTTTGACCACTGG	111544	358
1166_1_2_P11	1166_1_2_P11_TRINITY_DN5_c1_g1_i1_H	IGHV3-30-3*01	IGHJ4*02	TGTGCGAGAGAAGAACGGATGATAGTAGTAATTATCCCAATGGAAGCCTTTGACTACTGG	214688	359
1227_1_2_G07	1227_1_2_G07_TRINITY_DN1_c0_g1_i2_H	IGHV5-51*03	IGHJ4*02	TGTGCGAAAACCCCTTATGATAGTAGTGGTTATTTACCCCTCTACTACTTTGACTACTGG	2165.86	360
1166_1_2_O03	1166_1_2_O03_TRINITY_DN3_c1_g1_i1_H	IGHV3-33*01	IGHJ3*02	TGTGCGAGAGATCGATTTCCGTATAACACCAACTGGAGATGGGCTGCTTTTGATATCTGG	34693	361
1166_1_2_C10	1166_1_2_C10_TRINITY_DN1_c1_g1_i2_H	IGHV1-69*01,IGHV1-69D*01	IGHJ3*02	TGTGCGAGGTACTGTGGTGGTGACTGCTATACAGGGCCACGCCATGCTTTTGATATCTGG	2281.15	362
1227_1_2_I05	1227_1_2_I05_TRINITY_DN7_c11_g1_i1_H	IGHV1-2*02	IGHJ3*01	TGCGCGAGAATTCGAGCAGCAGCTGGTAAATTGGTGACGTTTGGGGCTTTTGATGTCTGG	286166	363
1166_1_2_P03	1166_1_2_P03_TRINITY_DN1_c2_g1_i1_H	IGHV1-18*01	IGHJ6*02	TGTGCGAGAGATCGACTGAAACTACGGAGGGGCTACTTCTACTATGGGATGAACGTCTGG	55047.1	364
1166_1_2_F07	1166_1_2_F07_TRINITY_DN2_c0_g1_i1_H	IGHV3-9*01	IGHJ6*02	TGTGCAAGAGATAAACTCCCGTATACCACCTCGTCCTATCACTTCGCTATGGACGTCTGG	83385.8	365
1166_1_2_B10	1166_1_2_B10_TRINITY_DN2_c0_g1_i1_H	IGHV3-9*01	IGHJ6*02	TGTGCAAGAGATAAACTCCCGTATACCACCTCGTCCTATCACTTCGCTATGGACGTCTGG	175991	365
1166_1_2_F02	1166_1_2_F02_TRINITY_DN1_c0_g1_i1_H	IGHV2-70*11	IGHJ6*02	TGTGCACGAACACCTGTGGATTACTCTGGTTCGGGGGGGTTGGTCGGTATGGACGTCTGG	1289.97	366
1166_1_2_G04	1166_1_2_G04_TRINITY_DN2_c2_g1_i1_H	IGHV2-70*11	IGHJ6*02	TGTGCACGAACACCTGTGGATTACTCTGGTTCGGGGGGGTTGGTCGGTATGGACGTCTGG	49923.3	366
1284_1_4_C03	1284_1_4_C03_TRINITY_DN0_c0_g1_i1_H	IGHV3-23*04	IGHJ6*02	TGTGCGAAATTCACCTTGGCTGGAAATAGGGGCTACTACTACTTTGGTATGGACGTCTGG	1119.49	367
1284_1_6_E04	1284_1_6_E04_TRINITY_DN3_c8_g1_i1_H	IGHV1-69*06	IGHJ6*02	TGTGCGAGACTTCCTTCGTCTTTCGATTCTTGGAGTGGTAACAAAATTATGGAGGTCTGG	114359	368
1284_1_6_A04	1284_1_6_A04_TRINITY_DN3_c9_g1_i1_H	IGHV1-69*06	IGHJ6*02	TGTGCGAGACTTCCTTCGTCTTTCGATTCTTGGAGTGGTAACAAAATTATGGAGGTCTGG	104220	368
1227_1_3_I01	1227_1_3_I01_TRINITY_DN8_c2_g1_i1_H	IGHV4-59*01	IGHJ3*02	TGTGCGAAATTAAGTGTTCTTCTACCAGCTATAATCACCCACGACGCATTTGATATGTGG	55134	369
1166_1_2_B14	1166_1_2_B14_TRINITY_DN0_c0_g1_i1_H	IGHV4-31*03	IGHJ2*01	TGTGCGAGAGATCGGTGGAACGGGGGAATAGCAGCCTCCCCGTGGTACTTCGATCTCTGG	1405.69	370
1166_1_2_B13	1166_1_2_B13_TRINITY_DN7_c6_g1_i1_H	IGHV1-69*04	IGHJ2*01	TGTGCGAGAGGGGTGATTAGGGCACTGGCTGGTAGGGAGGTCTGGTACTTCGATCTCTGG	133060	371
1284_1_4_D03	1284_1_4_D03_TRINITY_DN1_c0_g1_i1_H	IGHV3-20*01	IGHJ4*02,IGHJ5*02	TGTGCGAGAGATTATTACTATGATAGTAGTGGAAATTCCCAACTTCCCCCTGCATATTGG	7778.46	372
1284_1_4_L04	1284_1_4_L04_TRINITY_DN0_c0_g1_i1_H	IGHV3-23*01,IGHV3-23*04,IGHV3-23D*01	IGHJ4*02	TGTGCGAAGGGGGCAGGCAATATACCAGCTGCTATGAGGAGGGGATACTTTGACTACTGG	10612.6	373
1284_1_1_E04	1284_1_1_E04_TRINITY_DN0_c0_g1_i1_H	IGHV2-5*02,IGHV2-5*06	IGHJ4*02	TGTGCACACACAGACCCCTCCGGGTATAGTAGTGGCTGGTACACTTACTTTGACAACTGG	1532.33	374
1166_1_2_I04	1166_1_2_I04_TRINITY_DN0_c1_g1_i1_H	IGHV1-69*01,IGHV1-69D*01	IGHJ4*02	TGTGCGACAGACTATAGGGGTCGAATGGACTCCAAGTATAGCAGTGCGTGGTACGCGTGCTTTGCTTACTGG	16930.4	375
1227_1_2_H08	1227_1_2_H08_TRINITY_DN1_c1_g1_i1_H	IGHV3-33*01,IGHV3-33*05	IGHJ4*02	TGTGTGAGAGATACTTCACGATATTTTGACTGGGCATTATCCCAAGAGGGCGAGTTCTACTTTGACTTCTGG	46651.6	376
1284_1_3_K06	1284_1_3_K06_TRINITY_DN1_c0_g1_i1_H	IGHV4-34*01	IGHJ4*02	TGTGCGAGAGGCTTCATTTTTGCCCCTGGATACTTCTTTGGTCGACCCCAGCCACACTACTATGACTCCTGG	2026.19	377
1166_1_2_E13	1166_1_2_E13_TRINITY_DN4_c3_g1_i1_H	IGHV1-24*01	IGHJ6*02	TGTGCATCAGGGCCTAGGGGTGACCCCGACTCTAGGGTGATTTTCCACCACTACTACGGTATGGACGTCTGG	87514.4	378
1284_1_5_H04	1284_1_5_H04_TRINITY_DN2_c0_g1_i1_H	IGHV3-30*02,IGHV3-30-5*02	IGHJ4*02	TGTGCGAAAGATATGTCGGCTGTAGTACCACCAATTGCTATAACCTACTTTGACTACTGG	11805.3	379
1227_1_2_E02	1227_1_2_E02_TRINITY_DN4_c2_g1_i1_H	IGHV3-30*03	IGHJ4*02	TGTGCGAGAGGGTGGGGAGATACTGGGGGTTATTCCTCCTCCGCCGACTTTGACTACTGG	82355.3	380
1166_1_2_C05	1166_1_2_C05_TRINITY_DN4_c2_g2_i1_H	IGHV3-9*01	IGHJ6*02	TGTGCAAGAGCACCTTTCGATTTTTTGACTGGTTCTTATATAGTGGGGTGCTACTACGGCATGGACGTCTGG	81162.5	381
1227_1_2_O06	1227_1_2_O06_TRINITY_DN0_c0_g1_i1_H	IGHV3-15*01	IGHJ6*02	TGCAATATTGACGTCTTCCTAAGTCCTAGTGATGCTGGCGATTACTATTACTCCCACGCTATGGACGTCTGG	4451.25	382
1284_1_6_E02	1284_1_6_E02_TRINITY_DN2_c3_g1_i1_H	IGHV4-34*01	IGHJ5*01,IGHJ5*02	TGTGCGCGAGCAATCACCCTAATACGTGGATACAGCTTTGGGAGAGCCCCGTCCAACTGGATCGACTCCTGG	27426.5	383
1166_1_2_M11	1166_1_2_M11_TRINITY_DN1_c2_g1_i1_H	IGHV3-30*03,IGHV3-30-3*01	IGHJ5*02	TGTGCGAGACCCCGATTTCCCGCAGCCCACCGAATTACTTTGATGACTCCCGCTGCCTGGTTCGACCCCTGG	49889.4	384
1284_1_6_C03	1284_1_6_C03_TRINITY_DN0_c0_g1_i1_H	IGHV4-39*01	IGHJ3*02	TGTGCGAGACGCCCCTCTCAAACTATGGTTCGGGGAGTTATTATAATAGAACGAGGTGCTTTTGATATCTGG	5301.46	385
1166_1_2_K10	1166_1_2_K10_TRINITY_DN2_c3_g1_i1_H	IGHV2-70*11	IGHJ6*02	TGTGCACGGATTCGGGTTCAAGTAGTTCCAGCTGACAGTCCCAACCCCGGTAATGTGTCGAGCTATGACTACTACTACTACGGTATAGACGTCTGG	53859.4	386
1166_1_2_G05	1166_1_2_G05_TRINITY_DN2_c1_g1_i1_H	IGHV2-70*01	IGHJ6*02	TGTGCACGGATACCTATAGTGGGACCTACTCCAACATCCTACTACTACTACGCTATGGACGTCTGG	60232.8	387
1166_1_2_E10	1166_1_2_E10_TRINITY_DN3_c0_g2_i1_H	IGHV3-30*01,IGHV3-30*06,IGHV3-30*11	IGHJ6*02	TGTGCGAGAGATAATTGTGATGGTACCGTCTGTGACTTCTACTACTATTACGGTATTGACGTCTGG	38912.5	388
1166_1_2_F10	1166_1_2_F10_TRINITY_DN3_c2_g1_i1_H	IGHV3-30*01	IGHJ6*02	TGTGCGAGAGAGAGGTACCATGATGGTAGTGGTTATTGGGACTACTACTACGGTATGGACGTCTGG	79975.5	389
1227_1_3_D01	1227_1_3_D01_TRINITY_DN4_c2_g1_i1_H	IGHV1-46*01,IGHV1-46*02,IGHV1-46*03	IGHJ6*02	TGTGCCAGAGATCGGGATGTTGTGCTAATACCGGGTGGTATGCCCCACTACGGTATGGACGTCTGG	95993.2	390
1227_1_2_H05	1227_1_2_H05_TRINITY_DN6_c0_g1_i1_H	IGHV3-53*01,IGHV3-53*02	IGHJ6*02	AGTGCGCGGGAATCTATGGCTCGGGGAGTTGTTGATTCCTACTACTATTACTCTATGGACGTCTCG	49701.9	391
1227_1_2_B07	1227_1_2_B07_TRINITY_DN3_c7_g2_i1_H	IGHV3-53*01,IGHV3-53*02	IGHJ6*02	TGTGCGCGGGAATCTATGGCTCGGGGAGTTGTTGTTTCCTACTACTATTACTCTATGGACGTCTGG	81634.9	391
1227_1_2_L07	1227_1_2_L07_TRINITY_DN4_c6_g1_i1_H	IGHV1-69*01,IGHV1-69D*01	IGHJ6*02	TGTGCGAGGCGTCGCCATATAGAAGCTCCTGTTTCCTCGAGGTACTACTACGCTATGGACGTCTGG	112610	392
1227_1_2_L04	1227_1_2_L04_TRINITY_DN1_c10_g1_i1_H	IGHV1-69*01,IGHV1-69*12,IGHV1-69*13	IGHJ6*02	TGTGCGAAAGCGGGGGGGGACTACAGCTATGCCCGGCCGAGGTACTACTACGGTATGGACGTCTGG	58205.1	393
1227_1_1_K05	1227_1_1_K05_TRINITY_DN1_c0_g1_i2_H	IGHV3-30*18,IGHV3-30-5*01	IGHJ6*02	TGTGCGAAAGTTCGTTTATATTGTGCTAGTACCAGCTGCCAGAGCTACCACTACCACGGTATGGACGTCTGG	2447	394
1227_1_1_H12	1227_1_1_H12_TRINITY_DN1_c0_g1_i1_H	IGHV3-30*18,IGHV3-30-5*01	IGHJ6*02	TGTGCGAAGGTACATTGTAGTAGTACCAGCTGCTATCCCAATTACTACTACTACTACGGTATGGACGTCTGG	1530.4	395
1227_1_3_J02	1227_1_3_J02_TRINITY_DN2_c3_g1_i1_H	IGHV3-30*18,IGHV3-30-5*01	IGHJ6*02	TGTGCGAAAGATCTGGACCTCGGCATTTTGACTGGTTTTTCTTATTACTACTACTACGGTATGGACGTCTGG	15958	396
1166_1_2_P10	1166_1_2_P10_TRINITY_DN1_c0_g1_i1_H	IGHV3-30*18,IGHV3-30-5*01	IGHJ6*02	TGTGCGAAAGATCGTCATTACTATGATAGTAGTGGTTATTATCATTACTACTACTACGGTATGGACGTCTGG	1808.04	397
1284_1_4_N04	1284_1_4_N04_TRINITY_DN2_c0_g1_i1_H	IGHV4-34*01	IGHJ6*02	TGTGCGAGGCTTTTGGGGGGGTTCGGGGAGTCACGGCGCTACTACTTCTACTCTATGGACGTCTGG	3264.05	398
1166_1_2_A06	1166_1_2_A06_TRINITY_DN1_c1_g1_i1_H	IGHV1-3*01	IGHJ4*02	TGTGCGAGAGTGAGATTCGCCCTAAAATTTACTTTTGGGGGAGTCTCAGTTGCGCTTGAGTACTGG	69034.9	399
1166_1_2_L13	1166_1_2_L13_TRINITY_DN1_c0_g1_i1_H	IGHV4-61*01,IGHV4-61*08	IGHJ4*02	TGTGCGAGAGTTCATTGGAATTATTACGATCTTTTGACTGGTTACTACTACTACTTTGACTACTGG	56410.6	400
1166_1_2_C02	1166_1_2_C02_TRINITY_DN2_c2_g2_i1_H	IGHV4-39*01	IGHJ4*02	TGTGTGAGACATACCCCGCCGATTGTTGTGGACGTAGGTCCTTTGACCCATCCGGCGGACTACTGG	106970	401
1166_1_2_O04	1166_1_2_O04_TRINITY_DN2_c3_g1_i1_H	IGHV3-11*01	IGHJ6*02	TGTGCGAGAGACCGGTTTCCCAAGAGACCCAGGGGGTCCATCTACTATTATGGTATGGACGTCTGG	157242	402
1166_1_1_O20	1166_1_1_O20_TRINITY_DN2_c4_g1_i1_H	IGHV3-49*03	IGHJ5*02	TGTGCTAGAGATCTGGCGGGTGACAGTCCGCGTTACGGTGACTACGTTGGGTGGTTCGACCCCTGG	111952	403
1166_1_1_O04	1166_1_1_O04_TRINITY_DN0_c0_g1_i1_H	IGHV3-49*02,IGHV3-49*03,IGHV3-49*04	IGHJ5*02	TGTGCTAGAGATCTGGCGGGTGACAGTCCGCGTTACGGTGACTACGTTGGGTGGTTCGACCCCTGG	52.2554	403
1166_1_2_C06	1166_1_2_C06_TRINITY_DN2_c2_g1_i1_H	IGHV3-30*01,IGHV3-30*03,IGHV3-30*04	IGHJ5*02	TGTGCGAGAGATTCTAGACCTTATTGTAGTAGTACCAACTGCCCACTAAGGGGGTTCGACCCCTGG	92757.3	404
1284_1_4_J04	1284_1_4_J04_TRINITY_DN1_c0_g1_i1_H	IGHV3-23*04	IGHJ1*01	TGTGCGAAAGATACAGGTGACACGATGTTTGGATTGATTCTTATGCGGGGATACTTCCAACACTGG	4120.37	405
1166_1_2_E09	1166_1_2_E09_TRINITY_DN2_c0_g2_i1_H	IGHV1-8*01,IGHV1-8*02	IGHJ6*02	TGTGTGAGAGTGACCCCTGTAATACGATTTTTGGAGTGGTTTTCTACAGCCCCGGCCTACGGTATGGACGTCTGG	98736.4	406
1227_1_1_A18	1227_1_1_A18_TRINITY_DN0_c0_g1_i8_H	IGHV4-59*01	IGHJ6*02	TGTGCGAGAGATTGGCGAGGAGCGGCGGTAGGTGCTGACACGTATTCTTACTACCGACATGGTTTGGACGTCTGG	8522.02	407
1227_1_3_E02	1227_1_3_E02_TRINITY_DN5_c5_g1_i1_H	IGHV4-59*01	IGHJ6*02	TGTGCGAGAGATTGGCGAGGAGCGGCGGTAGGTGCTGACACGTATTCTTACTACCGACATGGTTTGGACGTCTGG	62608.6	407
1227_1_2_G03	1227_1_2_G03_TRINITY_DN2_c6_g1_i1_H	IGHV4-59*01	IGHJ6*02	TGTGCGAGAGATTGGCGAGGAGCGGCGGTAGGTGCTGACACGTATTCTTACTACCGACATGGTTTGGACGTCTGG	60729.9	407
1227_1_2_K01	1227_1_2_K01_TRINITY_DN0_c4_g1_i1_H	IGHV1-18*01	IGHJ6*02	TGTGCGAGACTGGGGATAACTCTGGTTCGGGGAGCTGCAATATCTCACTTCTTTTACAAGGGAATGGACGTCTGG	83761.4	408
1284_1_5_F03	1284_1_5_F03_TRINITY_DN2_c0_g1_i2_H	IGHV1-69*06	IGHJ4*02	TGTGCGAGAGCCCAAGAGGTGGCCCGTCTCTTTGATGGGACCTACCGGTGGTTCTCTGACTCCTGG	5690.14	409
1227_1_2_F01	1227_1_2_F01_TRINITY_DN1_c0_g1_i1_H	IGHV1-69*11,IGHV1-69*12	IGHJ4*02	TGTGCGAGACCTCTTTTTTATTACGATACTAGTGATTATCGATTCGGGGACCCCTTTCACTACTGG	690.222	410
1166_1_2_L10	1166_1_2_L10_TRINITY_DN3_c1_g2_i1_H	IGHV1-69*11	IGHJ4*02	TGTGCGAGCGGCGTTCTCAGGTATTACGATCTTTTGACTGGTTATTCACACGTTGATGACAACTGG	106813	411
1227_1_2_D03	1227_1_2_D03_TRINITY_DN7_c9_g1_i1_H	IGHV1-3*01	IGHJ6*02	TGTGCGAGAGCACGGGAGTATTACTATGATACCAGTGGTTATTATCGCCACAATTACTTCGGTATGGACGTCTGG	44732.4	412
1284_1_5_D04	1284_1_5_D04_TRINITY_DN1_c0_g1_i1_H	IGHV2-70*01	IGHJ2*01	TGTGCACGGATGTTCGATATGACTATAATTAGTGGGTCCATCAGTGGGACAATTAATTTGGCCTTCGATCTCTGG	2060.69	413
1166_1_2_D14	1166_1_2_D14_TRINITY_DN4_c1_g1_i1_H	IGHV4-39*01,IGHV4-39*02	IGHJ3*02	TGTGCGTGGGGTGTAAAACGTGTCACTAGGCTTCGGGGAGTTATTGCGGTCGTGGAAGGAGATGCTTTTGATATCTGG	74734.4	414
1284_1_5_D02	1284_1_5_D02_TRINITY_DN1_c0_g1_i1_H	IGHV3-21*01	IGHJ6*02	TGTGCGAGAGACCCTACCCAGATTACTATGGTTCGGGGAGTTACCTCCTACTACTACTACGGTATGGACGTCTGG	10597.3	415
1166_1_2_M14	1166_1_2_M14_TRINITY_DN1_c0_g1_i1_H	IGHV3-49*04	IGHJ6*02	TGTTGTCGAACTCCTGGACCTCGATTAGACTTTGATAGTAGTACTTCCGAACCCTCTTACTTCTACTACTACGGAATCGATGTCTGG	1285.98	416
1227_1_3_K01	1227_1_3_K01_TRINITY_DN4_c11_g1_i1_H	IGHV1-69*08	IGHJ4*01,IGHJ4*02	TGTGCGAGAGGCGTTGGGATTCTTGACTACTGG	171805	417
1284_1_5_J01	1284_1_5_J01_TRINITY_DN2_c0_g1_i1_H	IGHV3-21*01	IGHJ4*02	TGTGCGAGAGATAATGAGAGATGGGGCTACTGG	14813.6	418
1284_1_6_O04	1284_1_6_O04_TRINITY_DN0_c0_g1_i1_H	IGHV3-23*01,IGHV3-23*04,IGHV3-23D*01	IGHJ6*02	TGTGCGAAAGTCCGATATCATGGATTACGTATAACTGTGGTTCGGGGAGTTATCAGTGGGGGTATGGACGTCTGG	1278.58	419
1166_1_2_K16	1166_1_2_K16_TRINITY_DN0_c0_g1_i3_H	IGHV3-23*01,IGHV3-23D*01	IGHJ6*02	TGTGCGAAAGATACTGGAGTAGGGCAGTGGCTGGCCAGTCGGGGCGACAAGTACTACTACGGTGTGGACGTCTGG	1238.27	420
1227_1_3_L01	1227_1_3_L01_TRINITY_DN1_c0_g1_i1_H	IGHV3-15*01	IGHJ4*02	TGTACCACAAAGGTTAATACCGGCTACTGG	6073.66	421
1284_1_6_N01	1284_1_6_N01_TRINITY_DN1_c0_g1_i1_H	IGHV3-30*02,IGHV3-30-5*02	IGHJ4*02	TGTGCGAAAGGGGCCCTGGGAATACTCTACTGG	17289	422
1284_1_4_N06	1284_1_4_N06_TRINITY_DN2_c0_g1_i1_H	IGHV3-30*02,IGHV3-30-5*02	IGHJ4*02	TGTGCGAAAGGACAACAGGACTTTGACTCCTGG	5232.08	423
1284_1_6_I05	1284_1_6_I05_TRINITY_DN3_c1_g1_i1_H	IGHV3-73*02	IGHJ4*02	TGTAACTACGGTGGCTACCGCGAATACTGG	13960.1	424
1284_1_6_D05	1284_1_6_D05_TRINITY_DN2_c0_g1_i4_H	IGHV3-53*01	IGHJ3*02	TGTGCGAGATTATTTGATGCTTTTGATATCTGG	8938.46	425
1227_1_2_E06	1227_1_2_E06_TRINITY_DN1_c0_g1_i2_H	IGHV3-53*02	IGHJ3*02	TGTGCGAGAGATTACGATGCTTTTGATATCTGG	4288.74	425
1284_1_3_K02	1284_1_3_K02_TRINITY_DN0_c0_g1_i1_H	IGHV3-7*01	IGHJ3*01	TGTGTGAGAGACCCCTATCATCCGGTCTGG	15789.2	426
1284_1_3_H04	1284_1_3_H04_TRINITY_DN1_c0_g1_i2_H	IGHV3-48*02	IGHJ4*02,IGHJ5*02	TGTGTTGGTGGTTATAGCCTTGAGTTCTGG	10297.5	427
1227_1_2_I06	1227_1_2_I06_TRINITY_DN1_c0_g1_i2_H	IGHV3-48*01	IGHJ4*02	TGTGCGAGAGGCCTCTGGTTTGACTACTGG	1039.11	428
1227_1_3_P02	1227_1_3_P02_TRINITY_DN2_c0_g1_i1_H	IGHV3-11*06	IGHJ3*02	TGTGCGAGAGACTTTGTGGGTGGTAACAAACGTTTAGTGTGCTTTTGACATCTGG	1508.64	429
1284_1_4_D05	1284_1_4_D05_TRINITY_DN2_c0_g1_i1_H	IGHV1-18*04	IGHJ4*02	TGTGCGAGAGAAACTGTTGACTACTGG	3650.07	430
1284_1_4_G03	1284_1_4_G03_TRINITY_DN2_c0_g1_i2_H	IGHV3-43*01	IGHJ6*02	CGTAGAAAAGACCAGTCTTACCATTTTTGGAGTCCTTATTAATGGGGCTTTACTGCTACTATTACATTTTGGACGTCTGG	7150.91	431
1284_1_6_G05	1284_1_6_G05_TRINITY_DN12_c3_g1_i1_H	IGHV3-23*04	IGHJ4*02	TGTGTGAAAGATTCCTTTGACTATTGG	72939.9	432
1284_1_4_L02	1284_1_4_L02_TRINITY_DN2_c5_g1_i1_H	IGHV3-23*04	IGHJ4*02	TGTGTGGAAGATTCCTTTGACTATTGG	161199	432
1284_1_6_C05	1284_1_6_C05_TRINITY_DN0_c0_g1_i1_H	IGHV3-15*01	IGHJ4*02	TGTACCTCCACATTGGGCTACTGG	9603.9	433
1284_1_4_K01	1284_1_4_K01_TRINITY_DN1_c0_g1_i1_H	IGHV3-21*02	IGHJ4*02	TGTTCGACAACATTTGACTTCTGG	64695.4	434
1284_1_6_N04	1284_1_6_N04_TRINITY_DN4_c0_g1_i1_H	IGHV3-48*02	IGHJ4*02	TGTGCGTGGTTGCCTGACTACTGG	13422.3	435
1227_2_1_B02	1227_2_1_B02_TRINITY_DN1_c0_g1_i4_H	IGHV3-72*01	IGHJ4*03	TGTGCTAGTGGTCCGTGGTGGAGC	3844.26	436
1227_1_1_J08	1227_1_1_J08_TRINITY_DN1_c0_g3_i1_H	IGHV1-69*01,IGHV1-69D*01	IGHJ4*02	TGTGCGAAAGGGGGGGGGATGGTGTCGCTAGTTTGACTACTGG	1850.52	437
1227_1_1_C06	1227_1_1_C06_TRINITY_DN0_c0_g1_i2_H	IGHV3-20*01	IGHJ4*02	TGTGCGAGAGACGGGGGGGGCAGGACTACTGG	1719	438
1227_2_3_I03	1227_2_3_I03_TRINITY_DN0_c0_g2_i2_H	IGHV1-3*01	IGHJ5*02	TGTGGGAGGGCGTAGTCTATGAGGTGCCTACAAGTGGAAACAACTGGTTCGACCCCTGG	1597.26	439
1284_1_6_A05	1284_1_6_A05_TRINITY_DN12_c10_g1_i1_H	IGHV4-34*01	IGHJ4*02	TGTGCGAGAGGCCAGCTGGACTGGGG	104668	440
1284_1_6_C01	1284_1_6_C01_TRINITY_DN0_c0_g1_i1_H	IGHV3-15*02	IGHJ6*02	TGTGCCACAGATGGAGGCTTGCTCGTAGGGTCTACGACCTTTGGAGAAACTACAGACGAAAATTACTACTATCATGGTATGGACGTCTGG	3283.21	441
1284_1_5_C03	1284_1_5_C03_TRINITY_DN2_c0_g1_i1_H	IGHV2-5*02	IGHJ4*02	TGTGCGCAGGGAACTGGGAAGTACCCCTTTCATAACTGGGG	1972.23	442
1284_1_1_K12	1284_1_1_K12_TRINITY_DN1_c0_g1_i1_H	IGHV3-11*01	IGHJ3*02	TGTGCGAGATCTGGACAGTTTCACTATGACAGTAGAGGTTCTCCCCTTCGGCGAAGAGAGGTTGATGCTTTTGATATCTGG	10516.2	443
