"CELL"	"SEQUENCE_ID"	"V_CALL"	"J_CALL"	"JUNCTION"	"TPM"
"1166_1_2_B08"	"1166_1_2_B08_TRINITY_DN3_c5_g2_i1_H"	"IGHV3-30*03"	"IGHJ6*02"	"TGTACGAGAGATAAGGTCCCGCTAGTACCATTTAAGTACGGTATGGACGTCTGG"	163655
"1166_1_2_M06"	"1166_1_2_M06_TRINITY_DN0_c0_g1_i1_H"	"IGHV3-53*02"	"IGHJ3*02"	"TGTGCGAGATGGGGCTACCCTGTGGGTATTGAAGCTTTTGATATGTGG"	2453.65
"1166_1_1_H17"	"1166_1_1_H17_TRINITY_DN4_c0_g1_i1_H"	"IGHV3-64*01,IGHV3-64*02"	"IGHJ6*02"	"TGTGCGAGAGGTGGGGGATCTTTACGCTACTATTACTACGGTTTGGACGTCTGG"	21791.3
"1166_1_2_P06"	"1166_1_2_P06_TRINITY_DN2_c1_g2_i1_H"	"IGHV3-30*18,IGHV3-30-5*01"	"IGHJ5*02"	"TGCGGGAAAGACCGGTTCCCCCTGGGAACGATGATAGTAGTGTCATCCTGG"	80008.9
"1166_1_2_L05"	"1166_1_2_L05_TRINITY_DN0_c0_g1_i1_H"	"IGHV3-30*07"	"IGHJ1*01"	"TGTGCGGCTGAATATTCGGGCGCGTACACCATGTATTTTGACAACTGG"	5609.6
"1166_1_2_E08"	"1166_1_2_E08_TRINITY_DN4_c1_g2_i1_H"	"IGHV3-11*01"	"IGHJ4*02,IGHJ5*02"	"TGTGCGAGACAATCACCGGTGACTGTTGCCTTCTGG"	75150.6
"1166_1_2_N14"	"1166_1_2_N14_TRINITY_DN0_c0_g1_i1_H"	"IGHV1-69*04,IGHV1-69*09"	"IGHJ6*02"	"TGTTCGACTTTCAGAATCGAGCACCCCGTCTACTATTACGGTATGGATGTCTGG"	112817
"1166_1_2_J03"	"1166_1_2_J03_TRINITY_DN3_c2_g1_i1_H"	"IGHV3-23*01,IGHV3-23D*01"	"IGHJ4*02"	"TGTGCGAGACGGTCTCATTATGATAAACGACACTTTGACTTCTGG"	127368
"1166_1_2_M09"	"1166_1_2_M09_TRINITY_DN3_c1_g2_i1_H"	"IGHV1-69*01,IGHV1-69D*01"	"IGHJ6*02"	"TGTGCGAGGGAATTCGGAGCAATGGCAGCTCCTCTTAATTTCTTCCACTACTACGCTATGGACGTCTGG"	71960.8
"1166_1_2_N10"	"1166_1_2_N10_TRINITY_DN3_c3_g1_i1_H"	"IGHV3-23*01,IGHV3-23D*01"	"IGHJ6*02"	"TGTGCGAAGGGGAGGAAGGAGGGCTACTACGCTATGGACGTCTGG"	166044
"1166_1_2_L08"	"1166_1_2_L08_TRINITY_DN3_c1_g1_i1_H"	"IGHV3-7*01"	"IGHJ6*02"	"TGTGCGAGAGACAAAGTGGGAGTTGTCTACCACTATGGTATGGACGTCTGG"	109476
"1166_1_2_I15"	"1166_1_2_I15_TRINITY_DN3_c0_g1_i1_H"	"IGHV3-53*02"	"IGHJ3*02"	"TGTGCGAGCTCCTCCCGTAATTGGGGAGTAGATGCTCCTGATATCTGG"	1577.74
"1166_1_2_D08"	"1166_1_2_D08_TRINITY_DN3_c3_g1_i1_H"	"IGHV1-46*01"	"IGHJ4*02,IGHJ5*02"	"TGTGCGAGAGGCGACAGTGGTGGTGGTGACTGCTCTTCTAATTGG"	136222
"1166_1_2_N12"	"1166_1_2_N12_TRINITY_DN7_c5_g1_i1_H"	"IGHV2-5*02"	"IGHJ3*02"	"TGTGCACACTCGGGTATACCGTCAGGAGATGATGGTTTTGATATATGG"	89119.3
"1166_1_2_J04"	"1166_1_2_J04_TRINITY_DN3_c3_g1_i1_H"	"IGHV3-11*01"	"IGHJ4*02"	"TGTGCGAGACTAATGGAGTGGGAGGTACCTGGCCCCTTTGACAACTGG"	78916.7
"1166_1_2_H05"	"1166_1_2_H05_TRINITY_DN2_c0_g1_i1_H"	"IGHV3-21*01"	"IGHJ6*02"	"TGTGCGAGAGATCGAGGTGGGAGCTTCTACTACTTCGGTATGGACGTCTGG"	106887
"1166_1_1_J18"	"1166_1_1_J18_TRINITY_DN1_c1_g1_i1_H"	"IGHV5-51*03"	"IGHJ4*02"	"TGTGCGAGACCCGATGTAGTGGGAGCTATTAGACACTGG"	20783.8
"1166_1_2_O13"	"1166_1_2_O13_TRINITY_DN0_c0_g1_i1_H"	"IGHV4-39*01"	"IGHJ5*01,IGHJ5*02"	"TGTGCGAGACATCGCGGCGAGGTTTATGATTTTTACTGGTTCGACTCCTGG"	1315.56
"1166_1_2_M16"	"1166_1_2_M16_TRINITY_DN2_c2_g1_i1_H"	"IGHV3-11*01"	"IGHJ4*02"	"TGTGCGAGAGTTAGCGAGTGGGACCTCTACTTAGACTACTGG"	36360.6
"1166_1_2_L16"	"1166_1_2_L16_TRINITY_DN0_c2_g1_i1_H"	"IGHV5-51*03"	"IGHJ4*02"	"TGTGCGAGACAAGATGGCTATAATGAGGACATCTTTGAGTACTGG"	20755.6
"1166_1_2_H14"	"1166_1_2_H14_TRINITY_DN1_c1_g1_i1_H"	"IGHV1-69*04"	"IGHJ6*02"	"TGTTCGACTTTCAGAATCGAGCACCCCGTCTACTATTACGGTATGGATGTCTGG"	103306
"1166_1_2_E11"	"1166_1_2_E11_TRINITY_DN3_c3_g1_i1_H"	"IGHV3-11*01"	"IGHJ4*02"	"TGTGCGAGAACCTCGGAGTGGGATCTAGTGGTTTCGGACTACTGG"	101454
"1166_1_2_L15"	"1166_1_2_L15_TRINITY_DN4_c2_g2_i1_H"	"IGHV1-18*01,IGHV1-18*04"	"IGHJ6*02"	"TGTGCGAGAGATCGGTTCCCTTTCCTGTATTGTACTGGTGGTCACTGCTTTAACCCATCGGACGTCTGG"	24799.3
"1166_1_2_H03"	"1166_1_2_H03_TRINITY_DN4_c2_g1_i1_H"	"IGHV1-3*01"	"IGHJ3*02"	"TGTGCGAGGTATCTGGAACTGTGGGCTGCTTTTGACATATGG"	76394.8
"1166_1_2_L07"	"1166_1_2_L07_TRINITY_DN1_c0_g1_i1_H"	"IGHV3-11*01"	"IGHJ4*02"	"TGTGCGAGACATGATGAGTGGGAGCTACATCTTGACTACTGG"	164185
"1166_1_2_K09"	"1166_1_2_K09_TRINITY_DN2_c2_g1_i1_H"	"IGHV1-18*01"	"IGHJ6*02"	"TGTGCGAGAGGTAAAGAGGAATTACGATATTTTGACTGGTTACCTACAACTGGCGCTATGGACGTCTGG"	77170.4
"1166_1_2_C11"	"1166_1_2_C11_TRINITY_DN3_c2_g1_i1_H"	"IGHV1-18*04"	"IGHJ1*01"	"TGTGCGAGAGGTCGCCCGACGCTGCATAGCAGTGGCCTTCAATACTTCCAATACTGG"	105228
"1166_1_2_B12"	"1166_1_2_B12_TRINITY_DN2_c2_g1_i1_H"	"IGHV6-1*01"	"IGHJ5*02"	"TGTGTAAGAGATAAACGAAATGATACTACTGGTAAACGTTGGTTCGACCCCTGG"	69329.7
"1166_1_2_E02"	"1166_1_2_E02_TRINITY_DN3_c2_g1_i1_H"	"IGHV2-70D*04"	"IGHJ6*02"	"TGTGCACGGATGGTTCCGTTTGGCAGTGGCTGGTTTGGCTTCTACTACGGTATGGACGTCTGG"	27760.8
"1166_1_2_K05"	"1166_1_2_K05_TRINITY_DN6_c1_g1_i1_H"	"IGHV3-33*01"	"IGHJ6*02"	"TGTGCGAGAGGAATATCAGCGGCTCCTTACTACTACTACGGTCTGGACGTCTGG"	111372
"1166_1_2_P05"	"1166_1_2_P05_TRINITY_DN1_c1_g1_i1_H"	"IGHV1-18*01,IGHV1-18*04"	"IGHJ4*02"	"TGTGCGAGAGAGCCGGGCCGTATAGGTTATAGTAGCAGCTGGTACGACTTTGACTACTGG"	30494.6
"1166_1_2_J09"	"1166_1_2_J09_TRINITY_DN2_c1_g1_i1_H"	"IGHV1-8*01"	"IGHJ4*02"	"TGTGCGAGAGGGACTACGGTGACCAACTTTGACTCCTGG"	102873
"1166_1_1_G12"	"1166_1_1_G12_TRINITY_DN1_c2_g1_i1_H"	"IGHV6-1*01"	"IGHJ5*02"	"TGTGTAAGAGATAAACGAAATGATACTACTGGTAAACGTTGGTTCGACCCCTGG"	228086
"1166_1_2_N02"	"1166_1_2_N02_TRINITY_DN3_c2_g1_i1_H"	"IGHV3-21*01,IGHV3-21*02"	"IGHJ4*02"	"TGTGCGAGGGGGTCAGGTTTGGCTGATTATTATCCTTGGCTTGACTACTGG"	26909.3
"1166_1_2_G11"	"1166_1_2_G11_TRINITY_DN3_c4_g1_i1_H"	"IGHV4-31*03"	"IGHJ4*02"	"TGTGCGAGAGAGACCGGTTCGGGGGGGATTGACTACTGG"	47803.5
"1166_1_2_I04"	"1166_1_2_I04_TRINITY_DN0_c1_g1_i1_H"	"IGHV1-69*01,IGHV1-69D*01"	"IGHJ4*02"	"TGTGCGACAGACTATAGGGGTCGAATGGACTCCAAGTATAGCAGTGCGTGGTACGCGTGCTTTGCTTACTGG"	16930.4
"1166_1_2_E05"	"1166_1_2_E05_TRINITY_DN8_c3_g1_i1_H"	"IGHV3-23*01,IGHV3-23*04,IGHV3-23D*01"	"IGHJ4*02"	"TGTGCGAGACGGTCTCATTATAATAAACGACACTTTGACTTCTGG"	99692.1
"1166_1_2_L02"	"1166_1_2_L02_TRINITY_DN3_c1_g1_i1_H"	"IGHV3-9*01"	"IGHJ4*02"	"TGTGCAAAAGTGTTTTACTATGATAGTAATGGTTACACCCCGTATTACTTTGACTACTGG"	65406.1
"1166_1_2_F11"	"1166_1_2_F11_TRINITY_DN2_c2_g1_i1_H"	"IGHV4-55*01"	"IGHJ4*01,IGHJ4*02,IGHJ4*03"	"TGTGCGAGGCATATTGTCGCGTCGCCTTTCGATGTCTGGAGTCCTGGGACGATG"	164602
"1166_1_2_O08"	"1166_1_2_O08_TRINITY_DN1_c2_g1_i1_H"	"IGHV3-49*05"	"IGHJ6*02"	"TGTAGTAGAGATGGTGGCGGTGACTATTCATTTTGGGGGGGCTATGTCTACTACGGTATGGACGTCTGG"	122304
"1166_1_2_N09"	"1166_1_2_N09_TRINITY_DN3_c1_g1_i1_H"	"IGHV3-9*01"	"IGHJ6*02"	"TGTGCAAAAGATAGAATCCCGTGGAGACACCCATGGAACGGCATGGACGTCTGG"	140336
"1166_1_2_F13"	"1166_1_2_F13_TRINITY_DN0_c2_g1_i1_H"	"IGHV3-11*01"	"IGHJ4*02"	"TGTGCGAGAGCCCCAAGTCATAGCAGCGCCTGGTACCTCGACTACTGG"	44823.1
"1166_1_2_P16"	"1166_1_2_P16_TRINITY_DN3_c3_g1_i1_H"	"IGHV3-7*01"	"IGHJ6*02"	"TGTGCGAGAGAAAGGGGAGTCTTTACCCACCACTACGGAATGGACGTCTGG"	96915.8
"1166_1_2_E13"	"1166_1_2_E13_TRINITY_DN4_c3_g1_i1_H"	"IGHV1-24*01"	"IGHJ6*02"	"TGTGCATCAGGGCCTAGGGGTGACCCCGACTCTAGGGTGATTTTCCACCACTACTACGGTATGGACGTCTGG"	87514.4
"1166_1_2_C05"	"1166_1_2_C05_TRINITY_DN4_c2_g2_i1_H"	"IGHV3-9*01"	"IGHJ6*02"	"TGTGCAAGAGCACCTTTCGATTTTTTGACTGGTTCTTATATAGTGGGGTGCTACTACGGCATGGACGTCTGG"	81162.5
"1166_1_2_I03"	"1166_1_2_I03_TRINITY_DN2_c2_g1_i1_H"	"IGHV4-31*03"	"IGHJ5*02"	"TGTGCGAGAGAGGGGTGGGGAAATTGGCGGGCTCGGGGCTGGTTCGACCCCTGG"	64512
"1166_1_2_K10"	"1166_1_2_K10_TRINITY_DN2_c3_g1_i1_H"	"IGHV2-70*11"	"IGHJ6*02"	"TGTGCACGGATTCGGGTTCAAGTAGTTCCAGCTGACAGTCCCAACCCCGGTAATGTGTCGAGCTATGACTACTACTACTACGGTATAGACGTCTGG"	53859.4
"1166_1_2_H12"	"1166_1_2_H12_TRINITY_DN2_c1_g2_i1_H"	"IGHV3-11*01"	"IGHJ4*02"	"TGTGTGAGAGTCGATATAGTCGTACATGGTTACTTTGACTACTGG"	177015
"1166_1_2_D13"	"1166_1_2_D13_TRINITY_DN0_c0_g1_i3_H"	"IGHV3-11*01"	"IGHJ4*02"	"TGTGCGAGACTCGAAGAGTGGCAGGGGGGTTACTTTGACTCCTGG"	1171.49
"1166_1_2_G05"	"1166_1_2_G05_TRINITY_DN2_c1_g1_i1_H"	"IGHV2-70*01"	"IGHJ6*02"	"TGTGCACGGATACCTATAGTGGGACCTACTCCAACATCCTACTACTACTACGCTATGGACGTCTGG"	60232.8
"1166_1_2_P12"	"1166_1_2_P12_TRINITY_DN3_c2_g1_i1_H"	"IGHV3-11*01"	"IGHJ4*02"	"TGTGCGAGAGCCCCGGATCACAGCAGTGCCTGGTACCTCGACTACTGG"	99459.9
"1166_1_2_M10"	"1166_1_2_M10_TRINITY_DN1_c0_g1_i2_H"	"IGHV4-59*08"	"IGHJ6*02"	"TGTGCGAGAACCGGCGCGACGATCTTTGAACTGAAAGGTATGGACGTCTGG"	893.513
"1166_1_2_J05"	"1166_1_2_J05_TRINITY_DN0_c0_g2_i1_H"	"IGHV1-18*01"	"IGHJ6*02"	"TGTGCGAGAGATCGGTTCCCTTTCCTGTATTGTACTGGTGGTCACTGCTTTAACCCATCGGACGTCTGG"	49849.4
"1166_1_2_F14"	"1166_1_2_F14_TRINITY_DN0_c0_g1_i2_H"	"IGHV1-8*01"	"IGHJ4*02"	"TGTGCGAGAGTCGGATACAGCCATGGTGATAGTGACTACTGG"	1846.94
"1166_1_1_G03"	"1166_1_1_G03_TRINITY_DN2_c0_g2_i3_H"	"IGHV3-33*01"	"IGHJ4*02,IGHJ5*02"	"TGTGCGAGAGATCGAGCGGCTATCGGTGGTTCGGGGCGTTTTCTCCTCTGG"	1138.7
"1166_1_2_E03"	"1166_1_2_E03_TRINITY_DN0_c2_g1_i1_H"	"IGHV3-9*01"	"IGHJ3*02"	"TGTGCAAAAGATAGGTTCTATGATAGTAGTGGTTATCTCCTGGGGATAGGTTTTGATATGTGG"	95594.4
"1166_1_2_A07"	"1166_1_2_A07_TRINITY_DN3_c1_g1_i1_H"	"IGHV1-69*01,IGHV1-69D*01"	"IGHJ4*02"	"TGTGCGAGAGCCCGTCGTACAATGGGAGCTAGTCGCTACTTTGACTACTGG"	40118
"1166_1_2_K07"	"1166_1_2_K07_TRINITY_DN3_c4_g1_i1_H"	"IGHV3-11*01"	"IGHJ2*01"	"TGTGCGAGAATTTCCGAATGGGAGCTGGGGTACTTCGATCTCTGG"	76544.3
"1166_1_2_A13"	"1166_1_2_A13_TRINITY_DN0_c1_g1_i1_H"	"IGHV2-5*02"	"IGHJ3*02"	"TGTGCACACCTCTACCCCGGATTTGATGCTTTTGATATCTGG"	71727.3
"1166_1_2_D15"	"1166_1_2_D15_TRINITY_DN1_c0_g1_i1_H"	"IGHV2-26*01"	"IGHJ3*02"	"TGTGCACGGAATCGCGATGGAGCTGGCTGGTATTTTGCTTTTGATATCTGG"	27233.3
"1166_1_1_H01"	"1166_1_1_H01_TRINITY_DN2_c3_g1_i1_H"	"IGHV3-11*01"	"IGHJ4*02"	"TGTGCGAGACTAATGGAGTGGGAGGTACCTGGCCCCTTTGACAACTGG"	88794.4
"1166_1_2_E09"	"1166_1_2_E09_TRINITY_DN2_c0_g2_i1_H"	"IGHV1-8*01,IGHV1-8*02"	"IGHJ6*02"	"TGTGTGAGAGTGACCCCTGTAATACGATTTTTGGAGTGGTTTTCTACAGCCCCGGCCTACGGTATGGACGTCTGG"	98736.4
"1166_1_2_J08"	"1166_1_2_J08_TRINITY_DN3_c1_g1_i1_H"	"IGHV1-69*01,IGHV1-69D*01"	"IGHJ6*02"	"TGTGCGAAGGAATTCGGAGCAATGGCAGCTCCTCTTAATTTCTTCCACTACTACGGCATGGACGTCTGG"	31346.5
"1166_1_2_I02"	"1166_1_2_I02_TRINITY_DN1_c0_g1_i1_H"	"IGHV1-18*01"	"IGHJ4*02"	"TGTGCGAGAGTGGGTGTGAGTCTTGGAGACTTTGACTTCTGG"	44155.1
"1166_1_2_O03"	"1166_1_2_O03_TRINITY_DN3_c1_g1_i1_H"	"IGHV3-33*01"	"IGHJ3*02"	"TGTGCGAGAGATCGATTTCCGTATAACACCAACTGGAGATGGGCTGCTTTTGATATCTGG"	34693
"1166_1_2_L06"	"1166_1_2_L06_TRINITY_DN2_c2_g1_i1_H"	"IGHV3-11*01"	"IGHJ4*02"	"TGTGCGAGAGGGCGGTGGGACCTACATTTTGATTACTGG"	33416
"1166_1_2_M08"	"1166_1_2_M08_TRINITY_DN4_c0_g1_i1_H"	"IGHV3-21*01"	"IGHJ4*02"	"TGTGCGAGGGGGTCAGGTTTGACTGATTATTATCCTTGGCTTGACTACTGG"	50308.4
"1166_1_2_G10"	"1166_1_2_G10_TRINITY_DN4_c2_g1_i1_H"	"IGHV3-72*01"	"IGHJ6*02"	"TGTGTTAGAGAGGGGATATTAAAAGTGTTCGGGGGCAACTACTACTACGGTATGGACGTCTGG"	100636
"1166_1_2_I09"	"1166_1_2_I09_TRINITY_DN4_c2_g1_i1_H"	"IGHV3-11*01"	"IGHJ5*02"	"TGTGCGAGAGATGGGGACGAGTGGAAGCCCTTCAATCACTTCGACCCCTGG"	50065.8
"1166_1_2_P03"	"1166_1_2_P03_TRINITY_DN1_c2_g1_i1_H"	"IGHV1-18*01"	"IGHJ6*02"	"TGTGCGAGAGATCGACTGAAACTACGGAGGGGCTACTTCTACTATGGGATGAACGTCTGG"	55047.1
"1166_1_1_G18"	"1166_1_1_G18_TRINITY_DN3_c1_g1_i1_H"	"IGHV1-2*04"	"IGHJ6*02"	"TGTGCGAGAAGTAGGACGGGTAAAATCGCCCATTATGGTATGGACGTCTGG"	64213
"1166_1_2_L11"	"1166_1_2_L11_TRINITY_DN4_c1_g1_i1_H"	"IGHV2-5*02"	"IGHJ4*02"	"TGTGCACACAGACCCATAGCAGCGCCCGTCCTGGGCTACTTTGACTCCTGG"	91044.2
"1166_1_2_F15"	"1166_1_2_F15_TRINITY_DN1_c2_g1_i1_H"	"IGHV1-18*01"	"IGHJ4*02"	"TGTGCGAGAGTGGGTGTGAGTCTTGGAGACTTTGACTTCTGG"	105379
"1166_1_2_M02"	"1166_1_2_M02_TRINITY_DN4_c5_g1_i1_H"	"IGHV3-23*01,IGHV3-23D*01"	"IGHJ4*02"	"TGTGCGAGTCAAGATCGTGGGCGGAAACTGGGGCTTGAGTACTGG"	155988
"1166_1_2_B06"	"1166_1_2_B06_TRINITY_DN3_c4_g1_i1_H"	"IGHV4-31*03"	"IGHJ4*02"	"TGTGCGAGGGAGGACATAGTGGCTCGTCCCTTTGACCACTGG"	91467.6
"1166_1_2_D03"	"1166_1_2_D03_TRINITY_DN3_c5_g1_i1_H"	"IGHV3-23*01,IGHV3-23D*01"	"IGHJ4*02"	"TGTGCGAGACGGTCTCATTATAATAAACGACACTTTGACTTCTGG"	153571
"1166_1_1_L15"	"1166_1_1_L15_TRINITY_DN2_c0_g1_i1_H"	"IGHV4-30-2*01"	"IGHJ4*02"	"TGTGCCAGAGTCTCTTTTGGTTTGTCTCCGGGCGGCTTTGACGTCTGG"	6332.4
"1166_1_2_D02"	"1166_1_2_D02_TRINITY_DN3_c1_g1_i1_H"	"IGHV1-3*01"	"IGHJ6*02"	"TGTGCGAGACAGGGAATCTATAGCAGGTCGTCGCACGTCCTCCTCTACTACTACGGTCTGGACGTCTGG"	47595.5
"1166_1_2_O02"	"1166_1_2_O02_TRINITY_DN1_c3_g1_i1_H"	"IGHV2-5*02"	"IGHJ4*02"	"TGTGCACACCTCGGCTACGGTGACTACTATGACTACTGG"	91060.2
"1166_1_2_B03"	"1166_1_2_B03_TRINITY_DN4_c1_g1_i1_H"	"IGHV3-21*01"	"IGHJ6*02"	"TGTGCGAGAGAACGGATACAGTTGAGGGGTATGGACGTCTGG"	76061.7
"1166_1_2_I16"	"1166_1_2_I16_TRINITY_DN2_c1_g1_i1_H"	"IGHV5-51*03"	"IGHJ4*02"	"TGTGCGAGACAAGATGGCTATAATGAGGACATCTTTGAATACTGG"	41217.2
"1166_1_2_O04"	"1166_1_2_O04_TRINITY_DN2_c3_g1_i1_H"	"IGHV3-11*01"	"IGHJ6*02"	"TGTGCGAGAGACCGGTTTCCCAAGAGACCCAGGGGGTCCATCTACTATTATGGTATGGACGTCTGG"	157242
"1166_1_2_M07"	"1166_1_2_M07_TRINITY_DN2_c0_g1_i1_H"	"IGHV2-70*01"	"IGHJ6*02"	"TGTGCACGGTTCCTGATGGTTCGGGGACTTATTCCCCACGGACTCGGGCACTACGGTATGGACGTCTGG"	34433.8
"1166_1_2_L10"	"1166_1_2_L10_TRINITY_DN3_c1_g2_i1_H"	"IGHV1-69*11"	"IGHJ4*02"	"TGTGCGAGCGGCGTTCTCAGGTATTACGATCTTTTGACTGGTTATTCACACGTTGATGACAACTGG"	106813
"1166_1_2_N13"	"1166_1_2_N13_TRINITY_DN0_c1_g1_i1_H"	"IGHV2-5*02"	"IGHJ3*02"	"TGTGCACACGTGGCTGCTATTTATGATGCTTTTGATATCTGG"	31716.8
"1166_1_2_E12"	"1166_1_2_E12_TRINITY_DN7_c4_g1_i1_H"	"IGHV1-3*01"	"IGHJ4*02,IGHJ5*02"	"TGTGCGAAGGACCCCTTTGGGTCCCACGGTGACAAAGGTCAACTAGAAAAGTGG"	87487.8
"1166_1_2_D09"	"1166_1_2_D09_TRINITY_DN3_c2_g1_i1_H"	"IGHV3-23*01,IGHV3-23*04,IGHV3-23D*01"	"IGHJ6*02"	"TGTGCGAAGGGGAGGAAGGCGGGCTACTACGCTATGGACGTCTGG"	44811.2
"1166_1_2_F10"	"1166_1_2_F10_TRINITY_DN3_c2_g1_i1_H"	"IGHV3-30*01"	"IGHJ6*02"	"TGTGCGAGAGAGAGGTACCATGATGGTAGTGGTTATTGGGACTACTACTACGGTATGGACGTCTGG"	79975.5
"1166_1_2_K06"	"1166_1_2_K06_TRINITY_DN3_c1_g1_i1_H"	"IGHV2-70*11"	"IGHJ3*02"	"TGTGCACGAATACCCGCAGGCCCTGGGCTACCCTGGGATGCTTTTGATATCTGG"	29823.6
"1166_1_2_E04"	"1166_1_2_E04_TRINITY_DN4_c5_g1_i1_H"	"IGHV1-8*01"	"IGHJ4*02"	"TGTGCGCGACGGGGCAGCTGGTACCATGACTTAGACTCCTGG"	180571
"1166_1_2_H06"	"1166_1_2_H06_TRINITY_DN1_c3_g1_i1_H"	"IGHV3-74*01,IGHV3-74*03"	"IGHJ4*02"	"TGTGCAAGAGCTCCAACAGGGGGAATACGAGGGATTGACTACTGG"	76738.5
"1166_1_2_P10"	"1166_1_2_P10_TRINITY_DN1_c0_g1_i1_H"	"IGHV3-30*18,IGHV3-30-5*01"	"IGHJ6*02"	"TGTGCGAAAGATCGTCATTACTATGATAGTAGTGGTTATTATCATTACTACTACTACGGTATGGACGTCTGG"	1808.04
"1166_1_2_A10"	"1166_1_2_A10_TRINITY_DN3_c0_g1_i1_H"	"IGHV1-46*01"	"IGHJ4*02"	"TGTGCGAGAGACAGGTTCCCCGCCCGTCACTTTGATGCCAGTGGTCTCGCCTACTGG"	69132.4
"1166_1_2_G14"	"1166_1_2_G14_TRINITY_DN3_c5_g1_i1_H"	"IGHV3-20*01"	"IGHJ4*02"	"TGTGCGAGAGATTACACTCCGTACTCCCATGATAGTAGTCTTTACTATTGG"	66163.2
"1166_1_2_H08"	"1166_1_2_H08_TRINITY_DN0_c1_g1_i1_H"	"IGHV1-18*04"	"IGHJ1*01"	"TGTGCGAGAGGTCGCCCGACGCTGCATAGCAGTGGCCTTCAATACTTCCAGTACTGG"	51852.6
"1166_1_2_H11"	"1166_1_2_H11_TRINITY_DN1_c4_g1_i1_H"	"IGHV3-21*01"	"IGHJ6*02"	"TGTGCGAGAGTCCCGTATAATTATGATGATAGTAGTGGTTATTACTACTACTACGGTATGGACGTCTGG"	66442.1
"1166_1_2_J16"	"1166_1_2_J16_TRINITY_DN3_c1_g1_i1_H"	"IGHV1-8*01"	"IGHJ4*02"	"TGTGCGAGAGTCGGATACAGCCATGGTGATAGTGACTACTGG"	21182.8
"1166_1_2_I11"	"1166_1_2_I11_TRINITY_DN4_c2_g1_i1_H"	"IGHV3-23*01,IGHV3-23*04,IGHV3-23D*01"	"IGHJ4*02"	"TGTGCGAGACGGTCTCATTATAATAAACGACACTTTGACTTCTGG"	78165
"1166_1_2_M03"	"1166_1_2_M03_TRINITY_DN5_c2_g1_i1_H"	"IGHV3-30*18,IGHV3-30-5*01"	"IGHJ6*02"	"TGTGCGAAGGACAAATTCGGCCAGCTCCACTACTACGGTATGGACGTCTGG"	83779.3
"1166_1_2_L09"	"1166_1_2_L09_TRINITY_DN0_c0_g1_i1_H"	"IGHV3-48*02"	"IGHJ6*02"	"TGTGCGAGAGATAAAGTGGGACTACACTTCCACTTTGGTATGGACGTCTGG"	518.899
"1166_1_2_B02"	"1166_1_2_B02_TRINITY_DN3_c0_g1_i1_H"	"IGHV3-30-3*01"	"IGHJ4*02"	"TGTGCGAGAGGGGGGGCATTAGAATGGTTCGGGGCGGACTACTGG"	173781
"1166_1_2_A09"	"1166_1_2_A09_TRINITY_DN0_c0_g1_i1_H"	"IGHV3-30*18,IGHV3-30-5*01"	"IGHJ4*01,IGHJ4*02,IGHJ5*01"	"TGTGCGAAGAATCTTTACACCAGTTCGCCCAATCTAGACCATTGG"	2513.78
"1166_1_2_I07"	"1166_1_2_I07_TRINITY_DN5_c1_g1_i1_H"	"IGHV4-30-4*01"	"IGHJ5*02"	"TGTGCCAGAGAAAGTGGCTACGAGGGGTTGGGCTCCTGG"	34217.8
"1166_1_2_M11"	"1166_1_2_M11_TRINITY_DN1_c2_g1_i1_H"	"IGHV3-30*03,IGHV3-30-3*01"	"IGHJ5*02"	"TGTGCGAGACCCCGATTTCCCGCAGCCCACCGAATTACTTTGATGACTCCCGCTGCCTGGTTCGACCCCTGG"	49889.4
"1166_1_2_I05"	"1166_1_2_I05_TRINITY_DN4_c4_g1_i1_H"	"IGHV3-64*01"	"IGHJ5*02"	"TGTGCGAGAGTTTTCGGGTTCGGGGACTTATGGACCAACTACTTGGACCCCTGG"	120627
"1166_1_2_B14"	"1166_1_2_B14_TRINITY_DN0_c0_g1_i1_H"	"IGHV4-31*03"	"IGHJ2*01"	"TGTGCGAGAGATCGGTGGAACGGGGGAATAGCAGCCTCCCCGTGGTACTTCGATCTCTGG"	1405.69
"1166_1_2_F06"	"1166_1_2_F06_TRINITY_DN7_c2_g1_i1_H"	"IGHV6-1*01"	"IGHJ4*02"	"TGTGCAAGAGTAGGGCTGGGAAGCGAGAGTTATCCCTTTGAGTTCTGG"	103923
"1166_1_2_G15"	"1166_1_2_G15_TRINITY_DN4_c1_g1_i1_H"	"IGHV3-33*01"	"IGHJ4*02"	"TGTGCGAGAGGGGATTGTAGTACTCTCAGCTGCCGTACCCCCCTTGACTACTGG"	59547.3
"1166_1_2_P15"	"1166_1_2_P15_TRINITY_DN0_c1_g1_i1_H"	"IGHV3-11*01"	"IGHJ4*02"	"TGTGCGAGAGCCCCAAGTCATAGCAGCGCCTGGTACCTCGACTACTGG"	60366.5
"1166_1_2_J13"	"1166_1_2_J13_TRINITY_DN3_c1_g1_i1_H"	"IGHV3-21*01"	"IGHJ6*02"	"TGTGCGAGAGATAAAGGTCGCCACTACTACGGTATGGACGTCTGG"	46846.4
"1166_1_2_B05"	"1166_1_2_B05_TRINITY_DN6_c4_g2_i1_H"	"IGHV3-48*03,IGHV3-69-1*02"	"IGHJ5*02"	"TGTGCGGGCAGGAGAATCTCGACTACAGAAGTTATCGCGCGGTTCGACCCCTGG"	64961.1
"1166_1_2_P14"	"1166_1_2_P14_TRINITY_DN2_c0_g1_i1_H"	"IGHV3-11*01"	"IGHJ4*02"	"TGTGCGAGAATAGACGAGTGGCTCCGACTCCCCGTTGACTACTGG"	41594.7
"1166_1_1_B02"	"1166_1_1_B02_TRINITY_DN2_c0_g1_i3_H"	"IGHV3-53*01,IGHV3-53*02"	"IGHJ3*02"	"TGTGTGAGGCTAAGTTGGTACGAGACATTTGATGCATTTGATATGTGG"	12719.8
"1166_1_2_K08"	"1166_1_2_K08_TRINITY_DN2_c2_g1_i1_H"	"IGHV3-48*02"	"IGHJ3*02"	"TGTGCGAGCCAGCGATTTTTGGTGTGGTATGCTTTTGATATCTGG"	39545.8
"1166_1_2_L03"	"1166_1_2_L03_TRINITY_DN1_c2_g1_i1_H"	"IGHV1-2*02"	"IGHJ5*02"	"TGTGCGCGAGATCGGACTCCTTATCGCCGGAACACTAACTGGTTCGACCCCTGG"	116964
"1166_1_2_F09"	"1166_1_2_F09_TRINITY_DN3_c2_g1_i1_H"	"IGHV3-66*01"	"IGHJ3*02"	"TGTGCGAGAGAAGGTAGTGGTTATTACTACGATGCTTTTGATATCTGG"	102192
"1166_1_2_O15"	"1166_1_2_O15_TRINITY_DN0_c2_g1_i1_H"	"IGHV3-7*01"	"IGHJ4*02"	"TGTGCGAGCGAGGAGCAGTGGCTGGGGGAGTACTTTGACTACTGG"	105923
"1166_1_1_N16"	"1166_1_1_N16_TRINITY_DN0_c0_g1_i1_H"	"IGHV1-3*01"	"IGHJ5*01,IGHJ5*02"	"TGTGCGAAAGGGGGCGCGGTTATATTGACTGGCCTCGACTCCTGG"	4132.98
"1166_1_2_F03"	"1166_1_2_F03_TRINITY_DN4_c5_g1_i1_H"	"IGHV3-9*01"	"IGHJ4*02"	"TGTGCAAAAGGTTATTGTAGTAGTGCTACCTGCCACTCAGACTACTGG"	65978.6
"1166_1_1_B17"	"1166_1_1_B17_TRINITY_DN5_c2_g1_i1_H"	"IGHV2-5*02"	"IGHJ3*02"	"TGTGTACACAGATCAGTATTCGACGCTTTTGATATCTGG"	85430.5
"1166_1_2_A14"	"1166_1_2_A14_TRINITY_DN1_c0_g1_i1_H"	"IGHV1-2*02"	"IGHJ6*02"	"TGTGCGAGAGAGGGAGGGATCTACCCGAGACTCGCCGGTATGGACGTCTGG"	1387.19
"1166_1_2_P04"	"1166_1_2_P04_TRINITY_DN2_c0_g1_i1_H"	"IGHV3-30*04,IGHV3-30-3*03"	"IGHJ4*02"	"TGCGCGAGAGAAAGTCGCTGGCTACGGTTGAGGGGGGAGGTTGACTCCTGG"	4188.56
"1166_1_2_E07"	"1166_1_2_E07_TRINITY_DN1_c3_g1_i1_H"	"IGHV2-5*02"	"IGHJ5*02"	"TGTGCCCTCTGGGATAGGAGTGGCTATGACTATTTCGACCCCTGG"	54117.7
"1166_1_2_J07"	"1166_1_2_J07_TRINITY_DN4_c0_g1_i1_H"	"IGHV1-8*01"	"IGHJ4*02"	"TGTGCGAGAGTCGGATACAGCCATGGTGATAGTGACTACTGG"	9924.03
"1166_1_2_N01"	"1166_1_2_N01_TRINITY_DN1_c1_g1_i1_H"	"IGHV1-69*01,IGHV1-69*12,IGHV1-69*13"	"IGHJ4*02"	"TGTGCGAGAGCCCGTCGTACAATGGGAGCTAGTCGCTACTTTGACTACTGG"	30837.9
"1166_1_2_O16"	"1166_1_2_O16_TRINITY_DN1_c0_g1_i1_H"	"IGHV1-18*01"	"IGHJ4*02"	"TGTGCGAGAGTCGGTTCCATGACTAAGGACTTTGACTACTGG"	50247.3
"1166_1_2_D07"	"1166_1_2_D07_TRINITY_DN3_c4_g1_i1_H"	"IGHV2-70*13"	"IGHJ4*02"	"TGTGCACGGTTCAACAGTGGCCACGGTTCACGTCAGTACTACTTTGACTTCTGG"	18980.7
"1166_1_1_O04"	"1166_1_1_O04_TRINITY_DN0_c0_g1_i1_H"	"IGHV3-49*02,IGHV3-49*03,IGHV3-49*04"	"IGHJ5*02"	"TGTGCTAGAGATCTGGCGGGTGACAGTCCGCGTTACGGTGACTACGTTGGGTGGTTCGACCCCTGG"	52.2554
"1166_1_2_I14"	"1166_1_2_I14_TRINITY_DN1_c1_g1_i1_H"	"IGHV3-30-3*01"	"IGHJ6*02"	"TGTGCCAGAAATTACATCCCTTACTCCTACTATTACGGTATGGACGTCTGG"	133935
"1166_1_2_I13"	"1166_1_2_I13_TRINITY_DN2_c2_g1_i1_H"	"IGHV3-11*01"	"IGHJ4*01"	"TGTGCGAGAGAAATGGAGTGGAAGATATATTATCTTGACTACTGG"	94157.9
"1166_1_2_E06"	"1166_1_2_E06_TRINITY_DN2_c2_g2_i1_H"	"IGHV3-11*01"	"IGHJ4*02"	"TGTGCGAGACTAATGGAGTGGGAGGTACCTGGCCCCTTTGACAACTGG"	101316
"1166_1_2_I08"	"1166_1_2_I08_TRINITY_DN4_c1_g1_i1_H"	"IGHV3-21*01,IGHV3-21*02"	"IGHJ4*02"	"TGTGCGAGGGGGTCAGGTTTGGCTGATTATTATCCTTGGCTTGACTACTGG"	76639.4
"1166_1_2_O11"	"1166_1_2_O11_TRINITY_DN1_c2_g1_i1_H"	"IGHV3-11*01"	"IGHJ6*02"	"TGTGCGAGAATGGGGGCCGGTGACTCCGGGGATTACTACTACTACGACGGTATGGACGTCTGG"	148505
"1166_1_2_O09"	"1166_1_2_O09_TRINITY_DN3_c0_g1_i1_H"	"IGHV4-4*02"	"IGHJ4*02,IGHJ5*02"	"TGTGCGAGAGGCGGGGGCATTACTATGGTGCGGGGGCTTATGCAATGG"	40107.8
"1166_1_2_G07"	"1166_1_2_G07_TRINITY_DN3_c1_g1_i1_H"	"IGHV1-18*01"	"IGHJ4*02"	"TGTGCGAGAGTCCCGGGTGTGGCAAGGGGGGACTATTGG"	72599.8
"1166_1_2_K02"	"1166_1_2_K02_TRINITY_DN6_c3_g1_i1_H"	"IGHV1-18*01"	"IGHJ4*02"	"TGTGCGAGACACATTGGTAGCCGTGGCTGGAACGATCAATTTGACTACTGG"	95256
"1166_1_2_A15"	"1166_1_2_A15_TRINITY_DN7_c4_g2_i1_H"	"IGHV4-39*01"	"IGHJ5*02"	"TGTGCGAGACATAGCAACAGCCTATACGCGTGGTTCGACCCCTGG"	142949
"1166_1_2_G12"	"1166_1_2_G12_TRINITY_DN2_c4_g1_i1_H"	"IGHV4-31*03"	"IGHJ4*02"	"TGTGCGAGGGAGGACATAGTGGCTCGTCCCTTTGACCACTGG"	70306.1
"1166_1_2_G08"	"1166_1_2_G08_TRINITY_DN3_c1_g1_i1_H"	"IGHV5-51*03"	"IGHJ4*02"	"TGTGCGAGACAAGATGGCTATAATGAGGACATCTTTGAGTACTGG"	12310
"1166_1_2_C07"	"1166_1_2_C07_TRINITY_DN2_c2_g2_i1_H"	"IGHV2-5*02"	"IGHJ3*01,IGHJ3*02"	"TGTGCACAATTTGATAGTAATGCTTCTTACGGGGAGGATGCTTTTGATCTCTGG"	69276
"1166_1_2_H13"	"1166_1_2_H13_TRINITY_DN2_c1_g2_i1_H"	"IGHV2-5*02"	"IGHJ3*01"	"TGTGCACACATCACCGGTCTCCTTGATGCTTTTGATGTCTGG"	98338.9
"1166_1_2_C12"	"1166_1_2_C12_TRINITY_DN2_c2_g1_i1_H"	"IGHV2-5*02"	"IGHJ3*02"	"TGTGCACACGTGGCTGCTATTTATGATGCTTTTGATATCTGG"	40632.4
"1166_1_2_K15"	"1166_1_2_K15_TRINITY_DN3_c1_g1_i1_H"	"IGHV3-64*01"	"IGHJ2*01"	"TGTGCGAGGGGTCCGACAGTATCGGAGTCTGCTACCTTGTTCTTCGATCTCTGG"	39736.5
"1166_1_2_J02"	"1166_1_2_J02_TRINITY_DN2_c1_g1_i1_H"	"IGHV1-69*04"	"IGHJ6*02"	"TGTTCGACTTTCAGAATCGAGCACCCCGTCTACTATTACGGTATGGATGTCTGG"	105361
"1166_1_2_G06"	"1166_1_2_G06_TRINITY_DN7_c3_g1_i1_H"	"IGHV2-5*02"	"IGHJ3*02"	"TGTGCACACAGGTCCAGTCGTGGTTTTGATGCTTTTGATATCTGG"	62153.5
"1166_1_2_C09"	"1166_1_2_C09_TRINITY_DN1_c3_g1_i1_H"	"IGHV1-46*01"	"IGHJ4*02,IGHJ5*02"	"TGTGCGAGAGGCGACAGTGGTGGTGGTGACTGCTCTTCTAATTGG"	52832.7
"1166_1_2_N08"	"1166_1_2_N08_TRINITY_DN1_c0_g1_i1_H"	"IGHV3-23*01,IGHV3-23D*01"	"IGHJ4*02"	"TGTGCGAAATACGCTGTTCGGTATACCAGTGGCTGGCCACACGTTTACTACTTTGACTTGTGG"	11089.8
"1166_1_2_D12"	"1166_1_2_D12_TRINITY_DN1_c2_g1_i1_H"	"IGHV3-33*01"	"IGHJ4*02"	"TGTGCGAGAGATTTGGGGAGGGTTCGGGGACTTGACTACTGG"	46119
"1166_1_2_N03"	"1166_1_2_N03_TRINITY_DN2_c1_g1_i1_H"	"IGHV1-46*01"	"IGHJ4*02"	"TGTGCGAGAGACAGGTTCCCCGCCCGTCACTTTGATGCCAGTGGTCTCGCCTACTGG"	28395.3
"1166_1_1_M06"	"1166_1_1_M06_TRINITY_DN1_c0_g1_i1_H"	"IGHV2-70*11"	"IGHJ4*02"	"TGTGCACGGAGTGTTTACTCTGATACTACTGGCTATTACTACTTTGACAACTGG"	305.438
"1166_1_2_F12"	"1166_1_2_F12_TRINITY_DN8_c3_g1_i1_H"	"IGHV3-23*01,IGHV3-23D*01"	"IGHJ4*02"	"TGTGCGAGACGGTCTCATTATGATAAACGACACTTTGACTTCTGG"	106102
"1166_1_2_K11"	"1166_1_2_K11_TRINITY_DN3_c2_g1_i1_H"	"IGHV1-69*01,IGHV1-69D*01"	"IGHJ4*02"	"TGTGCGAGAGCCCATTTCTATGATAGTACTGGTTATTACCTTTCTTACTTTGACTACTGG"	122623
"1166_1_2_K04"	"1166_1_2_K04_TRINITY_DN3_c2_g1_i1_H"	"IGHV3-11*01"	"IGHJ2*01"	"TGTGCGAGAATTTCCGAATGGGAGCTGGGGTACTTCGATCTCTGG"	88904
"1166_1_1_F12"	"1166_1_1_F12_TRINITY_DN0_c0_g1_i1_H"	"IGHV3-48*01"	"IGHJ6*02"	"TGTGCGAGAGAGGTCCGAAATTACTATCAGTATTACGGCATGGACGTCTGG"	13479.7
"1166_1_2_E15"	"1166_1_2_E15_TRINITY_DN3_c2_g1_i1_H"	"IGHV3-23*01,IGHV3-23D*01"	"IGHJ6*02"	"TGTGCGAAGGGGAGGAAGGAGGGCTACTACGCTATGGACGTCTGG"	106499
"1166_1_2_H07"	"1166_1_2_H07_TRINITY_DN1_c4_g1_i1_H"	"IGHV3-11*01"	"IGHJ4*02"	"TGTGCGAGGGCGCAAGAGTGGGACCTAGGGTCGTGGGACCACTGG"	39950.9
"1166_1_2_K03"	"1166_1_2_K03_TRINITY_DN2_c3_g1_i1_H"	"IGHV3-11*01"	"IGHJ4*02"	"TGTGCGCGAGAGGCCGAGGACTACACGGGTCTTTTTGACTATTGG"	153046
"1166_1_2_F05"	"1166_1_2_F05_TRINITY_DN3_c0_g1_i1_H"	"IGHV1-69*04"	"IGHJ5*02"	"TGTGCGAGAGAAAGGGCTCGTATTGTAATAATACCTTATAACTGGTTCGACCTCTGG"	59937.5
"1166_1_2_K16"	"1166_1_2_K16_TRINITY_DN0_c0_g1_i3_H"	"IGHV3-23*01,IGHV3-23D*01"	"IGHJ6*02"	"TGTGCGAAAGATACTGGAGTAGGGCAGTGGCTGGCCAGTCGGGGCGACAAGTACTACTACGGTGTGGACGTCTGG"	1238.27
"1166_1_2_G04"	"1166_1_2_G04_TRINITY_DN2_c2_g1_i1_H"	"IGHV2-70*11"	"IGHJ6*02"	"TGTGCACGAACACCTGTGGATTACTCTGGTTCGGGGGGGTTGGTCGGTATGGACGTCTGG"	49923.3
"1166_1_2_B11"	"1166_1_2_B11_TRINITY_DN1_c1_g1_i1_H"	"IGHV1-46*01"	"IGHJ6*02"	"TGTGCGAGACCTAAGTATCCCCTCATCCACTACTTCGGTATGGACGTCTGG"	86854.5
"1166_1_2_O06"	"1166_1_2_O06_TRINITY_DN1_c2_g1_i1_H"	"IGHV3-11*01"	"IGHJ6*02"	"TGTGCGAGAGATCTAGACGGATACAGTTTTGGTTCCGCTATGGACGTCTGG"	62145.8
"1166_1_2_A06"	"1166_1_2_A06_TRINITY_DN1_c1_g1_i1_H"	"IGHV1-3*01"	"IGHJ4*02"	"TGTGCGAGAGTGAGATTCGCCCTAAAATTTACTTTTGGGGGAGTCTCAGTTGCGCTTGAGTACTGG"	69034.9
"1166_1_2_M15"	"1166_1_2_M15_TRINITY_DN2_c1_g1_i1_H"	"IGHV1-69*01,IGHV1-69D*01"	"IGHJ4*02"	"TGTGCGGTTGCACCAGCTGGCACGGGTTATTTTGACTACTGG"	35523.4
"1166_1_1_G09"	"1166_1_1_G09_TRINITY_DN1_c0_g1_i1_H"	"IGHV3-53*01"	"IGHJ4*02"	"TGTGCGAGAGTCGATTGGTGGGACCATAAATTTGACTCTTGG"	5106.8
"1166_1_2_D11"	"1166_1_2_D11_TRINITY_DN2_c2_g1_i1_H"	"IGHV3-11*01"	"IGHJ4*02"	"TGTGCGAGAGTTGAGGAGTGGAGCGCCTATTTTGACTACTGG"	31483.3
"1166_1_2_C04"	"1166_1_2_C04_TRINITY_DN2_c3_g1_i1_H"	"IGHV2-70*11"	"IGHJ4*02"	"TGTGCACGGATGCGATCCCCAGGTAGTCCACTTGACTTCTGG"	34120.5
"1166_1_2_B13"	"1166_1_2_B13_TRINITY_DN7_c6_g1_i1_H"	"IGHV1-69*04"	"IGHJ2*01"	"TGTGCGAGAGGGGTGATTAGGGCACTGGCTGGTAGGGAGGTCTGGTACTTCGATCTCTGG"	133060
"1166_1_2_G13"	"1166_1_2_G13_TRINITY_DN2_c2_g1_i1_H"	"IGHV3-11*01"	"IGHJ4*02"	"TGTGCGAGAGCCCCAAGTCATAGCAGCGCCTGGTACCTCGACTACTGG"	75933.8
"1166_1_2_D14"	"1166_1_2_D14_TRINITY_DN4_c1_g1_i1_H"	"IGHV4-39*01,IGHV4-39*02"	"IGHJ3*02"	"TGTGCGTGGGGTGTAAAACGTGTCACTAGGCTTCGGGGAGTTATTGCGGTCGTGGAAGGAGATGCTTTTGATATCTGG"	74734.4
"1166_1_1_O20"	"1166_1_1_O20_TRINITY_DN2_c4_g1_i1_H"	"IGHV3-49*03"	"IGHJ5*02"	"TGTGCTAGAGATCTGGCGGGTGACAGTCCGCGTTACGGTGACTACGTTGGGTGGTTCGACCCCTGG"	111952
"1166_1_2_N05"	"1166_1_2_N05_TRINITY_DN2_c2_g1_i1_H"	"IGHV3-23*01,IGHV3-23*04,IGHV3-23D*01"	"IGHJ4*02"	"TGTGCGAGACGGTCTCATTATAATAAACGACACTTTGACTTCTGG"	66703.9
"1166_1_2_J15"	"1166_1_2_J15_TRINITY_DN1_c0_g1_i1_H"	"IGHV4-31*03"	"IGHJ3*02"	"TGTGCGAGACACGTGGATGAAGTTCTGGTCAGTCGTGCTTTTGATATCTGG"	1072.62
"1166_1_2_C06"	"1166_1_2_C06_TRINITY_DN2_c2_g1_i1_H"	"IGHV3-30*01,IGHV3-30*03,IGHV3-30*04"	"IGHJ5*02"	"TGTGCGAGAGATTCTAGACCTTATTGTAGTAGTACCAACTGCCCACTAAGGGGGTTCGACCCCTGG"	92757.3
"1166_1_2_E10"	"1166_1_2_E10_TRINITY_DN3_c0_g2_i1_H"	"IGHV3-30*01,IGHV3-30*06,IGHV3-30*11"	"IGHJ6*02"	"TGTGCGAGAGATAATTGTGATGGTACCGTCTGTGACTTCTACTACTATTACGGTATTGACGTCTGG"	38912.5
"1166_1_2_F08"	"1166_1_2_F08_TRINITY_DN3_c2_g1_i1_H"	"IGHV2-5*02"	"IGHJ3*02"	"TGTGCACGCCTAGAAAATGACTATGATGCTTTTGATATCTGG"	48391.5
"1166_1_2_P11"	"1166_1_2_P11_TRINITY_DN5_c1_g1_i1_H"	"IGHV3-30-3*01"	"IGHJ4*02"	"TGTGCGAGAGAAGAACGGATGATAGTAGTAATTATCCCAATGGAAGCCTTTGACTACTGG"	214688
"1166_1_2_H15"	"1166_1_2_H15_TRINITY_DN2_c0_g2_i1_H"	"IGHV1-2*04"	"IGHJ6*02"	"TGTGCGAGAAGTAGGACGGGTAAAATCGCCCATTATGGTATGGACGTCTGG"	80128.7
"1166_1_2_M14"	"1166_1_2_M14_TRINITY_DN1_c0_g1_i1_H"	"IGHV3-49*04"	"IGHJ6*02"	"TGTTGTCGAACTCCTGGACCTCGATTAGACTTTGATAGTAGTACTTCCGAACCCTCTTACTTCTACTACTACGGAATCGATGTCTGG"	1285.98
"1166_1_2_A02"	"1166_1_2_A02_TRINITY_DN1_c2_g2_i1_H"	"IGHV3-11*01"	"IGHJ4*02"	"TGTGCGAAACTAGAATATAGTGGCTACCACTTTGACTACTGG"	53825.4
"1166_1_2_D04"	"1166_1_2_D04_TRINITY_DN1_c8_g1_i1_H"	"IGHV1-8*01"	"IGHJ5*02"	"TGTGCGAGAACTCCACACTTATTAGGACATTTTTCCTGGTTCGACCCCTGG"	130697
"1166_1_2_A11"	"1166_1_2_A11_TRINITY_DN2_c3_g1_i1_H"	"IGHV3-21*01"	"IGHJ6*02"	"TGTGCGAGAGAACGGATACAGTTGAGGGGTATGGACGTCTGG"	117532
"1166_1_2_L04"	"1166_1_2_L04_TRINITY_DN3_c1_g1_i1_H"	"IGHV2-70*11"	"IGHJ4*02"	"TGTGCACGGGATCGGGCGGTTCGGGGAGCCCCCTTTGACTACTGG"	44639.2
"1166_1_2_H10"	"1166_1_2_H10_TRINITY_DN2_c3_g1_i1_H"	"IGHV2-5*02"	"IGHJ4*02"	"TGTGCACACCTTGATAGCAGTGGCTGGGATTTCTTTGACTACTGG"	82059.7
"1166_1_2_D05"	"1166_1_2_D05_TRINITY_DN2_c0_g1_i2_H"	"IGHV4-39*01"	"IGHJ4*02"	"TGTGCGAGAGAGGCACCAAGTGGCCTCCTTGACTCCTGG"	5749.86
"1166_1_2_L13"	"1166_1_2_L13_TRINITY_DN1_c0_g1_i1_H"	"IGHV4-61*01,IGHV4-61*08"	"IGHJ4*02"	"TGTGCGAGAGTTCATTGGAATTATTACGATCTTTTGACTGGTTACTACTACTACTTTGACTACTGG"	56410.6
"1166_1_2_P07"	"1166_1_2_P07_TRINITY_DN0_c0_g1_i1_H"	"IGHV3-30*18,IGHV3-30-5*01"	"IGHJ4*01"	"TGTGCGAAAGATCCTGGGATGGGGGGATATCATGATTTTTTCTCGGACTGG"	1819.32
"1166_1_2_C15"	"1166_1_2_C15_TRINITY_DN1_c0_g1_i2_H"	"IGHV4-31*03"	"IGHJ6*02"	"TGTGCGGGACTTTATCGTGGCTACGAGCAAACCCTAAACATCTACTACTCTTTCGGTCTGGACGTCTGG"	1167.64
"1166_1_1_C07"	"1166_1_1_C07_TRINITY_DN9_c3_g1_i1_H"	"IGHV3-30*07,IGHV3-30*12,IGHV3-30*15"	"IGHJ4*02,IGHJ5*02"	"TGTGCGAGAGATTATTTTCCCTTATCGGTGAAGAGTGGATTGAAGCAATTCTGG"	46971.3
"1166_1_2_B09"	"1166_1_2_B09_TRINITY_DN1_c0_g1_i1_H"	"IGHV3-21*01"	"IGHJ4*02"	"TGTGCGAGAGATTATGAGGCATATAGCAGTCACGGTAGTCGGTCTGCTTTTGACTCCTGG"	1125.38
"1166_1_2_H09"	"1166_1_2_H09_TRINITY_DN2_c0_g1_i1_H"	"IGHV5-51*03"	"IGHJ4*02"	"TGTGCGAGACAAGATGGCTATAATGAGGACATCTTTGAATACTGG"	49134.4
"1166_1_2_N15"	"1166_1_2_N15_TRINITY_DN0_c0_g1_i1_H"	"IGHV1-69*04"	"IGHJ6*02"	"TGTGCGAGAGATTTGTATATTGTAGTACTACCAGAGCCCTACTATTACGGTATGGACGTCTGG"	1130.67
"1166_1_2_M04"	"1166_1_2_M04_TRINITY_DN3_c4_g1_i1_H"	"IGHV3-11*01"	"IGHJ4*02"	"TGTGCGAGATCTCCGGAGTGGGACCTGTGGTACTTTGACTACTGG"	60074.6
"1166_1_2_C02"	"1166_1_2_C02_TRINITY_DN2_c2_g2_i1_H"	"IGHV4-39*01"	"IGHJ4*02"	"TGTGTGAGACATACCCCGCCGATTGTTGTGGACGTAGGTCCTTTGACCCATCCGGCGGACTACTGG"	106970
"1166_1_2_G03"	"1166_1_2_G03_TRINITY_DN4_c0_g1_i1_H"	"IGHV3-33*01"	"IGHJ4*02"	"TGTGCGAGAGATTATGTACCGTTAGGAGCAGTACTTGCTATCGGTTACTGG"	75569.2
"1166_1_2_B10"	"1166_1_2_B10_TRINITY_DN2_c0_g1_i1_H"	"IGHV3-9*01"	"IGHJ6*02"	"TGTGCAAGAGATAAACTCCCGTATACCACCTCGTCCTATCACTTCGCTATGGACGTCTGG"	175991
"1166_1_2_H02"	"1166_1_2_H02_TRINITY_DN2_c4_g1_i1_H"	"IGHV4-39*01"	"IGHJ4*02"	"TGTGCGAGAGAGGCACCAAGTGGCCTCCTTGACTCCTGG"	56926.5
"1166_1_2_B04"	"1166_1_2_B04_TRINITY_DN1_c3_g1_i1_H"	"IGHV3-11*01"	"IGHJ4*02"	"TGTGCGAGAGAGTCCGAGTGGGAGCTACCCATGTATAACTTTGACTCCTGG"	74391.5
"1166_1_2_F04"	"1166_1_2_F04_TRINITY_DN2_c3_g1_i1_H"	"IGHV3-11*01"	"IGHJ4*02"	"TGTGCGAGAGTTGAGGAGTGGAGCGCCTATTTTGACTACTGG"	49910.8
"1166_1_2_F07"	"1166_1_2_F07_TRINITY_DN2_c0_g1_i1_H"	"IGHV3-9*01"	"IGHJ6*02"	"TGTGCAAGAGATAAACTCCCGTATACCACCTCGTCCTATCACTTCGCTATGGACGTCTGG"	83385.8
"1166_1_2_N07"	"1166_1_2_N07_TRINITY_DN3_c3_g2_i1_H"	"IGHV1-18*01,IGHV1-18*04"	"IGHJ1*01"	"TGTGCGAGAGGTCGCCCGACGCTGCATAGCAGTGGCCTTCAATACTTCCAATACTGG"	87335.2
"1166_1_2_L14"	"1166_1_2_L14_TRINITY_DN4_c1_g1_i1_H"	"IGHV3-23*01,IGHV3-23*04,IGHV3-23D*01"	"IGHJ4*02"	"TGTGCGAGACGGTCTCATTATAATAAACGACACTTTGACTTCTGG"	59781.2
"1166_1_2_J12"	"1166_1_2_J12_TRINITY_DN8_c4_g1_i1_H"	"IGHV3-23*01,IGHV3-23D*01"	"IGHJ6*02"	"TGTGCGAAGGGGAGGAAGGCGGGCTACTACGCTATGGACGTCTGG"	81456.1
"1166_1_2_J10"	"1166_1_2_J10_TRINITY_DN2_c3_g1_i1_H"	"IGHV1-8*01"	"IGHJ6*02"	"TGTGCGAGAGTCCCGGGCACTCATAGCGGCTCTCTCTACTACTACCACGGTATGGACGTCTGG"	185453
"1166_1_1_G20"	"1166_1_1_G20_TRINITY_DN1_c0_g1_i1_H"	"IGHV4-4*07"	"IGHJ6*02"	"TGTGCGAGAGACGATTTTTGGAGTGGTTACTACCCTCAGGAGGGGGGCTACTACGGTATGGACGTCTGG"	4570.08
"1166_1_2_K12"	"1166_1_2_K12_TRINITY_DN1_c0_g1_i1_H"	"IGHV2-70*01"	"IGHJ6*02"	"TGTGCACGGTTCCTGATGGTTCGGGGACTTATTCCCCACGGACTCGGGCACTACGGTATGGACGTCTGG"	17622.9
"1166_1_1_D14"	"1166_1_1_D14_TRINITY_DN2_c4_g1_i1_H"	"IGHV2-5*02"	"IGHJ3*01"	"TGTGCACACATCACCGGTCTCCTTGATGCTTTTGATGTCTGG"	130615
"1166_1_2_M05"	"1166_1_2_M05_TRINITY_DN1_c1_g1_i1_H"	"IGHV5-51*03"	"IGHJ4*02"	"TGTGCGAGACAAGATGGCTATAATGAGGACATCTTTGAATACTGG"	27065.2
"1166_1_2_C03"	"1166_1_2_C03_TRINITY_DN2_c0_g1_i1_H"	"IGHV3-30*18,IGHV3-30-5*01"	"IGHJ3*02"	"TGTGCGAAGGACCAAATATCATACACCTATGGGGGTGATGCTTTTGATATGTGG"	2437.44
"1166_1_2_D10"	"1166_1_2_D10_TRINITY_DN5_c0_g2_i1_H"	"IGHV3-30-3*01"	"IGHJ4*02"	"TGTGCGCGAGATTTTTCCGCGATTTTTGGAGTGGTTCCGGAATACTACTTTGACCACTGG"	111544
"1166_1_2_B15"	"1166_1_2_B15_TRINITY_DN2_c2_g1_i1_H"	"IGHV3-11*01"	"IGHJ4*02"	"TGTGCGAGGGATCCGGAGTGGGAGCCTAACTGCTTTGACTACTGG"	64286.6
"1166_1_2_M12"	"1166_1_2_M12_TRINITY_DN2_c2_g1_i1_H"	"IGHV3-23*01,IGHV3-23*04,IGHV3-23D*01"	"IGHJ4*02"	"TGTGCGAGACGGTCTCATTATAATAAACGACACTTTGACTTCTGG"	152582
"1166_1_2_C14"	"1166_1_2_C14_TRINITY_DN3_c3_g1_i1_H"	"IGHV3-9*01"	"IGHJ4*02"	"TGTACAAGAGTGTATAGCACCAGCTGGTGGCATTTCCACTTTGACTTCTGG"	110071
"1166_1_2_A12"	"1166_1_2_A12_TRINITY_DN2_c1_g1_i1_H"	"IGHV3-30*18,IGHV3-30-5*01"	"IGHJ6*02"	"TGTGCGAAAGACTATTACTATGGTGTGCGACGTTTTAGGGGGGGCATGGACGTCTGG"	125148
"1166_1_2_N11"	"1166_1_2_N11_TRINITY_DN5_c1_g1_i1_H"	"IGHV3-11*01"	"IGHJ3*01"	"TGTGCGAGAGATCGGGACTACGGTAATGCTTTTGATGTCTGG"	39390.7
"1166_1_2_F02"	"1166_1_2_F02_TRINITY_DN1_c0_g1_i1_H"	"IGHV2-70*11"	"IGHJ6*02"	"TGTGCACGAACACCTGTGGATTACTCTGGTTCGGGGGGGTTGGTCGGTATGGACGTCTGG"	1289.97
"1166_1_2_C08"	"1166_1_2_C08_TRINITY_DN4_c2_g1_i1_H"	"IGHV4-39*02"	"IGHJ3*02"	"TGTGCGAGACGGCGATTACTATCCTCCGCCGCGGGTGATGCTTTTGATATCTGG"	100486
"1166_1_2_G09"	"1166_1_2_G09_TRINITY_DN4_c0_g1_i1_H"	"IGHV3-33*01"	"IGHJ4*02"	"TGTGCGAGAGATTATGTACCGTTAGGAGCAGTACTTGCTATCGGTTACTGG"	47067.7
"1166_1_2_C10"	"1166_1_2_C10_TRINITY_DN1_c1_g1_i2_H"	"IGHV1-69*01,IGHV1-69D*01"	"IGHJ3*02"	"TGTGCGAGGTACTGTGGTGGTGACTGCTATACAGGGCCACGCCATGCTTTTGATATCTGG"	2281.15
"1166_1_2_I06"	"1166_1_2_I06_TRINITY_DN3_c0_g1_i1_H"	"IGHV3-53*01"	"IGHJ3*02"	"TGTGCGAGAGCCCTCGTCATAGCAGTGGCTGGACGGGGTGCTTTTGATATCTGG"	53370
"1227_1_2_A02"	"1227_1_2_A02_TRINITY_DN0_c0_g1_i1_H"	"IGHV3-48*04"	"IGHJ4*02"	"TGTGCGAGAGACGCTGGTGATAGTAGTGGTTATTACTATATAGACTACTGG"	9016.83
"1227_1_2_A04"	"1227_1_2_A04_TRINITY_DN3_c3_g1_i1_H"	"IGHV3-33*01"	"IGHJ4*02"	"TGTGCGAGAGCGGCCTTTACATATTACGATCTTTTGATTGGTTATTTCCCTGATTACTTTGACATCTGG"	55461.2
"1227_1_2_A05"	"1227_1_2_A05_TRINITY_DN1_c1_g1_i2_H"	"IGHV4-4*07"	"IGHJ4*02,IGHJ5*02"	"TGTGCGAGGAGCCCTAGCAGCTACTACATGAACTATTTCGATTCGTGG"	3600.19
"1227_1_2_A06"	"1227_1_2_A06_TRINITY_DN2_c0_g1_i1_H"	"IGHV4-39*01"	"IGHJ4*02"	"TGTGCGAGACGACCATACACTTATGGTTTCGGATGGTACTTTGACTCCTGG"	43065.2
"1227_1_2_B02"	"1227_1_2_B02_TRINITY_DN0_c0_g1_i1_H"	"IGHV4-39*01"	"IGHJ5*02"	"TGTGCGAGACAGGGTAGCAGCAGCTGGGTATGGGCCCCCTGGTTCGACCCCTGG"	8534.68
"1227_1_2_B06"	"1227_1_2_B06_TRINITY_DN1_c0_g1_i2_H"	"IGHV4-61*01"	"IGHJ5*02"	"TGTGCGAGAAGGGGTTACGATTTTCAAATAAACTGGTTCGACCCCTGG"	1902.24
"1227_1_2_B07"	"1227_1_2_B07_TRINITY_DN3_c7_g2_i1_H"	"IGHV3-53*01,IGHV3-53*02"	"IGHJ6*02"	"TGTGCGCGGGAATCTATGGCTCGGGGAGTTGTTGTTTCCTACTACTATTACTCTATGGACGTCTGG"	81634.9
"1227_1_2_B08"	"1227_1_2_B08_TRINITY_DN3_c1_g1_i1_H"	"IGHV1-3*01"	"IGHJ4*02"	"TGTGCGCGAGATCGGCACCCTTTGATGTCGGGTCTGACGGTTCTTGACTACTGG"	37396.3
"1227_1_2_C02"	"1227_1_2_C02_TRINITY_DN2_c0_g1_i2_H"	"IGHV3-33*03"	"IGHJ2*01"	"TGTGCGAGGGGATATAGTGGCTACGAGTACTGGTACTTCGATCTCTGG"	10412
"1227_1_2_C04"	"1227_1_2_C04_TRINITY_DN8_c8_g1_i1_H"	"IGHV4-59*08"	"IGHJ4*02"	"TGTGCGAGACAGGATATAGCGAAAGCTACCCTTGACTCCTGG"	99321.8
"1227_1_2_C07"	"1227_1_2_C07_TRINITY_DN1_c0_g1_i2_H"	"IGHV3-30*18,IGHV3-30-5*01"	"IGHJ4*02"	"TGTGCGAAAGGCGTCCAATTACTATGGTTCGGGGAGTTATCGCACTGG"	4868.94
"1227_1_2_D03"	"1227_1_2_D03_TRINITY_DN7_c9_g1_i1_H"	"IGHV1-3*01"	"IGHJ6*02"	"TGTGCGAGAGCACGGGAGTATTACTATGATACCAGTGGTTATTATCGCCACAATTACTTCGGTATGGACGTCTGG"	44732.4
"1227_1_2_D05"	"1227_1_2_D05_TRINITY_DN0_c0_g1_i1_H"	"IGHV1-46*01,IGHV1-46*03"	"IGHJ4*02"	"TGTGTTCGGAATTCGGGGAGTGGATTTGACTACTGG"	352.562
"1227_1_2_D07"	"1227_1_2_D07_TRINITY_DN4_c7_g1_i1_H"	"IGHV3-33*01"	"IGHJ4*02,IGHJ5*02"	"TGTGCGAGGGGAGAATTAAGGAGGGGCCCCCACAGGATGGCCTTCTGG"	116203
"1227_1_2_E01"	"1227_1_2_E01_TRINITY_DN7_c0_g1_i1_H"	"IGHV1-2*02,IGHV1-2*03"	"IGHJ4*02"	"TGTGCGAGAGATCCTCAAACATATTACGATATATTCGACTACTTTGACATCTGG"	21171.8
"1227_1_2_E02"	"1227_1_2_E02_TRINITY_DN4_c2_g1_i1_H"	"IGHV3-30*03"	"IGHJ4*02"	"TGTGCGAGAGGGTGGGGAGATACTGGGGGTTATTCCTCCTCCGCCGACTTTGACTACTGG"	82355.3
"1227_1_2_E03"	"1227_1_2_E03_TRINITY_DN2_c9_g1_i1_H"	"IGHV1-69-2*01"	"IGHJ4*02"	"TGTGCAACAGGTTGGGGGCGGGCACTAGATGGTAGCCTCCTCCACTGG"	328450
"1227_1_2_E04"	"1227_1_2_E04_TRINITY_DN0_c0_g1_i1_H"	"IGHV1-69*01,IGHV1-69*11,IGHV1-69*12"	"IGHJ5*02"	"TGTGCGAGAAGTCACGTAACGGTGACTGGTACGAAGACCTGGTTCGACCTCTGG"	6894.38
"1227_1_2_E06"	"1227_1_2_E06_TRINITY_DN1_c0_g1_i2_H"	"IGHV3-53*02"	"IGHJ3*02"	"TGTGCGAGAGATTACGATGCTTTTGATATCTGG"	4288.74
"1227_1_2_E07"	"1227_1_2_E07_TRINITY_DN1_c0_g1_i1_H"	"IGHV3-23*01,IGHV3-23D*01"	"IGHJ4*02"	"TGTGCGGCCACAGCTCTGGCCGCGGGCTATTTTGACTACTGG"	7419.96
"1227_1_2_F01"	"1227_1_2_F01_TRINITY_DN1_c0_g1_i1_H"	"IGHV1-69*11,IGHV1-69*12"	"IGHJ4*02"	"TGTGCGAGACCTCTTTTTTATTACGATACTAGTGATTATCGATTCGGGGACCCCTTTCACTACTGG"	690.222
"1227_1_2_F02"	"1227_1_2_F02_TRINITY_DN0_c0_g1_i1_H"	"IGHV4-39*01"	"IGHJ5*02"	"TGTGCGAGACAAGTGGCGGGGTGGATGGCGAACAGACGCAACTGGTTCGACCCCTGG"	5058.36
"1227_1_2_G03"	"1227_1_2_G03_TRINITY_DN2_c6_g1_i1_H"	"IGHV4-59*01"	"IGHJ6*02"	"TGTGCGAGAGATTGGCGAGGAGCGGCGGTAGGTGCTGACACGTATTCTTACTACCGACATGGTTTGGACGTCTGG"	60729.9
"1227_1_2_G07"	"1227_1_2_G07_TRINITY_DN1_c0_g1_i2_H"	"IGHV5-51*03"	"IGHJ4*02"	"TGTGCGAAAACCCCTTATGATAGTAGTGGTTATTTACCCCTCTACTACTTTGACTACTGG"	2165.86
"1227_1_2_H01"	"1227_1_2_H01_TRINITY_DN1_c0_g1_i1_H"	"IGHV1-69*01,IGHV1-69*06,IGHV1-69D*01"	"IGHJ4*02,IGHJ5*02"	"TGTGCGAATAAGATGAGAGAAGGCTTCAATTCGTACTTTGACCGGTGG"	14312.1
"1227_1_2_H03"	"1227_1_2_H03_TRINITY_DN2_c0_g1_i4_H"	"IGHV4-39*01"	"IGHJ3*02"	"TGTGCGAGACTCGGACGCACGACTATTACTATGATAGTAGTGCCCATCTGG"	11651.2
"1227_1_2_H05"	"1227_1_2_H05_TRINITY_DN6_c0_g1_i1_H"	"IGHV3-53*01,IGHV3-53*02"	"IGHJ6*02"	"AGTGCGCGGGAATCTATGGCTCGGGGAGTTGTTGATTCCTACTACTATTACTCTATGGACGTCTCG"	49701.9
"1227_1_2_H07"	"1227_1_2_H07_TRINITY_DN8_c1_g1_i1_H"	"IGHV1-69*06,IGHV1-69*14"	"IGHJ3*02"	"TGTGCGAGAGGGATGGTTCGGGGAAAAACTTTTGGTGATTTTGATATCTGG"	45632.2
"1227_1_2_H08"	"1227_1_2_H08_TRINITY_DN1_c1_g1_i1_H"	"IGHV3-33*01,IGHV3-33*05"	"IGHJ4*02"	"TGTGTGAGAGATACTTCACGATATTTTGACTGGGCATTATCCCAAGAGGGCGAGTTCTACTTTGACTTCTGG"	46651.6
"1227_1_2_I05"	"1227_1_2_I05_TRINITY_DN7_c11_g1_i1_H"	"IGHV1-2*02"	"IGHJ3*01"	"TGCGCGAGAATTCGAGCAGCAGCTGGTAAATTGGTGACGTTTGGGGCTTTTGATGTCTGG"	286166
"1227_1_2_I06"	"1227_1_2_I06_TRINITY_DN1_c0_g1_i2_H"	"IGHV3-48*01"	"IGHJ4*02"	"TGTGCGAGAGGCCTCTGGTTTGACTACTGG"	1039.11
"1227_1_2_I07"	"1227_1_2_I07_TRINITY_DN0_c0_g1_i1_H"	"IGHV4-39*01"	"IGHJ4*02"	"TGTGCGAGACAAGGGGTTATAGACCTGTGGATTGAATACTGG"	187664
"1227_1_2_J02"	"1227_1_2_J02_TRINITY_DN0_c0_g1_i1_H"	"IGHV1-69*02"	"IGHJ4*02"	"TGTGCGAGAGATAGGTATAGCAGCAGCTCCGGGGACTACTGG"	13461.2
"1227_1_2_J04"	"1227_1_2_J04_TRINITY_DN7_c9_g1_i1_H"	"IGHV1-46*03"	"IGHJ6*02"	"TGTACTAGGGCGAAATTTCCTCATTTTTACCACTACCAATACTCCATGGACGTCTGG"	104204
"1227_1_2_J05"	"1227_1_2_J05_TRINITY_DN3_c1_g2_i1_H"	"IGHV1-69*02"	"IGHJ5*01"	"TGTGCGACGTCTGTTAGAATACTTCGGGGAATTATTACAAACTACTTCGACTCCTGG"	74513.2
"1227_1_2_J08"	"1227_1_2_J08_TRINITY_DN5_c1_g1_i1_H"	"IGHV4-39*01"	"IGHJ6*02"	"TGTGCGAGACATCTCAACCCGTGGTTCGGGGCTCCCATGGACGTCTGG"	130068
"1227_1_2_K01"	"1227_1_2_K01_TRINITY_DN0_c4_g1_i1_H"	"IGHV1-18*01"	"IGHJ6*02"	"TGTGCGAGACTGGGGATAACTCTGGTTCGGGGAGCTGCAATATCTCACTTCTTTTACAAGGGAATGGACGTCTGG"	83761.4
"1227_1_2_K02"	"1227_1_2_K02_TRINITY_DN5_c2_g1_i1_H"	"IGHV2-26*01"	"IGHJ4*02"	"TGTGCACGGATAGGAGTCCTTGGGAGCTACTGGGGGGGCTACTTTGACTTCTGG"	40417.6
"1227_1_2_K03"	"1227_1_2_K03_TRINITY_DN5_c2_g1_i1_H"	"IGHV3-30*03"	"IGHJ1*01"	"TGTGCGAGAGCTAGCCACCCGCTTAACGTAATTAGTCCCTCCGGTCCGCACTGG"	89030
"1227_1_2_K05"	"1227_1_2_K05_TRINITY_DN2_c6_g1_i1_H"	"IGHV3-33*01"	"IGHJ6*02"	"TGTGCGAGAGAGTTGTGGTTCGGGAAATTACGCGGTATGGACGTCTGG"	74895.7
"1227_1_2_K07"	"1227_1_2_K07_TRINITY_DN3_c0_g1_i2_H"	"IGHV5-10-1*01"	"IGHJ4*02"	"TGTGCGAGACTCGGAATTATAGCATCTGGTGTTGACTACTGG"	2924.73
"1227_1_2_L01"	"1227_1_2_L01_TRINITY_DN0_c0_g1_i1_H"	"IGHV3-33*01,IGHV3-33*06"	"IGHJ3*02"	"TGTGCGACTTCGTATTACTATGATAGTAGTGGTACTCTTTTTGCTTTTGATATCTGG"	1388.71
"1227_1_2_L02"	"1227_1_2_L02_TRINITY_DN4_c12_g1_i1_H"	"IGHV3-74*01,IGHV3-74*03"	"IGHJ4*02"	"TGTGCAAGAGATTTGATGATTCGGGGAGTTGACTACTGG"	177017
"1227_1_2_L03"	"1227_1_2_L03_TRINITY_DN1_c0_g1_i3_H"	"IGHV4-59*08"	"IGHJ5*02"	"TGTGCGAGACTGAGGGTGTATGACATCAAGTGGTATCCCTGGTTCGTCACCTGG"	1237.65
"1227_1_2_L04"	"1227_1_2_L04_TRINITY_DN1_c10_g1_i1_H"	"IGHV1-69*01,IGHV1-69*12,IGHV1-69*13"	"IGHJ6*02"	"TGTGCGAAAGCGGGGGGGGACTACAGCTATGCCCGGCCGAGGTACTACTACGGTATGGACGTCTGG"	58205.1
"1227_1_2_L07"	"1227_1_2_L07_TRINITY_DN4_c6_g1_i1_H"	"IGHV1-69*01,IGHV1-69D*01"	"IGHJ6*02"	"TGTGCGAGGCGTCGCCATATAGAAGCTCCTGTTTCCTCGAGGTACTACTACGCTATGGACGTCTGG"	112610
"1227_1_2_M02"	"1227_1_2_M02_TRINITY_DN2_c0_g1_i3_H"	"IGHV4-39*01"	"IGHJ5*02"	"TGTGTGAGACTTTTACATACAGGTATTAATACTTGGCTCGACCCCTGG"	6196.58
"1227_1_2_M07"	"1227_1_2_M07_TRINITY_DN0_c0_g1_i2_H"	"IGHV4-39*01"	"IGHJ5*02"	"TGTGCGAGAGACAAAGAGATGGCTACAATTTCTAGCTGGTTCGACCCCTGG"	12471.7
"1227_1_2_M08"	"1227_1_2_M08_TRINITY_DN1_c9_g1_i1_H"	"IGHV3-49*03"	"IGHJ4*02"	"TGTACCCTTGCTATGACCAGGGGGTACTTTGACTACTGG"	99057.2
"1227_1_2_N03"	"1227_1_2_N03_TRINITY_DN1_c0_g1_i2_H"	"IGHV4-39*01"	"IGHJ4*02"	"TGTGCGAGACAGAATTTTGTACTAATGGTGTATGCTGATTACTTTGACTACTGG"	12221.4
"1227_1_2_N06"	"1227_1_2_N06_TRINITY_DN1_c1_g1_i1_H"	"IGHV4-31*03"	"IGHJ2*01"	"TGTGCGAGAGCTGCTACGGTGACATCCTACTGGAACTTCGATCTCTGG"	7913.91
"1227_1_2_O03"	"1227_1_2_O03_TRINITY_DN1_c2_g1_i1_H"	"IGHV4-59*08"	"IGHJ3*02"	"TGTGCGGCCCCCCGGCTTTTGGGTAAAGCTTTTGACATCTGG"	48574.3
"1227_1_2_O04"	"1227_1_2_O04_TRINITY_DN5_c1_g1_i1_H"	"IGHV4-59*01,IGHV4-59*02,IGHV4-59*07"	"IGHJ5*02"	"TGTGCGAGGATTTACGATTTTTCGAGTGGCGGATTCGACCCCTGG"	14105.6
"1227_1_2_O05"	"1227_1_2_O05_TRINITY_DN3_c10_g1_i1_H"	"IGHV4-39*01"	"IGHJ6*02"	"TGTGCGAGACATCTCAACCCGTGGTTCGGGGCTCCCATGGACGTCTGG"	155716
"1227_1_2_O06"	"1227_1_2_O06_TRINITY_DN0_c0_g1_i1_H"	"IGHV3-15*01"	"IGHJ6*02"	"TGCAATATTGACGTCTTCCTAAGTCCTAGTGATGCTGGCGATTACTATTACTCCCACGCTATGGACGTCTGG"	4451.25
"1227_1_2_O07"	"1227_1_2_O07_TRINITY_DN0_c0_g1_i1_H"	"IGHV1-69*01,IGHV1-69D*01"	"IGHJ6*02"	"TGTGCGAGAGCCAGGGGGAGCCACCCTCCGCGGTGGTACTACGGTATGGACATCTGG"	106760
"1227_1_2_P01"	"1227_1_2_P01_TRINITY_DN2_c5_g1_i1_H"	"IGHV2-26*01"	"IGHJ4*02"	"TGTGCACGGATAGGAGTCCTTGGGAGCTACTGGGGGGGCTACTTTGACTTCTGG"	47245.4
"1227_1_2_P04"	"1227_1_2_P04_TRINITY_DN1_c0_g1_i1_H"	"IGHV4-61*03"	"IGHJ4*02"	"TGTGCGAGGGACAGATATTACGATTTCTGGAGTGGTAATGGATACCTTGACAACTGG"	1083.86
"1227_1_2_P05"	"1227_1_2_P05_TRINITY_DN0_c3_g1_i1_H"	"IGHV3-23*01,IGHV3-23D*01"	"IGHJ4*02"	"TGTGCGAAATATGACTACAGTAACTACGTCGGCTACTGG"	28026.3
"1227_1_2_P07"	"1227_1_2_P07_TRINITY_DN3_c3_g1_i1_H"	"IGHV3-33*01"	"IGHJ6*02"	"TGTGCGAGAGATTTGATACAGCTATGGTCTCACCTCCACAGGGGTATGGACGTCTGG"	98006.9
"1227_1_2_P08"	"1227_1_2_P08_TRINITY_DN1_c0_g1_i1_H"	"IGHV3-23*01,IGHV3-23D*01"	"IGHJ6*02"	"TGTGCGAGAAACACGGGGCCTACAGTCTACTACTACTACGGTTTGGACGTCTGG"	14699.3
"1227_1_3_A03"	"1227_1_3_A03_TRINITY_DN0_c0_g1_i1_H"	"IGHV4-31*03"	"IGHJ4*02"	"TGTGCGAGAGGTCCTGGCGCAGCGAGGAGCTACCCCGTTCTTCTATTTGACTACTGG"	7561.82
"1227_1_3_C01"	"1227_1_3_C01_TRINITY_DN0_c0_g1_i1_H"	"IGHV3-30*03"	"IGHJ1*01"	"TGTGCGAGAGCTAGCCACCCGCTTAACGTAATTAGTCCCTCCGGTCCGCACTGG"	59286.4
"1227_1_3_D01"	"1227_1_3_D01_TRINITY_DN4_c2_g1_i1_H"	"IGHV1-46*01,IGHV1-46*02,IGHV1-46*03"	"IGHJ6*02"	"TGTGCCAGAGATCGGGATGTTGTGCTAATACCGGGTGGTATGCCCCACTACGGTATGGACGTCTGG"	95993.2
"1227_1_3_D02"	"1227_1_3_D02_TRINITY_DN1_c0_g1_i2_H"	"IGHV1-69*01,IGHV1-69D*01"	"IGHJ4*02"	"TGTGCGATAGAAACGTATTACTATGATAGTAGTGGTTACCGAACCGAGCTTGCTGACTACTGG"	228.019
"1227_1_3_D03"	"1227_1_3_D03_TRINITY_DN2_c0_g1_i1_H"	"IGHV1-69*06"	"IGHJ6*02"	"TGTGCGAAAGAAGAATACTTCTTTCCTTCGGGCAGTTCTTATAACAACTTCTACGGTATGGACGACTGG"	48847.9
"1227_1_3_E01"	"1227_1_3_E01_TRINITY_DN4_c3_g1_i1_H"	"IGHV4-4*07"	"IGHJ3*02"	"TGTGCGAGAGATTTGGTAGATGGCCTACGCTCGGCTTTTGATATCTGG"	74280.6
"1227_1_3_E02"	"1227_1_3_E02_TRINITY_DN5_c5_g1_i1_H"	"IGHV4-59*01"	"IGHJ6*02"	"TGTGCGAGAGATTGGCGAGGAGCGGCGGTAGGTGCTGACACGTATTCTTACTACCGACATGGTTTGGACGTCTGG"	62608.6
"1227_1_3_F02"	"1227_1_3_F02_TRINITY_DN0_c0_g1_i1_H"	"IGHV4-59*01,IGHV4-59*08"	"IGHJ5*02"	"TGTGCGAGATTCAATCTCCTCAACTGGCTCGACCCCTGG"	13709.1
"1227_1_3_H02"	"1227_1_3_H02_TRINITY_DN7_c4_g1_i1_H"	"IGHV4-59*01"	"IGHJ4*02,IGHJ5*02"	"TGTGCGAGAGAGGATTACCTGGGTTCGGGGAGTTACATTTTCTGG"	64105.2
"1227_1_3_I01"	"1227_1_3_I01_TRINITY_DN8_c2_g1_i1_H"	"IGHV4-59*01"	"IGHJ3*02"	"TGTGCGAAATTAAGTGTTCTTCTACCAGCTATAATCACCCACGACGCATTTGATATGTGG"	55134
"1227_1_3_I02"	"1227_1_3_I02_TRINITY_DN2_c8_g1_i1_H"	"IGHV1-69-2*01"	"IGHJ4*02"	"TGTATAATCCCGGGAGGTGCGGGAGCTCGGTCGTTTGACTACTGG"	131673
"1227_1_3_J01"	"1227_1_3_J01_TRINITY_DN2_c0_g1_i1_H"	"IGHV1-2*02"	"IGHJ4*02"	"TGTGCGAGGGCGGATTATGATTACGTTTGGGGGAGTTATCGTTATCTTGACTACTGG"	15847.1
"1227_1_3_J02"	"1227_1_3_J02_TRINITY_DN2_c3_g1_i1_H"	"IGHV3-30*18,IGHV3-30-5*01"	"IGHJ6*02"	"TGTGCGAAAGATCTGGACCTCGGCATTTTGACTGGTTTTTCTTATTACTACTACTACGGTATGGACGTCTGG"	15958
"1227_1_3_K01"	"1227_1_3_K01_TRINITY_DN4_c11_g1_i1_H"	"IGHV1-69*08"	"IGHJ4*01,IGHJ4*02"	"TGTGCGAGAGGCGTTGGGATTCTTGACTACTGG"	171805
"1227_1_3_L01"	"1227_1_3_L01_TRINITY_DN1_c0_g1_i1_H"	"IGHV3-15*01"	"IGHJ4*02"	"TGTACCACAAAGGTTAATACCGGCTACTGG"	6073.66
"1227_1_3_L02"	"1227_1_3_L02_TRINITY_DN3_c3_g1_i1_H"	"IGHV1-69-2*01"	"IGHJ4*02"	"TGTGCAACAATTGCGGCGGTGACGACGAGGCTTGACTTCTGG"	77396.9
"1227_1_3_N02"	"1227_1_3_N02_TRINITY_DN1_c0_g1_i1_H"	"IGHV3-23*01,IGHV3-23*04,IGHV3-23D*01"	"IGHJ4*02"	"TGTGCGAAAGGCCTAGATAGTAGTGGTTATTCACCCTTTGACTACTGG"	18740.6
"1227_1_3_P01"	"1227_1_3_P01_TRINITY_DN0_c0_g1_i3_H"	"IGHV5-51*03"	"IGHJ4*02"	"TGTGCGAGACTGGACGGGGGGCGGGACTACTTTGACTACTGG"	5755.09
"1227_1_3_P02"	"1227_1_3_P02_TRINITY_DN0_c0_g1_i1_H"	"IGHV3-15*01"	"IGHJ4*02"	"TGTGCCACATATTCATATAAGATTGGCTGGTACCACTTTGACTGCTGG"	1253.77
"1284_1_2_A02"	"1284_1_2_A02_TRINITY_DN0_c0_g1_i1_H"	"IGHV3-30-3*01"	"IGHJ4*02"	"TGTGCGAGAGATGAGGGGTCTCCTTATACCAGTGGCTGGTACTACTTTGACTACTGG"	6601.77
"1284_1_2_O04"	"1284_1_2_O04_TRINITY_DN3_c2_g1_i1_H"	"IGHV3-48*02"	"IGHJ4*02"	"TGTGCGCGAGGCCCATATTATTATGATATCACTGGCTATCCATTTGACTATTGG"	80616.3
"1284_1_4_A03"	"1284_1_4_A03_TRINITY_DN1_c0_g1_i1_H"	"IGHV3-30*02,IGHV3-30-5*02"	"IGHJ4*02"	"TGTGCGAAAGATGCGACTCGGGGAGCCGCCCTTCACTACTGG"	2605.68
"1284_1_4_A05"	"1284_1_4_A05_TRINITY_DN2_c5_g1_i1_H"	"IGHV4-34*01,IGHV4-34*02"	"IGHJ4*02,IGHJ5*02"	"TGTGGGAGACTGATCGGACACAATTATGGTTTTCGCTGG"	157841
"1284_1_4_A06"	"1284_1_4_A06_TRINITY_DN0_c0_g1_i1_H"	"IGHV3-53*01"	"IGHJ4*02"	"TGTGCGGCCCTTCCCTTCCGCAACTGGGCGATGCCAAATTATGACTACTGG"	7380.33
"1284_1_4_B01"	"1284_1_4_B01_TRINITY_DN1_c0_g1_i3_H"	"IGHV3-9*01"	"IGHJ3*02"	"TGTGTAAAAAGTACAGCAGCAGTCTTCGATGACCCCTATGATGCTTTTGATATGTGG"	2939.45
"1284_1_4_B05"	"1284_1_4_B05_TRINITY_DN6_c4_g1_i1_H"	"IGHV4-34*12"	"IGHJ4*02"	"TGTGCGAGACATGTACGGACTGCGGAGCGACTACCCCCCCGGGACTGG"	183097
"1284_1_4_C01"	"1284_1_4_C01_TRINITY_DN2_c0_g1_i1_H"	"IGHV3-53*01"	"IGHJ4*02"	"TGTGCGAGAGATGGAGATGGCTACAACCCAAACTACTTTGACTTCTGG"	10287.4
"1284_1_4_C03"	"1284_1_4_C03_TRINITY_DN0_c0_g1_i1_H"	"IGHV3-23*04"	"IGHJ6*02"	"TGTGCGAAATTCACCTTGGCTGGAAATAGGGGCTACTACTACTTTGGTATGGACGTCTGG"	1119.49
"1284_1_4_C05"	"1284_1_4_C05_TRINITY_DN2_c1_g1_i1_H"	"IGHV4-39*01"	"IGHJ5*02"	"TGTGCGAGACATGAACCAGGTGGAAGTTACTTTGCCCGGTTCGACCCCTGG"	81900
"1284_1_4_C06"	"1284_1_4_C06_TRINITY_DN2_c6_g1_i1_H"	"IGHV1-24*01"	"IGHJ6*02"	"TGTGCAGTAGGCCTCTTTATGACTCACCAAGACGGTATGGACGTCTGG"	110560
"1284_1_4_D01"	"1284_1_4_D01_TRINITY_DN0_c0_g1_i1_H"	"IGHV4-59*02"	"IGHJ4*02"	"TGTGCGAGTCATCAGGGGTCTGGCTCCTTTGACTTCTGG"	6531.6
"1284_1_4_D02"	"1284_1_4_D02_TRINITY_DN3_c0_g1_i1_H"	"IGHV5-51*01"	"IGHJ4*02"	"TGTGCGAGGCACATAGCAGTGCCTGATTCTCTTGACTATTGG"	6599.55
"1284_1_4_D03"	"1284_1_4_D03_TRINITY_DN1_c0_g1_i1_H"	"IGHV3-20*01"	"IGHJ4*02,IGHJ5*02"	"TGTGCGAGAGATTATTACTATGATAGTAGTGGAAATTCCCAACTTCCCCCTGCATATTGG"	7778.46
"1284_1_4_D04"	"1284_1_4_D04_TRINITY_DN1_c4_g1_i1_H"	"IGHV1-3*01"	"IGHJ4*02,IGHJ4*03"	"TGTGCGAGAGATGATTTTGGCCTCTTTGACTACTGG"	120886
"1284_1_4_D05"	"1284_1_4_D05_TRINITY_DN2_c0_g1_i1_H"	"IGHV1-18*04"	"IGHJ4*02"	"TGTGCGAGAGAAACTGTTGACTACTGG"	3650.07
"1284_1_4_D06"	"1284_1_4_D06_TRINITY_DN3_c0_g1_i1_H"	"IGHV4-39*01"	"IGHJ4*02"	"TGTGCGAGACTGAGAAGTGACTACGGTGAAGGCTACTTTGACTACTGG"	20892.2
"1284_1_4_E01"	"1284_1_4_E01_TRINITY_DN3_c0_g1_i1_H"	"IGHV3-48*02"	"IGHJ4*02"	"TGTGCGAGAGGCCCATATTACTATGATCTCACTGGCTATCCATTTGACTTCTGG"	77673.3
"1284_1_4_E03"	"1284_1_4_E03_TRINITY_DN0_c0_g1_i1_H"	"IGHV1-69*04"	"IGHJ4*02"	"TGTGCGAGAGGGTCCGAACTGGGGGAGCTCTTTGACCACTGG"	6815.5
"1284_1_4_E04"	"1284_1_4_E04_TRINITY_DN2_c0_g1_i1_H"	"IGHV5-51*01"	"IGHJ5*02"	"TGTGCGAGAGTGGATGGCAGGACGACTTGGCCGAGTTGGCTCGACCCCTGG"	3013.01
"1284_1_4_E05"	"1284_1_4_E05_TRINITY_DN2_c2_g1_i1_H"	"IGHV3-64D*06"	"IGHJ6*02"	"TGTGCGAGGCCTAATCTCTACCTCTCCTACGGTTTGGACGTCTGG"	78599.4
"1284_1_4_G02"	"1284_1_4_G02_TRINITY_DN1_c0_g1_i1_H"	"IGHV1-8*01"	"IGHJ5*02"	"TGTGCGAGATTCCGAGTGCAGGATTCGGGGACCAATTGGTTCGACCCCTGG"	9161.1
"1284_1_4_G03"	"1284_1_4_G03_TRINITY_DN2_c0_g2_i5_H"	"IGHV3-30-3*01"	"IGHJ6*02"	"TGTGCGACCCTACCAGCAATTCGGGGGGTAACCTCTGACGATCGGTACTCCTCTGATATCGACGTCTGG"	4130.05
"1284_1_4_G04"	"1284_1_4_G04_TRINITY_DN1_c0_g2_i1_H"	"IGHV3-48*03"	"IGHJ4*02"	"TGTGCGAGAGATGGTCGCTGGGCTGCTCGCCCTTTGGACTACTGG"	286.526
"1284_1_4_G05"	"1284_1_4_G05_TRINITY_DN0_c0_g1_i1_H"	"IGHV3-66*01,IGHV3-66*04"	"IGHJ6*02"	"TGTGCGAGAATCGACAGTAACGAGCAGTATTATTATTACGGTATGGACGTCTGG"	5766.69
"1284_1_4_H01"	"1284_1_4_H01_TRINITY_DN0_c0_g1_i1_H"	"IGHV3-21*01"	"IGHJ5*02"	"TGTGCGAGAGATCACGGAGCAGTGGCACCCTTCGACCCCTGG"	4200.39
"1284_1_4_H02"	"1284_1_4_H02_TRINITY_DN2_c0_g1_i1_H"	"IGHV1-18*01"	"IGHJ4*02"	"TGTGCGAGAGAGGGGGACTACGGCTACTTTGATGACTGG"	7035.85
"1284_1_4_H03"	"1284_1_4_H03_TRINITY_DN0_c0_g1_i1_H"	"IGHV3-49*05"	"IGHJ6*02"	"TGTACTAGACGCCATGATAATACTATCTCCTACAACTACTACGGGATGGACGTCTGG"	2373.19
"1284_1_4_H05"	"1284_1_4_H05_TRINITY_DN1_c0_g1_i1_H"	"IGHV3-21*01"	"IGHJ4*02"	"TGTGCGAGGGGCCGCAGCTGGTACACAGCGGACTTTGACTACTGG"	2650.23
"1284_1_4_I03"	"1284_1_4_I03_TRINITY_DN0_c0_g1_i1_H"	"IGHV5-51*01"	"IGHJ4*02"	"TGTGCGAGGACCCTAATTTCTTCGGGGTTTGACTACTGG"	1295.69
"1284_1_4_I04"	"1284_1_4_I04_TRINITY_DN0_c0_g1_i1_H"	"IGHV3-9*01"	"IGHJ4*02"	"TGTGCAAAAGGGGGCGTAACAGCAGTGGCTGGTACTTATTTAGACTACTGG"	4021.02
"1284_1_4_I05"	"1284_1_4_I05_TRINITY_DN2_c0_g2_i1_H"	"IGHV3-33*01"	"IGHJ3*02"	"TGTGCGAGAGAAGGCCAAAACGCTCTTGATATCTGG"	11446.3
"1284_1_4_J02"	"1284_1_4_J02_TRINITY_DN0_c0_g1_i1_H"	"IGHV4-34*01"	"IGHJ4*02"	"TGTGCGAGGCTTGCACAATGGCGTGGCAACTCCTGGGCGACGCTAGTCTACTTTGACTACTGG"	6008.87
"1284_1_4_J03"	"1284_1_4_J03_TRINITY_DN0_c0_g1_i1_H"	"IGHV2-5*02"	"IGHJ4*02"	"TGTGCACGCTACACTATATCAGGTGGGAAGTGGGACTACTGG"	20011.7
"1284_1_4_J04"	"1284_1_4_J04_TRINITY_DN1_c0_g1_i1_H"	"IGHV3-23*04"	"IGHJ1*01"	"TGTGCGAAAGATACAGGTGACACGATGTTTGGATTGATTCTTATGCGGGGATACTTCCAACACTGG"	4120.37
"1284_1_4_J05"	"1284_1_4_J05_TRINITY_DN2_c0_g1_i1_H"	"IGHV3-23*01,IGHV3-23D*01"	"IGHJ4*02"	"TGTGCGAAATCGCGGGATAGTAGTGGTTATACTGACTACTTTGACTACTGG"	4731.09
"1284_1_4_J06"	"1284_1_4_J06_TRINITY_DN1_c1_g1_i1_H"	"IGHV4-59*02"	"IGHJ4*02"	"TGTGCGAGAGTCGCACTGGGCGGTGAGTTTGGCCTTGACTACTGG"	4822.29
"1284_1_4_K01"	"1284_1_4_K01_TRINITY_DN1_c0_g1_i1_H"	"IGHV3-21*02"	"IGHJ4*02"	"TGTTCGACAACATTTGACTTCTGG"	64695.4
"1284_1_4_K03"	"1284_1_4_K03_TRINITY_DN2_c0_g1_i1_H"	"IGHV3-53*01"	"IGHJ4*02"	"TGTGCGAGAGGTGCCCCTCCATACTCCTTTGACTACTGG"	10549.8
"1284_1_4_K05"	"1284_1_4_K05_TRINITY_DN2_c0_g1_i5_H"	"IGHV5-10-1*03"	"IGHJ4*02"	"TGTGCGAGACTCATTTCCAGTGACTACGAAGACTACTGG"	6717.85
"1284_1_4_K06"	"1284_1_4_K06_TRINITY_DN1_c0_g1_i1_H"	"IGHV1-46*01"	"IGHJ4*02"	"TGTGCGAGAGATAAGTGGCTGGAACGGGGGCCTTTTGACTACTGG"	3621.09
"1284_1_4_L01"	"1284_1_4_L01_TRINITY_DN1_c0_g1_i2_H"	"IGHV4-59*01"	"IGHJ4*02"	"TGTGCGAGAGAGGTGGAGCGCAGCAGTTGGAACTGGGTGTTTGACTCTTGG"	2275.76
"1284_1_4_L02"	"1284_1_4_L02_TRINITY_DN2_c5_g1_i1_H"	"IGHV3-23*04"	"IGHJ4*02"	"TGTGTGGAAGATTCCTTTGACTATTGG"	161199
"1284_1_4_L04"	"1284_1_4_L04_TRINITY_DN0_c0_g1_i1_H"	"IGHV3-23*01,IGHV3-23*04,IGHV3-23D*01"	"IGHJ4*02"	"TGTGCGAAGGGGGCAGGCAATATACCAGCTGCTATGAGGAGGGGATACTTTGACTACTGG"	10612.6
"1284_1_4_L06"	"1284_1_4_L06_TRINITY_DN0_c0_g1_i1_H"	"IGHV3-30*02,IGHV3-30-5*02"	"IGHJ4*02"	"TGTGTGAAAGATAGAAGTGGCTGGTACGGAGGTCCTTTTGACTACTGG"	7740.22
"1284_1_4_M01"	"1284_1_4_M01_TRINITY_DN1_c0_g1_i1_H"	"IGHV3-66*01,IGHV3-66*04"	"IGHJ6*02"	"TGTGCGAGAAATAGGGCCTACTACTACGGTATGGACGTCTGG"	2882.15
"1284_1_4_M04"	"1284_1_4_M04_TRINITY_DN2_c0_g1_i1_H"	"IGHV4-39*01"	"IGHJ2*01"	"TGTGCGAGACGCTGGAACGCCGTGGGACTCGGCTGGTACTTCGATCTCTGG"	11899.5
"1284_1_4_M05"	"1284_1_4_M05_TRINITY_DN1_c0_g1_i1_H"	"IGHV4-59*08"	"IGHJ4*02,IGHJ4*03"	"TGTGCGAGAGCAAGGAGGTATAGTAGCGGCTGGGATTACTTTGACTACTGG"	14400.5
"1284_1_4_M06"	"1284_1_4_M06_TRINITY_DN3_c2_g1_i1_H"	"IGHV3-23*01,IGHV3-23D*01"	"IGHJ3*02"	"TGTGCGAAAGTCCCCTTGGATACTAGTGGTTATTACCGAGGTTTTGAAATCTGG"	117041
"1284_1_4_N01"	"1284_1_4_N01_TRINITY_DN9_c4_g1_i1_H"	"IGHV3-11*06"	"IGHJ6*02"	"TGTGCGTCGGGACAAATCCCCTACGAATATCACGCTTTGGACGTCTGG"	109915
"1284_1_4_N02"	"1284_1_4_N02_TRINITY_DN2_c0_g1_i1_H"	"IGHV3-9*01"	"IGHJ4*02"	"TGTGCAAAAGGGCACAAGTGGCTGGCCTTTGACTTCTGG"	10647.9
"1284_1_4_N03"	"1284_1_4_N03_TRINITY_DN3_c0_g1_i1_H"	"IGHV3-23*04"	"IGHJ5*02"	"TGTGCCAAGGGAAAGGCGGGTGGAAAAGTTGACTGGTTCGACCCCTGG"	262.298
"1284_1_4_N04"	"1284_1_4_N04_TRINITY_DN2_c0_g1_i1_H"	"IGHV4-34*01"	"IGHJ6*02"	"TGTGCGAGGCTTTTGGGGGGGTTCGGGGAGTCACGGCGCTACTACTTCTACTCTATGGACGTCTGG"	3264.05
"1284_1_4_N05"	"1284_1_4_N05_TRINITY_DN2_c0_g1_i1_H"	"IGHV3-48*03"	"IGHJ4*02"	"TGTGCGAGAGATGTGATAGCAGGTCGGCCGGGCTTTGACTACTGG"	10870.9
"1284_1_4_N06"	"1284_1_4_N06_TRINITY_DN2_c0_g1_i1_H"	"IGHV3-30*02,IGHV3-30-5*02"	"IGHJ4*02"	"TGTGCGAAAGGACAACAGGACTTTGACTCCTGG"	5232.08
"1284_1_4_O01"	"1284_1_4_O01_TRINITY_DN3_c7_g1_i1_H"	"IGHV1-3*01"	"IGHJ4*02,IGHJ4*03"	"TGTGCGAGAGATGATTTTGGCCTCTTTGACTACTGG"	127241
"1284_1_4_O02"	"1284_1_4_O02_TRINITY_DN0_c0_g1_i1_H"	"IGHV1-69*06"	"IGHJ4*02"	"TGTGCGAGAGATGGAGGATATTGTAGTACTACCAGCTGCTTACCCTTTGACTACTGG"	8706.72
"1284_1_4_O03"	"1284_1_4_O03_TRINITY_DN0_c0_g1_i1_H"	"IGHV1-69*06"	"IGHJ6*01"	"TGTGCGAGAGGCCTGCGTCCCCTACGAAATTTTGACAAAGGCCCCTATTACTCCGCAATGGACGTCTGG"	3429.98
"1284_1_4_O05"	"1284_1_4_O05_TRINITY_DN2_c0_g1_i1_H"	"IGHV1-3*01"	"IGHJ4*02"	"TGTGCGAGATGGATAGGAGGGGGCGGTGCCCACTTTGACTCCTGG"	7734.47
"1284_1_4_P05"	"1284_1_4_P05_TRINITY_DN0_c0_g1_i1_H"	"IGHV3-74*01"	"IGHJ6*02"	"TGTGCAAGAGATGAGTGGAGAGATTATTACTACTACTACGGTATGGACGTCTGG"	12869.4
"1227_1_1_A05"	"1227_1_1_A05_TRINITY_DN0_c0_g1_i1_H"	"IGHV1-2*04"	"IGHJ4*02"	"TGTGCGAGAGCCTTCAACCAGTGGCTGGTAACTCCGCACTTTGACTACTGG"	7292.12
"1227_1_1_A18"	"1227_1_1_A18_TRINITY_DN0_c0_g1_i8_H"	"IGHV4-59*01"	"IGHJ6*02"	"TGTGCGAGAGATTGGCGAGGAGCGGCGGTAGGTGCTGACACGTATTCTTACTACCGACATGGTTTGGACGTCTGG"	8522.02
"1227_1_1_B08"	"1227_1_1_B08_TRINITY_DN1_c0_g1_i1_H"	"IGHV4-4*07"	"IGHJ3*02"	"TGTGCGAGAGCTAGCGTGGAGACTCCCAATGATGTTTTTGATATCTGG"	5480.09
"1227_1_1_C06"	"1227_1_1_C06_TRINITY_DN0_c0_g1_i1_H"	"IGHV3-20*01"	"IGHJ4*02"	"TGTGCGAGAGACGGGGGGGGGCAGGACTACTGG"	1325.7
"1227_1_1_E05"	"1227_1_1_E05_TRINITY_DN0_c0_g1_i2_H"	"IGHV3-53*02"	"IGHJ4*02"	"TGTGCGAGAGGAAGAAGACAGGACCCGTTTGACTACTGG"	3629.93
"1227_1_1_F04"	"1227_1_1_F04_TRINITY_DN3_c7_g1_i1_H"	"IGHV3-48*01"	"IGHJ4*02"	"TGTGCGAGAGTTAGCAGCAGCTGTTATGACTACTGG"	101203
"1227_1_1_G08"	"1227_1_1_G08_TRINITY_DN0_c0_g1_i3_H"	"IGHV3-53*02"	"IGHJ5*02"	"TGTGCGAGGGCCGGATATAGTGGCTACGATTTTACTACCTTGGTATTCGACCCCTGG"	4743.19
"1227_1_1_G19"	"1227_1_1_G19_TRINITY_DN4_c10_g1_i1_H"	"IGHV3-33*01"	"IGHJ6*02"	"TGTGCGAGAGAGTTGTGGTTCGGGAAATTACGCGGTATGGACGTCTGG"	147698
"1227_1_1_H05"	"1227_1_1_H05_TRINITY_DN3_c0_g1_i1_H"	"IGHV3-74*03"	"IGHJ6*02"	"TGTGTAAGAGGTGCCCGTGCACCGCAGGCCTATTATTATAACGGATTGGACGTCTGG"	5719.5
"1227_1_1_H12"	"1227_1_1_H12_TRINITY_DN1_c0_g1_i1_H"	"IGHV3-30*18,IGHV3-30-5*01"	"IGHJ6*02"	"TGTGCGAAGGTACATTGTAGTAGTACCAGCTGCTATCCCAATTACTACTACTACTACGGTATGGACGTCTGG"	1530.4
"1227_1_1_H18"	"1227_1_1_H18_TRINITY_DN2_c0_g1_i4_H"	"IGHV1-2*02"	"IGHJ4*02"	"TGTGCGAGAGACACCAGGGGGAACTACGGTAACCTTGACTACTGG"	5953.93
"1227_1_1_J08"	"1227_1_1_J08_TRINITY_DN1_c0_g1_i1_H"	"IGHV3-20*01"	"IGHJ6*02"	"TGTGCGAGAAGGTTATTAATCAGGGGTCGAGGTCCCTTCTACTACTACGGTTTGGACGTCTGG"	1078.9
"1227_1_1_K05"	"1227_1_1_K05_TRINITY_DN1_c0_g1_i2_H"	"IGHV3-30*18,IGHV3-30-5*01"	"IGHJ6*02"	"TGTGCGAAAGTTCGTTTATATTGTGCTAGTACCAGCTGCCAGAGCTACCACTACCACGGTATGGACGTCTGG"	2447
"1227_1_1_M19"	"1227_1_1_M19_TRINITY_DN1_c3_g1_i1_H"	"IGHV4-59*08"	"IGHJ4*02"	"TGTGCGAGACGCTCCTCGTCCTCGGTGACTAGCTTTGACTACTGG"	78803.7
"1227_1_1_N02"	"1227_1_1_N02_TRINITY_DN3_c7_g1_i1_H"	"IGHV3-33*01"	"IGHJ6*02"	"TGTGCGAGAGAGTTGTGGTTCGGGAAATTACGCGGTATGGACGTCTGG"	101616
"1284_1_3_B12"	"1284_1_3_B12_TRINITY_DN0_c0_g1_i3_H"	"IGHV3-74*01"	"IGHJ4*02,IGHJ5*02"	"TGTGCGAGGAACCTCTATGGCTCGGGGAATTTTTATAGGGACGCTGATTTCTGG"	1482.78
"1284_1_3_G04"	"1284_1_3_G04_TRINITY_DN1_c0_g1_i1_H"	"IGHV3-15*01"	"IGHJ4*02"	"TGTACCACAGCCCCTTTCTACGGTGGTAAGGACTACTACTTTGACTACTGG"	8620.03
"1284_1_3_G07"	"1284_1_3_G07_TRINITY_DN0_c0_g1_i1_H"	"IGHV3-48*02"	"IGHJ4*02"	"TGTGCGGGAGAATACAACTATGGTTACGGGGATTTCGGCTACTGG"	7927.31
"1284_1_3_H04"	"1284_1_3_H04_TRINITY_DN1_c0_g1_i2_H"	"IGHV3-48*02"	"IGHJ4*02,IGHJ5*02"	"TGTGTTGGTGGTTATAGCCTTGAGTTCTGG"	10297.5
"1284_1_3_I02"	"1284_1_3_I02_TRINITY_DN0_c0_g1_i1_H"	"IGHV3-9*01"	"IGHJ4*01,IGHJ4*02"	"TGTGCAAAGTCCTTGAGCAAGCTAGCCCTGTCTGGTGCGAATTACTTTGACTATTGG"	8722.53
"1284_1_3_I07"	"1284_1_3_I07_TRINITY_DN0_c0_g3_i1_H"	"IGHV3-30-3*01,IGHV3-30-3*03,IGHV3-33*01"	"IGHJ4*02"	"TGTGCGAGAGAGCCGGTGACTACTGATAACTACTGG"	28150.6
"1284_1_3_J02"	"1284_1_3_J02_TRINITY_DN0_c0_g1_i1_H"	"IGHV1-24*01"	"IGHJ4*02"	"TGTTCAACAGGACTTTTCGGGGACTTTCCTGCCTACTGG"	642.046
"1284_1_3_K02"	"1284_1_3_K02_TRINITY_DN0_c0_g1_i1_H"	"IGHV3-7*01"	"IGHJ3*01"	"TGTGTGAGAGACCCCTATCATCCGGTCTGG"	15789.2
"1284_1_3_K06"	"1284_1_3_K06_TRINITY_DN1_c0_g1_i1_H"	"IGHV4-34*01"	"IGHJ4*02"	"TGTGCGAGAGGCTTCATTTTTGCCCCTGGATACTTCTTTGGTCGACCCCAGCCACACTACTATGACTCCTGG"	2026.19
"1284_1_3_K11"	"1284_1_3_K11_TRINITY_DN0_c0_g1_i2_H"	"IGHV3-15*01"	"IGHJ4*02"	"TGTACCACAGTGACGGTGGTAATCTCTGGGGAGGACCACTGG"	3712.5
"1284_1_6_A02"	"1284_1_6_A02_TRINITY_DN1_c14_g1_i1_H"	"IGHV4-39*01"	"IGHJ5*02"	"TGTGCGAGACATGAACCAGGTGGGAGCTACTTTGCCCGGTTCGACCCCTGG"	138128
"1284_1_6_A03"	"1284_1_6_A03_TRINITY_DN0_c0_g1_i1_H"	"IGHV3-43*01"	"IGHJ4*02"	"TGTACGAAACCTGGGGGATATAGCAGCAGCTGGTACGCTCTTGACTCCTGG"	1911.75
"1284_1_6_A04"	"1284_1_6_A04_TRINITY_DN3_c9_g1_i1_H"	"IGHV1-69*06"	"IGHJ6*02"	"TGTGCGAGACTTCCTTCGTCTTTCGATTCTTGGAGTGGTAACAAAATTATGGAGGTCTGG"	104220
"1284_1_6_A05"	"1284_1_6_A05_TRINITY_DN12_c10_g1_i1_H"	"IGHV4-34*01"	"IGHJ4*02"	"TGTGCGAGAGGCCAGCTGGACTGGGG"	104668
"1284_1_6_B01"	"1284_1_6_B01_TRINITY_DN3_c0_g1_i1_H"	"IGHV4-59*08"	"IGHJ4*02"	"TGTGCGAAAATGGCGCTCTATAGGAACAGCTGGTACAGTCTTGACTACTGG"	7435.13
"1284_1_6_B02"	"1284_1_6_B02_TRINITY_DN2_c0_g2_i1_H"	"IGHV1-18*01"	"IGHJ3*02"	"TGTGCGACTAAGGAAGTGGGAATTGATGCTTTTCATATCTGG"	6099.67
"1284_1_6_B04"	"1284_1_6_B04_TRINITY_DN2_c1_g1_i1_H"	"IGHV3-53*01"	"IGHJ2*01"	"TGTGCGAGTTGGAAGCACCAGCTGTTCTACTTCGATCTCTGG"	17870.4
"1284_1_6_B05"	"1284_1_6_B05_TRINITY_DN1_c0_g1_i1_H"	"IGHV5-51*01"	"IGHJ4*02"	"TGTGCGAGACTGCTTAGAGATGGCTACAATGTAATAGACTACTGG"	6017.22
"1284_1_6_C01"	"1284_1_6_C01_TRINITY_DN0_c0_g1_i1_H"	"IGHV3-15*02"	"IGHJ6*02"	"TGTGCCACAGATGGAGGCTTGCTCGTAGGGTCTACGACCTTTGGAGAAACTACAGACGAAAATTACTACTATCATGGTATGGACGTCTGG"	3283.21
"1284_1_6_C02"	"1284_1_6_C02_TRINITY_DN11_c1_g1_i2_H"	"IGHV1-24*01"	"IGHJ6*02"	"TGTGCAGTAGGCCGCTTTATGACTCCCCAAGCCGGTAGGGACGGCTGG"	13869.1
"1284_1_6_C03"	"1284_1_6_C03_TRINITY_DN0_c0_g1_i1_H"	"IGHV4-39*01"	"IGHJ3*02"	"TGTGCGAGACGCCCCTCTCAAACTATGGTTCGGGGAGTTATTATAATAGAACGAGGTGCTTTTGATATCTGG"	5301.46
"1284_1_6_C04"	"1284_1_6_C04_TRINITY_DN1_c8_g1_i1_H"	"IGHV3-30*02,IGHV3-30-5*02"	"IGHJ4*02"	"TGTGCGAAAGATGCGGTTCGGGGAGCCGCCCTTCACTACTGG"	77408.2
"1284_1_6_C05"	"1284_1_6_C05_TRINITY_DN0_c0_g1_i1_H"	"IGHV3-15*01"	"IGHJ4*02"	"TGTACCTCCACATTGGGCTACTGG"	9603.9
"1284_1_6_D01"	"1284_1_6_D01_TRINITY_DN4_c1_g1_i1_H"	"IGHV4-34*02"	"IGHJ6*02"	"TGTGCGCGAGGCAATGGATATAGAGGGAGACGTATGGACGTCTGG"	33932.6
"1284_1_6_D02"	"1284_1_6_D02_TRINITY_DN3_c1_g1_i1_H"	"IGHV3-74*03"	"IGHJ4*02"	"TGTGTCGCCTACACCTGGAATCGTCCTGACTACTGG"	13502.9
"1284_1_6_D03"	"1284_1_6_D03_TRINITY_DN1_c11_g1_i1_H"	"IGHV3-64D*06"	"IGHJ6*02"	"TGTGTGAGGCCTAATCTCTACCTCTCCTACGGTTTGGACGTCTGG"	107231
"1284_1_6_D04"	"1284_1_6_D04_TRINITY_DN1_c6_g1_i1_H"	"IGHV3-43*01"	"IGHJ6*02"	"TGTGCAAAAGATATCGCCGTCGAGTTGGACGGTGACTCCCCATATTACTCCTACGTTATGGACGTCTGG"	39678.6
"1284_1_6_D05"	"1284_1_6_D05_TRINITY_DN2_c0_g1_i4_H"	"IGHV3-53*01"	"IGHJ3*02"	"TGTGCGAGATTATTTGATGCTTTTGATATCTGG"	8938.46
"1284_1_6_E01"	"1284_1_6_E01_TRINITY_DN1_c2_g1_i1_H"	"IGHV6-1*01"	"IGHJ2*01"	"TGTGCAAGAGAGGGAGTTAACTGGGGCTGGCAGTGGTACTTCGATCTCTGG"	13332.1
"1284_1_6_E02"	"1284_1_6_E02_TRINITY_DN2_c3_g1_i1_H"	"IGHV4-34*01"	"IGHJ5*01,IGHJ5*02"	"TGTGCGCGAGCAATCACCCTAATACGTGGATACAGCTTTGGGAGAGCCCCGTCCAACTGGATCGACTCCTGG"	27426.5
"1284_1_6_E03"	"1284_1_6_E03_TRINITY_DN1_c0_g2_i1_H"	"IGHV1-2*02,IGHV1-2*04"	"IGHJ6*02"	"TGCGCGCGAGCCGGATTTTGTCATAATAGGCCCTGCTATGGGCGCTATGGTATGGACGTCTGG"	12892
"1284_1_6_E04"	"1284_1_6_E04_TRINITY_DN3_c8_g1_i1_H"	"IGHV1-69*06"	"IGHJ6*02"	"TGTGCGAGACTTCCTTCGTCTTTCGATTCTTGGAGTGGTAACAAAATTATGGAGGTCTGG"	114359
"1284_1_6_E05"	"1284_1_6_E05_TRINITY_DN2_c10_g1_i1_H"	"IGHV4-30-4*05"	"IGHJ4*02"	"TGTGCGACTGCCAGCGCTTCCTGGGATTCTGTTGGCTACTTTGATCACTGG"	233643
"1284_1_6_F01"	"1284_1_6_F01_TRINITY_DN1_c13_g1_i1_H"	"IGHV1-3*01"	"IGHJ4*02"	"TGTGCGAGAGATGATTTTGGCCTCTTTGACTACTGG"	115544
"1284_1_6_F02"	"1284_1_6_F02_TRINITY_DN0_c0_g1_i1_H"	"IGHV3-7*02"	"IGHJ3*02"	"TGTGCGAGGGACCCGGGTCGGACGGTAATTGATGCTTTTGATATCTGG"	12814.6
"1284_1_6_F03"	"1284_1_6_F03_TRINITY_DN2_c0_g1_i2_H"	"IGHV1-3*01"	"IGHJ4*02"	"TGTGCGAGATGGATAGGAGGGGGCGGTGCCCACTTTGACTCCTGG"	2178.41
"1284_1_6_F05"	"1284_1_6_F05_TRINITY_DN0_c9_g1_i1_H"	"IGHV3-23*01,IGHV3-23*04,IGHV3-23D*01"	"IGHJ4*02"	"TGTGCGAAAGGGACGTATTTCTATGGTTTGGGCACCCACTTCGACTACTGG"	95940.4
"1284_1_6_G01"	"1284_1_6_G01_TRINITY_DN1_c0_g1_i1_H"	"IGHV3-30*04,IGHV3-30*18,IGHV3-30-3*03"	"IGHJ4*02"	"TGTGCGAAAGACATGGTGGGTATAATATCCCCGACATTTGACTACTGG"	761.018
"1284_1_6_G02"	"1284_1_6_G02_TRINITY_DN1_c0_g1_i2_H"	"IGHV1-69*01,IGHV1-69*06,IGHV1-69D*01"	"IGHJ2*01"	"TGTGCGAGAGGGCGCTCTGATAGTAGTGGATACTCAACCGTCTTCTTCGATCTCTGG"	7908.79
"1284_1_6_G03"	"1284_1_6_G03_TRINITY_DN1_c7_g1_i1_H"	"IGHV1-24*01"	"IGHJ4*02"	"TGTTCAACAGGACTTTTCGGGGACTTTCCTGCCTACTGG"	72671.2
"1284_1_6_G04"	"1284_1_6_G04_TRINITY_DN0_c0_g1_i1_H"	"IGHV3-33*01,IGHV3-33*05,IGHV3-33*06"	"IGHJ4*02"	"TGTGTGACTGATAGAGGGTACGGTGGTAACTTTGACTGGTTTGACTACTGG"	1478.64
"1284_1_6_G05"	"1284_1_6_G05_TRINITY_DN12_c3_g1_i1_H"	"IGHV3-23*04"	"IGHJ4*02"	"TGTGTGAAAGATTCCTTTGACTATTGG"	72939.9
"1284_1_6_H01"	"1284_1_6_H01_TRINITY_DN2_c8_g1_i1_H"	"IGHV3-9*01"	"IGHJ4*02,IGHJ5*02"	"TGTGCAAAGGAGGACGATAGTGGCGGCAGTCTTGACTCTTGG"	112261
"1284_1_6_H02"	"1284_1_6_H02_TRINITY_DN2_c4_g1_i1_H"	"IGHV3-9*01,IGHV3-9*02"	"IGHJ4*02,IGHJ5*02"	"TGTGCAAAGGAGGACGATAGTGGCGGCAGTCTTGACTCTTGG"	180322
"1284_1_6_H03"	"1284_1_6_H03_TRINITY_DN2_c1_g1_i1_H"	"IGHV3-64D*06"	"IGHJ3*02"	"TGTGTGAAATCCGCGTACCCCGGTGACCGTGTTGAAGCTTTTGATATCTGG"	20011.4
"1284_1_6_H04"	"1284_1_6_H04_TRINITY_DN3_c0_g1_i1_H"	"IGHV5-51*01"	"IGHJ4*02"	"TGTGCAAGACAATCAGCCCCCGTGATGTACTACTTTGACTACTGG"	5525.46
"1284_1_6_H05"	"1284_1_6_H05_TRINITY_DN1_c0_g1_i1_H"	"IGHV1-24*01"	"IGHJ4*02"	"TGTGCAACTGGAATTACTATGATTCGGGGAGGTCCTTACTTGGACTACTGG"	2244.77
"1284_1_6_I01"	"1284_1_6_I01_TRINITY_DN2_c13_g1_i1_H"	"IGHV1-69*06"	"IGHJ4*02"	"TGTGCGGTCCTCCTTAAGTCATTCCGGGGAGCTTACTACTTTGACTTCTGG"	135185
"1284_1_6_I02"	"1284_1_6_I02_TRINITY_DN1_c0_g1_i3_H"	"IGHV5-51*01"	"IGHJ6*02"	"TGTGCGAGACGGAATTCATTCACGTATTACGATTTCCCGGACGTCTGG"	774.156
"1284_1_6_I03"	"1284_1_6_I03_TRINITY_DN0_c0_g1_i1_H"	"IGHV1-69*06"	"IGHJ6*02"	"TGTGCGAGAGGCGTCGCACTGCCATATTATTACTACGGCATGGACGTCTGG"	4506.21
"1284_1_6_I04"	"1284_1_6_I04_TRINITY_DN1_c0_g1_i1_H"	"IGHV3-30*04,IGHV3-30-3*03"	"IGHJ6*02"	"TGTGCGAGAGACCTGGTATACGATCTTTTGACCCATGGTTTGGCCGTCTGG"	2270
"1284_1_6_I05"	"1284_1_6_I05_TRINITY_DN3_c1_g1_i1_H"	"IGHV3-73*02"	"IGHJ4*02"	"TGTAACTACGGTGGCTACCGCGAATACTGG"	13960.1
"1284_1_6_J01"	"1284_1_6_J01_TRINITY_DN0_c0_g1_i1_H"	"IGHV1-18*01"	"IGHJ1*01"	"TGTGCGAGAGATCCTGGCTACGGTGGTAACCCTGAGGACTGG"	2453.85
"1284_1_6_J02"	"1284_1_6_J02_TRINITY_DN2_c0_g1_i1_H"	"IGHV1-69*01,IGHV1-69D*01"	"IGHJ4*02"	"TGTGTGCGATCGCCGGTCGACTACGGTGACTACGTCGGGGGAGGCTACTGG"	13449.8
"1284_1_6_J03"	"1284_1_6_J03_TRINITY_DN1_c0_g1_i1_H"	"IGHV1-18*01"	"IGHJ4*02"	"TGTGCGCGAGAGGACGACTACGGCTACTTTGATTTGTGG"	6553.66
"1284_1_6_J04"	"1284_1_6_J04_TRINITY_DN2_c2_g1_i1_H"	"IGHV4-34*01"	"IGHJ6*02"	"TGTGCGAGACATGAGGGGCCCGGTGACTACGCTGGGGGAATGGACGTCTGG"	16067.6
"1284_1_6_J05"	"1284_1_6_J05_TRINITY_DN8_c0_g1_i1_H"	"IGHV1-3*01"	"IGHJ4*02"	"TGTGCGAGAGTTGATTTTGGTCTCTTTGACTACTGG"	64865.4
"1284_1_6_K01"	"1284_1_6_K01_TRINITY_DN0_c3_g1_i1_H"	"IGHV4-39*01"	"IGHJ4*02"	"TGTGCGAGGATTCCAATTTACGGTGGTAACTCCGAGCCCTTCGACTACTGG"	33845.5
"1284_1_6_K02"	"1284_1_6_K02_TRINITY_DN0_c0_g1_i1_H"	"IGHV4-61*01"	"IGHJ3*02"	"TGTGCCCAGGGCGGTATAGCAGTGGGGAATGATGCTTTTGATATCTGG"	10436.6
"1284_1_6_K03"	"1284_1_6_K03_TRINITY_DN3_c2_g1_i1_H"	"IGHV3-23*01,IGHV3-23D*01"	"IGHJ4*02"	"TGTGCGAAAGATGGCCCGTCTCGTCCCTGGGACTACTGG"	13576
"1284_1_6_K04"	"1284_1_6_K04_TRINITY_DN0_c0_g1_i1_H"	"IGHV3-9*01"	"IGHJ4*02"	"TGTGCAAGAGGCTACGATAGTAGTGGTTACTACTACAAACCCATTGACTTCTGG"	30566.8
"1284_1_6_K05"	"1284_1_6_K05_TRINITY_DN0_c0_g1_i1_H"	"IGHV4-39*01"	"IGHJ3*01"	"TGTGCGAGACAGTCTTCAGGGCTACTTGATGCTGTTGATGTCTGG"	11716.1
"1284_1_6_L01"	"1284_1_6_L01_TRINITY_DN2_c0_g1_i2_H"	"IGHV1-24*01"	"IGHJ6*02"	"TGTGCAGTAGGCCTCTTTATGACTCACCAAGACGGTATGGACGTCTGG"	142772
"1284_1_6_L02"	"1284_1_6_L02_TRINITY_DN0_c0_g1_i1_H"	"IGHV4-4*07"	"IGHJ4*02,IGHJ5*02"	"TGTGCGAGAGTCGGAAATGCGGGGGGTTCGGGGAGTTATTATCAACTGTGG"	7001.07
"1284_1_6_L03"	"1284_1_6_L03_TRINITY_DN1_c5_g1_i1_H"	"IGHV3-48*02"	"IGHJ4*02"	"TGTGCGAGAGGCCCATATTACTATGATATTACTGGCTATCCATTTGACTTCTGG"	109835
"1284_1_6_L04"	"1284_1_6_L04_TRINITY_DN0_c9_g1_i1_H"	"IGHV3-48*02"	"IGHJ4*02"	"TGTGCGAGAGGCCCATATTACTATGATATCACTGGCTATCCATTTGACTTCTGG"	136981
"1284_1_6_L05"	"1284_1_6_L05_TRINITY_DN0_c0_g1_i1_H"	"IGHV3-53*01"	"IGHJ4*02"	"TGTGCGAGAGGTGGTGACCGCTACGGTTATAAGCCTCTTGACTACTGG"	1774.81
"1284_1_6_M01"	"1284_1_6_M01_TRINITY_DN2_c0_g1_i1_H"	"IGHV3-21*01"	"IGHJ4*02"	"TGTGCGAGGATATATTGTAGTAGTAGTAGCTGCTTCCGAAACTACTTTGACTACTGG"	14797.9
"1284_1_6_M03"	"1284_1_6_M03_TRINITY_DN1_c0_g1_i1_H"	"IGHV3-33*01"	"IGHJ6*02"	"TGTGCGAGAGACGACAGTGGGAGCCAAACTCCCTACTACTACGGTATGGACGTCTGG"	4847.06
"1284_1_6_M04"	"1284_1_6_M04_TRINITY_DN1_c0_g1_i1_H"	"IGHV3-9*01"	"IGHJ3*02"	"TGTGCAAAGGGGGATATTGTAGTGGTGCCCCATCCCTTTGATATCTGG"	12801.9
"1284_1_6_N01"	"1284_1_6_N01_TRINITY_DN1_c0_g1_i1_H"	"IGHV3-30*02,IGHV3-30-5*02"	"IGHJ4*02"	"TGTGCGAAAGGGGCCCTGGGAATACTCTACTGG"	17289
"1284_1_6_N02"	"1284_1_6_N02_TRINITY_DN2_c0_g1_i1_H"	"IGHV4-59*01"	"IGHJ5*02"	"TGTGCGAGAGGTTTCGGATACAGTCATGGTACCGACTGGTTCGACCCCTGG"	8576.38
"1284_1_6_N03"	"1284_1_6_N03_TRINITY_DN1_c11_g1_i1_H"	"IGHV4-39*02"	"IGHJ5*02"	"TGTGCGAGACATGAACCAGGTGGGAGCTACTTTGCCCGGTTCGACCCCTGG"	118518
"1284_1_6_N04"	"1284_1_6_N04_TRINITY_DN4_c0_g1_i1_H"	"IGHV3-48*02"	"IGHJ4*02"	"TGTGCGTGGTTGCCTGACTACTGG"	13422.3
"1284_1_6_O03"	"1284_1_6_O03_TRINITY_DN1_c0_g1_i1_H"	"IGHV1-3*01"	"IGHJ4*02"	"TGTGCGAGAGATGATTTTGGTCTCTTTGACTACTGG"	67245.2
"1284_1_6_O04"	"1284_1_6_O04_TRINITY_DN0_c0_g1_i1_H"	"IGHV3-23*01,IGHV3-23*04,IGHV3-23D*01"	"IGHJ6*02"	"TGTGCGAAAGTCCGATATCATGGATTACGTATAACTGTGGTTCGGGGAGTTATCAGTGGGGGTATGGACGTCTGG"	1278.58
"1284_1_6_P01"	"1284_1_6_P01_TRINITY_DN4_c0_g1_i1_H"	"IGHV2-5*02"	"IGHJ4*02"	"TGTGCACACTTCTCACCGGGAGCTTTACTCTTTGACTACTGG"	18968.6
"1284_1_6_P02"	"1284_1_6_P02_TRINITY_DN10_c0_g1_i2_H"	"IGHV4-30-4*06"	"IGHJ3*01"	"TGTTCCAGAATTGACGCCGGTGATTACTCCGGGCGGTCGGCTTTTGATGTCTGG"	82072.9
"1284_1_6_P03"	"1284_1_6_P03_TRINITY_DN4_c9_g1_i1_H"	"IGHV3-48*02"	"IGHJ4*02"	"TGTGCGAGAGGCCCATATTACTATGATCTCACTGGCTATCCATTTGACTTCTGG"	129663
"1284_1_6_P04"	"1284_1_6_P04_TRINITY_DN0_c6_g1_i1_H"	"IGHV1-46*01"	"IGHJ5*02"	"TGTGCGAGAGGGACCAGTACCCACTACTATCGAAACAACTGGTTCGATCCCTGG"	60966.1
"1284_1_5_G01"	"1284_1_5_G01_TRINITY_DN5_c21_g1_i1_H"	"IGHV1-24*01"	"IGHJ6*02"	"TGTGCAGTAGGCCTCTTTATGACTCACCAAGACGGTATGGACGTCTGG"	160123
"1284_1_5_F01"	"1284_1_5_F01_TRINITY_DN5_c21_g1_i1_H"	"IGHV1-24*01"	"IGHJ4*02"	"TGTTCAACAGGACTTTTCGGGGACTTTCCTGCGTACTGG"	155465
"1284_1_5_C06"	"1284_1_5_C06_TRINITY_DN0_c0_g1_i1_H"	"IGHV3-11*01"	"IGHJ4*02"	"TGTGCGAGAGTTCGAGAACTGGAACTCCCTGACTACTGG"	14059.5
"1284_1_5_C03"	"1284_1_5_C03_TRINITY_DN2_c0_g1_i1_H"	"IGHV2-5*02"	"IGHJ4*02"	"TGTGCGCAGGGAACTGGGAAGTACCCCTTTCATAACTGGGG"	1972.23
"1284_1_5_F06"	"1284_1_5_F06_TRINITY_DN7_c16_g1_i1_H"	"IGHV3-48*02"	"IGHJ4*02"	"TGTGCGAGAGGCCCATATTACTATGATATCACTGGCTATCCATTTGACTTCTGG"	124061
"1284_1_5_H04"	"1284_1_5_H04_TRINITY_DN2_c0_g1_i1_H"	"IGHV3-30*02,IGHV3-30-5*02"	"IGHJ4*02"	"TGTGCGAAAGATATGTCGGCTGTAGTACCACCAATTGCTATAACCTACTTTGACTACTGG"	11805.3
"1284_1_5_N03"	"1284_1_5_N03_TRINITY_DN8_c21_g1_i1_H"	"IGHV1-3*01"	"IGHJ4*02,IGHJ4*03"	"TGTGCGAGAGATGATTTTGGCCTCTTTGACTACTGG"	155871
"1284_1_5_M06"	"1284_1_5_M06_TRINITY_DN2_c0_g1_i2_H"	"IGHV4-61*03"	"IGHJ1*01"	"TGTGCGCAGGGGACAGCTGCTACCCACGTCCACGACTGG"	5065.96
"1284_1_5_D04"	"1284_1_5_D04_TRINITY_DN1_c0_g1_i1_H"	"IGHV2-70*01"	"IGHJ2*01"	"TGTGCACGGATGTTCGATATGACTATAATTAGTGGGTCCATCAGTGGGACAATTAATTTGGCCTTCGATCTCTGG"	2060.69
"1284_1_1_K08"	"1284_1_1_K08_TRINITY_DN0_c1_g1_i1_H"	"IGHV4-39*01"	"IGHJ5*02"	"TGTGCGGGACGGGGTAGTGGGAGCTTCTGGTTCGACCCCTGG"	23872.7
"1284_1_5_I01"	"1284_1_5_I01_TRINITY_DN3_c0_g1_i1_H"	"IGHV3-7*02"	"IGHJ3*02"	"TGTGCGAGGGGTGACTATTCCTCTGGTTCGGGGAGTTTAGATTCCTTCAATGATGCTTTCGATATCTGG"	8661.94
"1284_1_5_B03"	"1284_1_5_B03_TRINITY_DN1_c0_g1_i1_H"	"IGHV3-21*01"	"IGHJ6*02"	"TGTGCGAGAGGAGATCAGAAGATAGTAGTGGTCGCTCACGGAATGGACGTGTGG"	15452
"1284_1_5_F03"	"1284_1_5_F03_TRINITY_DN2_c0_g1_i2_H"	"IGHV1-69*06"	"IGHJ4*02"	"TGTGCGAGAGCCCAAGAGGTGGCCCGTCTCTTTGATGGGACCTACCGGTGGTTCTCTGACTCCTGG"	5690.14
"1284_1_5_B05"	"1284_1_5_B05_TRINITY_DN1_c0_g1_i1_H"	"IGHV5-10-1*03"	"IGHJ3*02"	"TGTGCGAGACATCCGAGGTTCGGGGATTTATTGGGTGCTTTTGATATCTGG"	1605.69
"1284_1_5_G04"	"1284_1_5_G04_TRINITY_DN2_c0_g1_i2_H"	"IGHV4-61*01"	"IGHJ4*02"	"TGTGCGAGAGATGTGGGCCGTATTGGCTACTTTGATTACTGG"	4218.52
"1284_1_5_K01"	"1284_1_5_K01_TRINITY_DN1_c0_g1_i1_H"	"IGHV1-24*01"	"IGHJ4*02"	"TGTTCAACAGGACTTTTCGGGGACTTTCCTGCGTACTGG"	2327.82
"1284_1_5_J03"	"1284_1_5_J03_TRINITY_DN2_c0_g1_i1_H"	"IGHV3-48*02"	"IGHJ3*01,IGHJ3*02"	"TGTGCGAGAGATTGGGCCTACGGTGACAGCGAAGAAAGAGAGATAGGCTGG"	15193
"1284_1_1_K12"	"1284_1_1_K12_TRINITY_DN1_c0_g1_i1_H"	"IGHV3-11*01"	"IGHJ3*02"	"TGTGCGAGATCTGGACAGTTTCACTATGACAGTAGAGGTTCTCCCCTTCGGCGAAGAGAGGTTGATGCTTTTGATATCTGG"	10516.2
"1284_1_5_O03"	"1284_1_5_O03_TRINITY_DN18_c0_g1_i1_H"	"IGHV1-24*01"	"IGHJ6*02"	"TGTGCAGTAGGCCTCTTTATGACTCACCAAGACGGTATGGACGTCTGG"	194937
"1284_1_5_N04"	"1284_1_5_N04_TRINITY_DN16_c22_g1_i1_H"	"IGHV4-34*01,IGHV4-34*02"	"IGHJ4*02,IGHJ5*02"	"TGTGGGAGACTGATCGGACACAATTATGGTTTTCGCTGG"	288808
"1284_1_5_A06"	"1284_1_5_A06_TRINITY_DN2_c7_g1_i1_H"	"IGHV3-9*01"	"IGHJ4*02,IGHJ5*02"	"TGTGCAAAGGAGGACGATAGCGGCGGCAGTCTTGACTCTTGG"	81117.3
"1284_1_5_J06"	"1284_1_5_J06_TRINITY_DN1_c0_g1_i1_H"	"IGHV2-5*02"	"IGHJ4*02"	"TGTGCACACAGACTGCCGAGTGTAGCATCAGCTGACCAGTTTGACTACTGG"	18472.1
"1284_1_5_M05"	"1284_1_5_M05_TRINITY_DN2_c1_g1_i1_H"	"IGHV1-69*01,IGHV1-69D*01"	"IGHJ3*02"	"TGTGCGAGAGATCTCGCTGGAAGCTACGGGAATGTTTTTGATATCTGG"	18734.6
"1284_1_5_H06"	"1284_1_5_H06_TRINITY_DN1_c0_g1_i1_H"	"IGHV3-64D*06"	"IGHJ4*02"	"TGTGTGAAAGATACGGGATACCAGCTGATATTTTCAGGAGGACTTAACTACTTTGACTACTGG"	6509.12
"1284_1_1_H07"	"1284_1_1_H07_TRINITY_DN11_c20_g1_i1_H"	"IGHV1-24*01"	"IGHJ4*02"	"TGTTCAACAGGACTTTTCGGGGACTTTCCTGCCTACTGG"	177300
"1284_1_5_A04"	"1284_1_5_A04_TRINITY_DN18_c20_g1_i1_H"	"IGHV3-23*01,IGHV3-23D*01"	"IGHJ6*02"	"TGTGCGAGAGATGGGACTATTTCGTACGGTATGGATGTCTGG"	194386
"1284_1_1_A12"	"1284_1_1_A12_TRINITY_DN0_c0_g1_i1_H"	"IGHV1-69-2*01"	"IGHJ6*02"	"TGTGCAACAGGCTTGAGTGGTTACCACGCTATGGACGTCTGG"	320.357
"1284_1_5_L05"	"1284_1_5_L05_TRINITY_DN2_c0_g1_i2_H"	"IGHV3-15*01"	"IGHJ4*02"	"TGTACCACAGATCGGGGTATAGATATTCGTCCTATCTTTGACTTCTGG"	4721.8
"1284_1_5_I04"	"1284_1_5_I04_TRINITY_DN2_c0_g1_i1_H"	"IGHV3-73*02"	"IGHJ3*02"	"TGTACTAGTCATTACCTCCCCATAGCAGCGGCTACTACGGGGGCTTTTGATATCTGG"	12557.7
"1284_1_5_K02"	"1284_1_5_K02_TRINITY_DN3_c0_g2_i1_H"	"IGHV4-59*08"	"IGHJ4*02"	"TGTGCGCGACATATTAATAGGGGAAGCTCATGGTGCCTTGACTTCTGG"	14211.7
"1284_1_5_A02"	"1284_1_5_A02_TRINITY_DN2_c0_g1_i1_H"	"IGHV4-59*08"	"IGHJ6*02"	"TGTGTGAGACATAGATATTGCAGTGGTGGAAGCTGCTCCTTGGCTATGGACGTCTGG"	2759.92
"1284_1_5_K04"	"1284_1_5_K04_TRINITY_DN2_c0_g2_i1_H"	"IGHV4-59*03"	"IGHJ4*02,IGHJ5*02"	"TGTGCGGCCCTGACCATCGGGCCGTATTCCAGTCGTGGGCCTGGCCAGTGG"	10218.4
"1284_1_5_A05"	"1284_1_5_A05_TRINITY_DN1_c0_g1_i1_H"	"IGHV3-30*02,IGHV3-30-5*02"	"IGHJ4*02"	"TGTGCGAAAGATCGGGGAAACAGTGGCTGGGCCTCCTTTGACTACTGG"	2390.21
"1284_1_5_H05"	"1284_1_5_H05_TRINITY_DN1_c0_g1_i2_H"	"IGHV3-48*02"	"IGHJ2*01"	"TGTGCGAGAGATAATCAGCTGGACGGAAAGTGGTACTTCGATCTCTGG"	6807.65
"1284_1_5_M04"	"1284_1_5_M04_TRINITY_DN1_c0_g1_i1_H"	"IGHV4-39*01"	"IGHJ4*02"	"TGTGCGAGACATGTGAACGAGATCTTGACTCCTTTTGACAACTGG"	20459.5
"1284_1_5_H01"	"1284_1_5_H01_TRINITY_DN2_c0_g1_i1_H"	"IGHV1-18*01"	"IGHJ4*02"	"TGTGCGAGAGGTACTTATAACAGCCTTGACTACTGG"	4584.1
"1284_1_5_E02"	"1284_1_5_E02_TRINITY_DN1_c0_g1_i2_H"	"IGHV3-48*03"	"IGHJ6*02"	"TGTGCCTCAGGTGGATTCGGGGACTACGGTATGGACGTCTGG"	3310.5
"1284_1_1_F01"	"1284_1_1_F01_TRINITY_DN0_c0_g1_i1_H"	"IGHV4-31*02,IGHV4-31*03"	"IGHJ4*02"	"TGTGCAAGAGTCGATTTCCTACGGGGCCCCCTTAAGTACTGG"	3367.88
"1284_1_1_A09"	"1284_1_1_A09_TRINITY_DN0_c0_g1_i1_H"	"IGHV3-23*01,IGHV3-23D*01"	"IGHJ6*02"	"TGTGCGAGAGATGGGACTATTTCGTACGGTATGGATGTCTGG"	2451.61
"1284_1_5_I05"	"1284_1_5_I05_TRINITY_DN2_c0_g1_i2_H"	"IGHV3-21*01"	"IGHJ4*02"	"TGTGCGAGAGAGGGTTTCGATCACTATGGTTCGGGGAGTTGGGCGGACTGG"	7358.06
"1284_1_5_P01"	"1284_1_5_P01_TRINITY_DN8_c15_g1_i1_H"	"IGHV3-9*01"	"IGHJ4*02,IGHJ5*02"	"TGTGCAAAGGAGGACGATAGTGGCGGCAGTCTTGACTCTTGG"	87952.7
"1284_1_5_D03"	"1284_1_5_D03_TRINITY_DN0_c0_g1_i1_H"	"IGHV1-69*06"	"IGHJ5*02"	"TGTGCGAGGGACGGGTTTTACGATGATACTGGTGCTTTTCTCGACCCTCCGTGGTGGTTCGACCCCTGG"	3631.2
"1284_1_5_C05"	"1284_1_5_C05_TRINITY_DN0_c0_g1_i1_H"	"IGHV4-31*03"	"IGHJ4*02"	"TGTGCAAGAGTCGATTTCCTACGGGGCCCCCTTAAGTACTGG"	1640.66
"1284_1_5_L02"	"1284_1_5_L02_TRINITY_DN0_c0_g1_i1_H"	"IGHV1-18*04"	"IGHJ6*02"	"TGTGCGAGATATAGTGGGAGCTTCATAGACTATTACTATGGTATGGACGTCTGG"	4935.26
"1284_1_5_F02"	"1284_1_5_F02_TRINITY_DN1_c0_g2_i1_H"	"IGHV4-4*07"	"IGHJ3*02"	"TGTGCGAAGAGCAGTGGCGGATTCGGCTCTTGGGCTTTTGATACCTGG"	623.511
"1284_1_5_D06"	"1284_1_5_D06_TRINITY_DN0_c0_g1_i1_H"	"IGHV2-70*11"	"IGHJ4*01"	"TGTGCACGGACTCCAAGAGTTCGTGGATACAGCCTTGACTACTGG"	2850.52
"1284_1_5_D02"	"1284_1_5_D02_TRINITY_DN1_c0_g1_i1_H"	"IGHV3-21*01"	"IGHJ6*02"	"TGTGCGAGAGACCCTACCCAGATTACTATGGTTCGGGGAGTTACCTCCTACTACTACTACGGTATGGACGTCTGG"	10597.3
"1284_1_1_N09"	"1284_1_1_N09_TRINITY_DN0_c0_g1_i1_H"	"IGHV4-34*01,IGHV4-34*02"	"IGHJ4*02,IGHJ5*02"	"TGTGGGAGACTGATCGGACACAATTATGGTTTTCGCTGG"	4185.42
"1284_1_5_F05"	"1284_1_5_F05_TRINITY_DN6_c0_g1_i1_H"	"IGHV4-31*03"	"IGHJ4*02"	"TGTGCAAGAGTCGATTTCCTACGGGGCCCCCTTAAGTACTGG"	247853
"1284_1_5_I06"	"1284_1_5_I06_TRINITY_DN1_c0_g1_i3_H"	"IGHV3-74*01"	"IGHJ2*01"	"TGTGCAAGAGAGGGGATGGTGGGGGGATCCAGCCACGGGTACTTCGATCTCTGG"	7550.16
"1284_1_5_J01"	"1284_1_5_J01_TRINITY_DN2_c0_g1_i1_H"	"IGHV3-21*01"	"IGHJ4*02"	"TGTGCGAGAGATAATGAGAGATGGGGCTACTGG"	14813.6
"1284_1_1_D04"	"1284_1_1_D04_TRINITY_DN1_c0_g1_i1_H"	"IGHV3-7*02"	"IGHJ3*01"	"TGTGCGAGGGACCCGGGTCGGACGGTAACTGATGCTTTTGATGTTTGG"	2632.03
"1284_1_5_D05"	"1284_1_5_D05_TRINITY_DN1_c0_g1_i1_H"	"IGHV3-48*02"	"IGHJ4*02"	"TGTGTGAGAGACGGTGGGGGCTACTACTACTTTGACTACTGG"	14273.3
"1284_1_1_F09"	"1284_1_1_F09_TRINITY_DN1_c0_g1_i3_H"	"IGHV4-4*07"	"IGHJ3*01,IGHJ3*02"	"TGTGCGGGATGGGAGCTACATCGTTCCGATGCTTTTCATCTCTGG"	1275.59
"1284_1_5_N06"	"1284_1_5_N06_TRINITY_DN2_c0_g1_i3_H"	"IGHV3-23*04"	"IGHJ5*02"	"TGTGCGACGAAGGGGGGTCATGACTACGGTGACTACGACAACTGGTTCGACCCCTGG"	8500.84
"1284_1_1_M03"	"1284_1_1_M03_TRINITY_DN1_c0_g1_i1_H"	"IGHV1-18*04"	"IGHJ4*02"	"TGTGCGAGAGATCGCGGGTATAGCGGCCTATGGGTTATAAAGGACTTCGAGTACTGG"	1097.41
"1284_1_1_E04"	"1284_1_1_E04_TRINITY_DN0_c0_g1_i1_H"	"IGHV2-5*02,IGHV2-5*06"	"IGHJ4*02"	"TGTGCACACACAGACCCCTCCGGGTATAGTAGTGGCTGGTACACTTACTTTGACAACTGG"	1532.33
"1284_1_5_C01"	"1284_1_5_C01_TRINITY_DN0_c0_g1_i1_H"	"IGHV1-24*01"	"IGHJ4*02"	"TGTTCAACAGGACTTTTCGGGGACTTTCCTGCGTACTGG"	4914.58
"1284_1_5_O01"	"1284_1_5_O01_TRINITY_DN0_c0_g1_i1_H"	"IGHV3-30-3*01"	"IGHJ5*02"	"TGTGCGAGAGGGGGAATAGTGGGAGCTGCTAATTGGTTCGACCCCTGG"	1810.74
"1284_1_1_B07"	"1284_1_1_B07_TRINITY_DN0_c0_g1_i1_H"	"IGHV1-24*01"	"IGHJ4*02"	"TGTTCAACAGGACTTTTCGGGGACTTTCCTGCCTACTGG"	576.809
"1284_1_5_K06"	"1284_1_5_K06_TRINITY_DN1_c0_g1_i1_H"	"IGHV3-30*02,IGHV3-30-5*02"	"IGHJ4*02"	"TGTGCGAAAGATGGTACCAGTAAACTGTACTACATTGACTCTTGG"	1536.21
"1284_1_5_K03"	"1284_1_5_K03_TRINITY_DN3_c0_g1_i1_H"	"IGHV3-30*18,IGHV3-30-5*01"	"IGHJ4*02"	"TGTGCGAAACCCAAGTACTATGATAGTACTGGTTATTGTGACTACTGG"	13262.6
"1284_1_1_P09"	"1284_1_1_P09_TRINITY_DN0_c0_g1_i1_H"	"IGHV3-23*01,IGHV3-23*02,IGHV3-23*03"	"IGHJ4*02"	"TGTGCGAAGGAAAGGACCAGCAGCGGTTTTGACTACTGG"	352.759
"1284_1_1_G08"	"1284_1_1_G08_TRINITY_DN0_c0_g1_i1_H"	"IGHV1-24*01"	"IGHJ6*02"	"TGTGCAGTAGGCCTCTTTATGACTCACCAAGACGGTATGGACGTCTGG"	26.1965
"1284_1_5_B06"	"1284_1_5_B06_TRINITY_DN1_c0_g1_i1_H"	"IGHV4-38-2*02"	"IGHJ4*02"	"TGTGCGAGGGGGCCACAGTGGGTACTAAATGATTTTTACTACTTTGACGTCTGG"	9334.48
