"","Cell","HamClone","intraClonalDistance","Isotype","Junction_H","V_gene_H","TPM_H","Rep_CDR_mut_H","Sil_CDR_mut_H","Rep_FWR_mut_H","Sil_FWR_mut_H","All_mut_H","Func_IgK","V_gene_K","TPM_K","Rep_CDR_mut_K","Sil_CDR_mut_K","Rep_FWR_mut_K","Sil_FWR_mut_K","All_mut_K","Func_IgL","V_gene_L","TPM_L","Rep_CDR_mut_L","Sil_CDR_mut_L","Rep_FWR_mut_L","Sil_FWR_mut_L","All_mut_L"
"1166_1_2_B08","1166_1_2_B08",NA,NA,"IGHG2","TGTACGAGAGATAAGGTCCCGCTAGTACCATTTAAGTACGGTATGGACGTCTGG","IGHV3-30*03",163655,5,0,3,7,15,TRUE,"IGKV1-39*01,IGKV1D-39*01",239149,3,0,7,6,16,NA,NA,NA,NA,NA,NA,NA,NA
"1166_1_1_H17","1166_1_1_H17",NA,NA,"IGHG4","TGTGCGAGAGGTGGGGGATCTTTACGCTACTATTACTACGGTTTGGACGTCTGG","IGHV3-64*01,IGHV3-64*02",21791.3,5,1,11,4,21,TRUE,"IGKV1-39*01,IGKV1D-39*01",60582.7,4,2,7,3,16,NA,NA,NA,NA,NA,NA,NA,NA
"1166_1_2_P06","1166_1_2_P06",NA,NA,"IGHG2","TGCGGGAAAGACCGGTTCCCCCTGGGAACGATGATAGTAGTGTCATCCTGG","IGHV3-30*18,IGHV3-30-5*01",80008.9,6,0,4,5,15,TRUE,"IGKV3-20*01",214782,1,0,5,6,12,NA,NA,NA,NA,NA,NA,NA,NA
"1166_1_2_E08","1166_1_2_E08",NA,NA,"IGHG2","TGTGCGAGACAATCACCGGTGACTGTTGCCTTCTGG","IGHV3-11*01",75150.6,5,3,8,5,21,TRUE,"IGKV2-28*01,IGKV2D-28*01",219986,2,0,3,0,5,NA,NA,NA,NA,NA,NA,NA,NA
"1166_1_2_N14","1166_1_2_N14",5,0,"IGHG4","TGTTCGACTTTCAGAATCGAGCACCCCGTCTACTATTACGGTATGGATGTCTGG","IGHV1-69*04,IGHV1-69*09",112817,6,3,2,3,14,TRUE,"IGKV1-39*01,IGKV1D-39*01",253161,4,1,3,2,10,NA,NA,NA,NA,NA,NA,NA,NA
"1166_1_2_J03","1166_1_2_J03",202,0,"IGHG4","TGTGCGAGACGGTCTCATTATGATAAACGACACTTTGACTTCTGG","IGHV3-23*01,IGHV3-23D*01",127368,6,1,7,3,17,TRUE,"IGKV1-6*02",110825,0,0,1,2,3,NA,NA,NA,NA,NA,NA,NA,NA
"1166_1_2_M09","1166_1_2_M09",252,3,"IGHG2","TGTGCGAGGGAATTCGGAGCAATGGCAGCTCCTCTTAATTTCTTCCACTACTACGCTATGGACGTCTGG","IGHV1-69*01,IGHV1-69D*01",71960.8,5,0,5,4,14,NA,NA,NA,NA,NA,NA,NA,NA,TRUE,"IGLV2-18*01",219400,6,0,5,1,12
"1166_1_2_N10","1166_1_2_N10",212,0,"IGHG1","TGTGCGAAGGGGAGGAAGGAGGGCTACTACGCTATGGACGTCTGG","IGHV3-23*01,IGHV3-23D*01",166044,4,2,6,7,19,TRUE,"IGKV1-6*01,IGKV1-6*02",147720,1,0,5,4,10,NA,NA,NA,NA,NA,NA,NA,NA
"1166_1_2_L08","1166_1_2_L08",NA,NA,"IGHG4","TGTGCGAGAGACAAAGTGGGAGTTGTCTACCACTATGGTATGGACGTCTGG","IGHV3-7*01",109476,2,0,3,3,8,TRUE,"IGKV1-39*01,IGKV1D-39*01",169805,1,2,6,3,12,NA,NA,NA,NA,NA,NA,NA,NA
"1166_1_2_I15","1166_1_2_I15",NA,NA,"IGHG1","TGTGCGAGCTCCTCCCGTAATTGGGGAGTAGATGCTCCTGATATCTGG","IGHV3-53*02",1577.74,10,1,12,4,27,TRUE,"IGKV2-24*01",2481.22,4,3,1,6,14,NA,NA,NA,NA,NA,NA,NA,NA
"1166_1_2_D08","1166_1_2_D08",203,0,"IGHG4","TGTGCGAGAGGCGACAGTGGTGGTGGTGACTGCTCTTCTAATTGG","IGHV1-46*01",136222,2,1,4,3,10,TRUE,"IGKV1D-16*01",270998,2,0,2,1,5,NA,NA,NA,NA,NA,NA,NA,NA
"1166_1_2_N12","1166_1_2_N12",NA,NA,"IGHG1","TGTGCACACTCGGGTATACCGTCAGGAGATGATGGTTTTGATATATGG","IGHV2-5*02",89119.3,0,0,4,0,4,NA,NA,NA,NA,NA,NA,NA,NA,TRUE,"IGLV3-19*01",173158,0,0,1,0,1
"1166_1_2_J04","1166_1_2_J04",83,0,"IGHG4","TGTGCGAGACTAATGGAGTGGGAGGTACCTGGCCCCTTTGACAACTGG","IGHV3-11*01",78916.7,3,0,5,1,9,TRUE,"IGKV1-5*03",258825,2,1,4,1,8,NA,NA,NA,NA,NA,NA,NA,NA
"1166_1_1_J18","1166_1_1_J18",NA,NA,"IGHG4","TGTGCGAGACCCGATGTAGTGGGAGCTATTAGACACTGG","IGHV5-51*03",20783.8,4,0,10,6,20,TRUE,"IGKV2-28*01,IGKV2D-28*01",12642,0,0,4,0,4,NA,NA,NA,NA,NA,NA,NA,NA
"1166_1_2_O13","1166_1_2_O13",NA,NA,"IGHG4","TGTGCGAGACATCGCGGCGAGGTTTATGATTTTTACTGGTTCGACTCCTGG","IGHV4-39*01",1315.56,9,4,10,11,34,TRUE,"IGKV4-1*01",3222.26,4,2,7,7,20,NA,NA,NA,NA,NA,NA,NA,NA
"1166_1_2_M16","1166_1_2_M16",NA,NA,"IGHG4","TGTGCGAGAGTTAGCGAGTGGGACCTCTACTTAGACTACTGG","IGHV3-11*01",36360.6,1,0,4,1,6,NA,NA,NA,NA,NA,NA,NA,NA,TRUE,"IGLV2-11*01",111791,1,1,2,0,4
"1166_1_2_L16","1166_1_2_L16",214,0,"IGHG4","TGTGCGAGACAAGATGGCTATAATGAGGACATCTTTGAGTACTGG","IGHV5-51*03",20755.6,2,0,7,1,10,TRUE,"IGKV1D-12*01",80560.9,2,1,3,3,9,NA,NA,NA,NA,NA,NA,NA,NA
"1166_1_2_H14","1166_1_2_H14",5,0,"IGHG4","TGTTCGACTTTCAGAATCGAGCACCCCGTCTACTATTACGGTATGGATGTCTGG","IGHV1-69*04",103306,7,3,2,4,16,TRUE,"IGKV1-39*01,IGKV1D-39*01",307239,4,1,3,2,10,NA,NA,NA,NA,NA,NA,NA,NA
"1166_1_2_E11","1166_1_2_E11",NA,NA,"IGHG4","TGTGCGAGAACCTCGGAGTGGGATCTAGTGGTTTCGGACTACTGG","IGHV3-11*01",101454,3,1,9,1,14,TRUE,"IGKV3-15*01",179388,2,0,1,1,4,NA,NA,NA,NA,NA,NA,NA,NA
"1166_1_2_L15","1166_1_2_L15",235,0,"IGHG4","TGTGCGAGAGATCGGTTCCCTTTCCTGTATTGTACTGGTGGTCACTGCTTTAACCCATCGGACGTCTGG","IGHV1-18*01,IGHV1-18*04",24799.3,0,0,1,1,2,TRUE,"IGKV1-39*01,IGKV1D-39*01",128668,6,1,8,1,16,NA,NA,NA,NA,NA,NA,NA,NA
"1166_1_2_H03","1166_1_2_H03",NA,NA,"IGHG1","TGTGCGAGGTATCTGGAACTGTGGGCTGCTTTTGACATATGG","IGHV1-3*01",76394.8,6,0,10,1,17,TRUE,"IGKV1-39*01,IGKV1D-39*01",121786,3,0,2,3,8,NA,NA,NA,NA,NA,NA,NA,NA
"1166_1_2_L07","1166_1_2_L07",NA,NA,"IGHG4","TGTGCGAGACATGATGAGTGGGAGCTACATCTTGACTACTGG","IGHV3-11*01",164185,4,0,6,4,14,TRUE,"IGKV3-20*01",242949,2,0,3,1,6,NA,NA,NA,NA,NA,NA,NA,NA
"1166_1_2_K09","1166_1_2_K09",NA,NA,"IGHG4","TGTGCGAGAGGTAAAGAGGAATTACGATATTTTGACTGGTTACCTACAACTGGCGCTATGGACGTCTGG","IGHV1-18*01",77170.4,4,0,6,2,12,TRUE,"IGKV1-33*01,IGKV1D-33*01",226142,2,0,2,1,5,NA,NA,NA,NA,NA,NA,NA,NA
"1166_1_2_C11","1166_1_2_C11",354,0,"IGHG4","TGTGCGAGAGGTCGCCCGACGCTGCATAGCAGTGGCCTTCAATACTTCCAATACTGG","IGHV1-18*04",105228,3,1,7,2,13,NA,NA,NA,NA,NA,NA,NA,NA,TRUE,"IGLV1-51*01",134431,3,0,4,1,8
"1166_1_2_B12","1166_1_2_B12",8,0,"IGHG4","TGTGTAAGAGATAAACGAAATGATACTACTGGTAAACGTTGGTTCGACCCCTGG","IGHV6-1*01",69329.7,1,0,5,4,10,TRUE,"IGKV1-6*01",124712,1,0,5,2,8,NA,NA,NA,NA,NA,NA,NA,NA
"1166_1_2_E02","1166_1_2_E02",NA,NA,"IGHG1","TGTGCACGGATGGTTCCGTTTGGCAGTGGCTGGTTTGGCTTCTACTACGGTATGGACGTCTGG","IGHV2-70D*04",27760.8,1,0,5,5,11,TRUE,"IGKV1-39*01,IGKV1D-39*01",111095,2,0,1,3,6,NA,NA,NA,NA,NA,NA,NA,NA
"1166_1_2_K05","1166_1_2_K05",NA,NA,"IGHG2","TGTGCGAGAGGAATATCAGCGGCTCCTTACTACTACTACGGTCTGGACGTCTGG","IGHV3-33*01",111372,5,1,3,3,12,NA,NA,NA,NA,NA,NA,NA,NA,TRUE,"IGLV1-47*02",119438,4,0,0,0,4
"1166_1_2_P05","1166_1_2_P05",NA,NA,"IGHG4","TGTGCGAGAGAGCCGGGCCGTATAGGTTATAGTAGCAGCTGGTACGACTTTGACTACTGG","IGHV1-18*01,IGHV1-18*04",30494.6,0,0,0,0,0,TRUE,"IGKV1-39*01,IGKV1D-39*01",102022,1,1,5,7,14,NA,NA,NA,NA,NA,NA,NA,NA
"1166_1_2_J09","1166_1_2_J09",NA,NA,"IGHG4","TGTGCGAGAGGGACTACGGTGACCAACTTTGACTCCTGG","IGHV1-8*01",102873,3,2,4,2,11,NA,NA,NA,NA,NA,NA,NA,NA,TRUE,"IGLV3-25*02",206250,6,0,5,2,13
"1166_1_1_G12","1166_1_1_G12",8,0,"IGHG2","TGTGTAAGAGATAAACGAAATGATACTACTGGTAAACGTTGGTTCGACCCCTGG","IGHV6-1*01",228086,1,0,5,4,10,TRUE,"IGKV1-6*01",121593,1,0,5,2,8,NA,NA,NA,NA,NA,NA,NA,NA
"1166_1_2_N02","1166_1_2_N02",158,0,"IGHG4","TGTGCGAGGGGGTCAGGTTTGGCTGATTATTATCCTTGGCTTGACTACTGG","IGHV3-21*01,IGHV3-21*02",26909.3,3,0,5,4,12,NA,NA,NA,NA,NA,NA,NA,NA,TRUE,"IGLV1-51*01,IGLV1-51*02",60475.8,4,1,2,3,10
"1166_1_2_G11","1166_1_2_G11",NA,NA,"IGHG4","TGTGCGAGAGAGACCGGTTCGGGGGGGATTGACTACTGG","IGHV4-31*03",47803.5,7,1,9,8,25,NA,NA,NA,NA,NA,NA,NA,NA,TRUE,"IGLV1-47*01",116146,3,0,4,3,10
"1166_1_2_I04","1166_1_2_I04",NA,NA,"IGHG4","TGTGCGACAGACTATAGGGGTCGAATGGACTCCAAGTATAGCAGTGCGTGGTACGCGTGCTTTGCTTACTGG","IGHV1-69*01,IGHV1-69D*01",16930.4,2,0,1,3,6,TRUE,"IGKV1-5*03",11958,3,1,2,1,7,NA,NA,NA,NA,NA,NA,NA,NA
"1166_1_2_E05","1166_1_2_E05",202,0,"IGHG4","TGTGCGAGACGGTCTCATTATAATAAACGACACTTTGACTTCTGG","IGHV3-23*01,IGHV3-23*04,IGHV3-23D*01",99692.1,5,1,5,2,13,TRUE,"IGKV1-6*02",98764.8,0,0,1,1,2,NA,NA,NA,NA,NA,NA,NA,NA
"1166_1_2_L02","1166_1_2_L02",NA,NA,"IGHG4","TGTGCAAAAGTGTTTTACTATGATAGTAATGGTTACACCCCGTATTACTTTGACTACTGG","IGHV3-9*01",65406.1,2,0,0,1,3,TRUE,"IGKV3-15*01",284751,5,0,1,1,7,NA,NA,NA,NA,NA,NA,NA,NA
"1166_1_2_F11","1166_1_2_F11",NA,NA,"IGHG1","TGTGCGAGGCATATTGTCGCGTCGCCTTTCGATGTCTGGAGTCCTGGGACGATG","IGHV4-55*01",164602,0,0,11,7,18,NA,NA,NA,NA,NA,NA,NA,NA,TRUE,"IGLV2-23*02",230444,7,2,23,10,42
"1166_1_2_O08","1166_1_2_O08",NA,NA,"IGHG4","TGTAGTAGAGATGGTGGCGGTGACTATTCATTTTGGGGGGGCTATGTCTACTACGGTATGGACGTCTGG","IGHV3-49*05",122304,2,2,3,2,9,TRUE,"IGKV1D-12*01",218212,2,1,1,2,6,NA,NA,NA,NA,NA,NA,NA,NA
"1166_1_2_N09","1166_1_2_N09",NA,NA,"IGHG2","TGTGCAAAAGATAGAATCCCGTGGAGACACCCATGGAACGGCATGGACGTCTGG","IGHV3-9*01",140336,6,3,8,2,19,TRUE,"IGKV1-9*01",182854,0,0,6,1,7,NA,NA,NA,NA,NA,NA,NA,NA
"1166_1_2_F13","1166_1_2_F13",84,0,"IGHG4","TGTGCGAGAGCCCCAAGTCATAGCAGCGCCTGGTACCTCGACTACTGG","IGHV3-11*01",44823.1,4,0,5,4,13,TRUE,"IGKV1-5*03",122407,1,1,5,3,10,NA,NA,NA,NA,NA,NA,NA,NA
"1166_1_2_P16","1166_1_2_P16",NA,NA,"IGHG4","TGTGCGAGAGAAAGGGGAGTCTTTACCCACCACTACGGAATGGACGTCTGG","IGHV3-7*01",96915.8,1,0,2,3,6,TRUE,"IGKV1-39*01,IGKV1D-39*01",210057,3,2,4,3,12,NA,NA,NA,NA,NA,NA,NA,NA
"1166_1_2_E13","1166_1_2_E13",NA,NA,"IGHG4","TGTGCATCAGGGCCTAGGGGTGACCCCGACTCTAGGGTGATTTTCCACCACTACTACGGTATGGACGTCTGG","IGHV1-24*01",87514.4,1,0,4,2,7,NA,NA,NA,NA,NA,NA,NA,NA,TRUE,"IGLV6-57*02",249738,2,1,4,2,9
"1166_1_2_C05","1166_1_2_C05",NA,NA,"IGHG2","TGTGCAAGAGCACCTTTCGATTTTTTGACTGGTTCTTATATAGTGGGGTGCTACTACGGCATGGACGTCTGG","IGHV3-9*01",81162.5,0,0,0,0,0,TRUE,"IGKV1-39*01,IGKV1D-39*01",177835,2,0,2,5,9,NA,NA,NA,NA,NA,NA,NA,NA
"1166_1_2_I03","1166_1_2_I03",NA,NA,"IGHG4","TGTGCGAGAGAGGGGTGGGGAAATTGGCGGGCTCGGGGCTGGTTCGACCCCTGG","IGHV4-31*03",64512,4,0,7,5,16,TRUE,"IGKV3-20*01",99483.2,3,0,0,1,4,NA,NA,NA,NA,NA,NA,NA,NA
"1166_1_2_K10","1166_1_2_K10",NA,NA,"IGHG1","TGTGCACGGATTCGGGTTCAAGTAGTTCCAGCTGACAGTCCCAACCCCGGTAATGTGTCGAGCTATGACTACTACTACTACGGTATAGACGTCTGG","IGHV2-70*11",53859.4,3,4,3,0,10,NA,NA,NA,NA,NA,NA,NA,NA,TRUE,"IGLV3-1*01",124339,1,0,5,6,12
"1166_1_2_H12","1166_1_2_H12",NA,NA,"IGHG2","TGTGTGAGAGTCGATATAGTCGTACATGGTTACTTTGACTACTGG","IGHV3-11*01",177015,4,0,10,5,19,TRUE,"IGKV1-5*03",197948,1,2,1,1,5,NA,NA,NA,NA,NA,NA,NA,NA
"1166_1_2_D13","1166_1_2_D13",NA,NA,"IGHG4","TGTGCGAGACTCGAAGAGTGGCAGGGGGGTTACTTTGACTCCTGG","IGHV3-11*01",1171.49,7,1,7,7,22,TRUE,"IGKV1-5*03",7597.99,0,1,2,0,3,NA,NA,NA,NA,NA,NA,NA,NA
"1166_1_2_G05","1166_1_2_G05",NA,NA,"IGHG4","TGTGCACGGATACCTATAGTGGGACCTACTCCAACATCCTACTACTACTACGCTATGGACGTCTGG","IGHV2-70*01",60232.8,3,0,1,1,5,NA,NA,NA,NA,NA,NA,NA,NA,TRUE,"IGLV2-8*01",176623,1,0,1,3,5
"1166_1_2_P12","1166_1_2_P12",84,5,"IGHG4","TGTGCGAGAGCCCCGGATCACAGCAGTGCCTGGTACCTCGACTACTGG","IGHV3-11*01",99459.9,4,0,7,2,13,TRUE,"IGKV1-5*03",164264,2,1,1,1,5,NA,NA,NA,NA,NA,NA,NA,NA
"1166_1_2_M10","1166_1_2_M10",NA,NA,"IGHG4","TGTGCGAGAACCGGCGCGACGATCTTTGAACTGAAAGGTATGGACGTCTGG","IGHV4-59*08",893.513,4,2,8,1,15,NA,NA,NA,NA,NA,NA,NA,NA,TRUE,"IGLV3-21*02",10457.5,3,0,5,1,9
"1166_1_2_J05","1166_1_2_J05",235,0,"IGHG2","TGTGCGAGAGATCGGTTCCCTTTCCTGTATTGTACTGGTGGTCACTGCTTTAACCCATCGGACGTCTGG","IGHV1-18*01",49849.4,2,1,9,4,16,TRUE,"IGKV1-39*01,IGKV1D-39*01",170586,6,1,8,1,16,NA,NA,NA,NA,NA,NA,NA,NA
"1166_1_2_F14","1166_1_2_F14",291,0,"IGHG4","TGTGCGAGAGTCGGATACAGCCATGGTGATAGTGACTACTGG","IGHV1-8*01",1846.94,5,1,6,4,16,TRUE,"IGKV1-12*01,IGKV1-12*02,IGKV1D-12*02",3200.87,3,0,6,4,13,NA,NA,NA,NA,NA,NA,NA,NA
"1166_1_1_G03","1166_1_1_G03",NA,NA,"IGHG1","TGTGCGAGAGATCGAGCGGCTATCGGTGGTTCGGGGCGTTTTCTCCTCTGG","IGHV3-33*01",1138.7,2,2,5,5,14,TRUE,"IGKV4-1*01",5910.81,2,0,6,3,11,NA,NA,NA,NA,NA,NA,NA,NA
"1166_1_2_E03","1166_1_2_E03",NA,NA,"IGHG4","TGTGCAAAAGATAGGTTCTATGATAGTAGTGGTTATCTCCTGGGGATAGGTTTTGATATGTGG","IGHV3-9*01",95594.4,3,1,3,1,8,TRUE,"IGKV1-39*01,IGKV1D-39*01",177697,2,2,2,2,8,NA,NA,NA,NA,NA,NA,NA,NA
"1166_1_2_A07","1166_1_2_A07",147,0,"IGHG4","TGTGCGAGAGCCCGTCGTACAATGGGAGCTAGTCGCTACTTTGACTACTGG","IGHV1-69*01,IGHV1-69D*01",40118,7,0,5,5,17,TRUE,"IGKV1-5*03",144174,1,1,2,0,4,NA,NA,NA,NA,NA,NA,NA,NA
"1166_1_2_K07","1166_1_2_K07",227,0,"IGHG4","TGTGCGAGAATTTCCGAATGGGAGCTGGGGTACTTCGATCTCTGG","IGHV3-11*01",76544.3,3,2,5,2,12,TRUE,"IGKV3-15*01",210107,3,0,1,0,4,NA,NA,NA,NA,NA,NA,NA,NA
"1166_1_2_A13","1166_1_2_A13",NA,NA,"IGHG4","TGTGCACACCTCTACCCCGGATTTGATGCTTTTGATATCTGG","IGHV2-5*02",71727.3,1,1,6,2,10,NA,NA,NA,NA,NA,NA,NA,NA,TRUE,"IGLV3-19*01",111348,2,0,3,0,5
"1166_1_2_D15","1166_1_2_D15",NA,NA,"IGHG4","TGTGCACGGAATCGCGATGGAGCTGGCTGGTATTTTGCTTTTGATATCTGG","IGHV2-26*01",27233.3,0,0,1,0,1,NA,NA,NA,NA,NA,NA,NA,NA,TRUE,"IGLV2-14*01",205386,3,0,4,2,9
"1166_1_1_H01","1166_1_1_H01",83,0,"IGHG4","TGTGCGAGACTAATGGAGTGGGAGGTACCTGGCCCCTTTGACAACTGG","IGHV3-11*01",88794.4,3,0,5,1,9,TRUE,"IGKV1-5*03",204385,2,1,4,1,8,NA,NA,NA,NA,NA,NA,NA,NA
"1166_1_2_E09","1166_1_2_E09",NA,NA,"IGHG2","TGTGTGAGAGTGACCCCTGTAATACGATTTTTGGAGTGGTTTTCTACAGCCCCGGCCTACGGTATGGACGTCTGG","IGHV1-8*01,IGHV1-8*02",98736.4,0,0,4,3,7,TRUE,"IGKV3-20*01",94603.1,2,2,5,4,13,NA,NA,NA,NA,NA,NA,NA,NA
"1166_1_2_J08","1166_1_2_J08",252,3,"IGHG4","TGTGCGAAGGAATTCGGAGCAATGGCAGCTCCTCTTAATTTCTTCCACTACTACGGCATGGACGTCTGG","IGHV1-69*01,IGHV1-69D*01",31346.5,5,0,7,3,15,NA,NA,NA,NA,NA,NA,NA,NA,TRUE,"IGLV2-18*01",147812,7,0,5,1,13
"1166_1_2_I02","1166_1_2_I02",319,0,"IGHG2","TGTGCGAGAGTGGGTGTGAGTCTTGGAGACTTTGACTTCTGG","IGHV1-18*01",44155.1,5,5,3,5,18,TRUE,"IGKV1-39*01,IGKV1D-39*01",115925,3,0,6,5,14,NA,NA,NA,NA,NA,NA,NA,NA
"1166_1_2_O03","1166_1_2_O03",NA,NA,"IGHG4","TGTGCGAGAGATCGATTTCCGTATAACACCAACTGGAGATGGGCTGCTTTTGATATCTGG","IGHV3-33*01",34693,6,0,4,0,10,TRUE,"IGKV1-9*01",112382,1,0,2,2,5,NA,NA,NA,NA,NA,NA,NA,NA
"1166_1_2_L06","1166_1_2_L06",NA,NA,"IGHG4","TGTGCGAGAGGGCGGTGGGACCTACATTTTGATTACTGG","IGHV3-11*01",33416,3,2,7,5,17,TRUE,"IGKV3-15*01",152923,6,0,4,2,12,NA,NA,NA,NA,NA,NA,NA,NA
"1166_1_2_M08","1166_1_2_M08",158,1,"IGHG4","TGTGCGAGGGGGTCAGGTTTGACTGATTATTATCCTTGGCTTGACTACTGG","IGHV3-21*01",50308.4,3,0,5,3,11,NA,NA,NA,NA,NA,NA,NA,NA,TRUE,"IGLV1-51*01,IGLV1-51*02",62649.3,3,0,2,1,6
"1166_1_2_G10","1166_1_2_G10",NA,NA,"IGHG4","TGTGTTAGAGAGGGGATATTAAAAGTGTTCGGGGGCAACTACTACTACGGTATGGACGTCTGG","IGHV3-72*01",100636,3,1,6,3,13,TRUE,"IGKV3-20*01",190812,3,0,2,1,6,NA,NA,NA,NA,NA,NA,NA,NA
"1166_1_2_I09","1166_1_2_I09",NA,NA,"IGHG1","TGTGCGAGAGATGGGGACGAGTGGAAGCCCTTCAATCACTTCGACCCCTGG","IGHV3-11*01",50065.8,3,0,2,2,7,NA,NA,NA,NA,NA,NA,NA,NA,TRUE,"IGLV1-40*01",144105,2,1,1,3,7
"1166_1_2_P03","1166_1_2_P03",NA,NA,"IGHG4","TGTGCGAGAGATCGACTGAAACTACGGAGGGGCTACTTCTACTATGGGATGAACGTCTGG","IGHV1-18*01",55047.1,4,1,6,3,14,TRUE,"IGKV2-28*01,IGKV2D-28*01",161007,2,0,1,1,4,NA,NA,NA,NA,NA,NA,NA,NA
"1166_1_1_G18","1166_1_1_G18",111,0,"IGHG4","TGTGCGAGAAGTAGGACGGGTAAAATCGCCCATTATGGTATGGACGTCTGG","IGHV1-2*04",64213,3,0,7,5,15,TRUE,"IGKV1-39*01,IGKV1D-39*01",90523.2,4,1,4,3,12,NA,NA,NA,NA,NA,NA,NA,NA
"1166_1_2_L11","1166_1_2_L11",NA,NA,"IGHG4","TGTGCACACAGACCCATAGCAGCGCCCGTCCTGGGCTACTTTGACTCCTGG","IGHV2-5*02",91044.2,1,1,0,0,2,TRUE,"IGKV1-5*03",218478,2,3,5,3,13,NA,NA,NA,NA,NA,NA,NA,NA
"1166_1_2_F15","1166_1_2_F15",319,0,"IGHG4","TGTGCGAGAGTGGGTGTGAGTCTTGGAGACTTTGACTTCTGG","IGHV1-18*01",105379,5,4,4,2,15,TRUE,"IGKV1-39*01,IGKV1D-39*01",138510,3,0,7,4,14,NA,NA,NA,NA,NA,NA,NA,NA
"1166_1_2_M02","1166_1_2_M02",NA,NA,"IGHG4","TGTGCGAGTCAAGATCGTGGGCGGAAACTGGGGCTTGAGTACTGG","IGHV3-23*01,IGHV3-23D*01",155988,6,1,4,5,16,TRUE,"IGKV1-6*02",139859,0,1,2,1,4,NA,NA,NA,NA,NA,NA,NA,NA
"1166_1_2_B06","1166_1_2_B06",335,0,"IGHG1","TGTGCGAGGGAGGACATAGTGGCTCGTCCCTTTGACCACTGG","IGHV4-31*03",91467.6,1,2,2,2,7,NA,NA,NA,NA,NA,NA,NA,NA,TRUE,"IGLV2-23*02",262294,0,0,2,2,4
"1166_1_2_D03","1166_1_2_D03",202,0,"IGHG4","TGTGCGAGACGGTCTCATTATAATAAACGACACTTTGACTTCTGG","IGHV3-23*01,IGHV3-23D*01",153571,5,2,3,5,15,TRUE,"IGKV1-6*02",65.0044,1,0,4,2,7,NA,NA,NA,NA,NA,NA,NA,NA
"1166_1_1_L15","1166_1_1_L15",NA,NA,"IGHG1","TGTGCCAGAGTCTCTTTTGGTTTGTCTCCGGGCGGCTTTGACGTCTGG","IGHV4-30-2*01",6332.4,2,1,5,2,10,TRUE,"IGKV1-39*01,IGKV1D-39*01",3585.66,1,2,3,5,11,NA,NA,NA,NA,NA,NA,NA,NA
"1166_1_2_D02","1166_1_2_D02",NA,NA,"IGHG2","TGTGCGAGACAGGGAATCTATAGCAGGTCGTCGCACGTCCTCCTCTACTACTACGGTCTGGACGTCTGG","IGHV1-3*01",47595.5,3,0,9,3,15,TRUE,"IGKV2-28*01,IGKV2D-28*01",95857.4,1,0,2,3,6,NA,NA,NA,NA,NA,NA,NA,NA
"1166_1_2_O02","1166_1_2_O02",NA,NA,"IGHG4","TGTGCACACCTCGGCTACGGTGACTACTATGACTACTGG","IGHV2-5*02",91060.2,1,1,6,0,8,NA,NA,NA,NA,NA,NA,NA,NA,TRUE,"IGLV3-19*01",234832,1,1,2,1,5
"1166_1_2_B03","1166_1_2_B03",318,0,"IGHG2","TGTGCGAGAGAACGGATACAGTTGAGGGGTATGGACGTCTGG","IGHV3-21*01",76061.7,6,1,6,4,17,TRUE,"IGKV1-39*01,IGKV1D-39*01",117606,4,1,6,3,14,NA,NA,NA,NA,NA,NA,NA,NA
"1166_1_2_I16","1166_1_2_I16",214,0,"IGHG4","TGTGCGAGACAAGATGGCTATAATGAGGACATCTTTGAATACTGG","IGHV5-51*03",41217.2,2,0,10,0,12,TRUE,"IGKV1D-12*01",98875.7,0,0,2,2,4,NA,NA,NA,NA,NA,NA,NA,NA
"1166_1_2_O04","1166_1_2_O04",NA,NA,"IGHG4","TGTGCGAGAGACCGGTTTCCCAAGAGACCCAGGGGGTCCATCTACTATTATGGTATGGACGTCTGG","IGHV3-11*01",157242,6,2,3,5,16,TRUE,"IGKV1-12*01,IGKV1-12*02,IGKV1D-12*02",172883,6,0,4,4,14,NA,NA,NA,NA,NA,NA,NA,NA
"1166_1_2_M07","1166_1_2_M07",233,0,"IGHG4","TGTGCACGGTTCCTGATGGTTCGGGGACTTATTCCCCACGGACTCGGGCACTACGGTATGGACGTCTGG","IGHV2-70*01",34433.8,2,0,6,2,10,TRUE,"IGKV1-33*01,IGKV1D-33*01",84329.7,0,0,3,0,3,NA,NA,NA,NA,NA,NA,NA,NA
"1166_1_2_L10","1166_1_2_L10",NA,NA,"IGHG2","TGTGCGAGCGGCGTTCTCAGGTATTACGATCTTTTGACTGGTTATTCACACGTTGATGACAACTGG","IGHV1-69*11",106813,5,2,6,5,18,TRUE,"IGKV1D-13*01",221044,0,0,2,3,5,NA,NA,NA,NA,NA,NA,NA,NA
"1166_1_2_N13","1166_1_2_N13",293,0,"IGHG1","TGTGCACACGTGGCTGCTATTTATGATGCTTTTGATATCTGG","IGHV2-5*02",31716.8,2,0,1,0,3,NA,NA,NA,NA,NA,NA,NA,NA,TRUE,"IGLV3-19*01",80383.8,1,1,2,1,5
"1166_1_2_E12","1166_1_2_E12",NA,NA,"IGHG4","TGTGCGAAGGACCCCTTTGGGTCCCACGGTGACAAAGGTCAACTAGAAAAGTGG","IGHV1-3*01",87487.8,5,2,7,3,17,TRUE,"IGKV1-33*01,IGKV1D-33*01",177507,3,1,7,3,14,NA,NA,NA,NA,NA,NA,NA,NA
"1166_1_2_D09","1166_1_2_D09",212,0,"IGHG1","TGTGCGAAGGGGAGGAAGGCGGGCTACTACGCTATGGACGTCTGG","IGHV3-23*01,IGHV3-23*04,IGHV3-23D*01",44811.2,8,2,5,5,20,TRUE,"IGKV1-6*01,IGKV1-6*02",55977.4,0,0,1,1,2,NA,NA,NA,NA,NA,NA,NA,NA
"1166_1_2_F10","1166_1_2_F10",NA,NA,"IGHG4","TGTGCGAGAGAGAGGTACCATGATGGTAGTGGTTATTGGGACTACTACTACGGTATGGACGTCTGG","IGHV3-30*01",79975.5,5,1,3,3,12,TRUE,"IGKV3-20*01",148726,3,0,1,0,4,NA,NA,NA,NA,NA,NA,NA,NA
"1166_1_2_K06","1166_1_2_K06",NA,NA,"IGHG4","TGTGCACGAATACCCGCAGGCCCTGGGCTACCCTGGGATGCTTTTGATATCTGG","IGHV2-70*11",29823.6,5,0,2,0,7,TRUE,"IGKV4-1*01",1950.18,0,0,0,0,0,TRUE,"IGLV3-19*01",210732,1,1,4,4,10
"1166_1_2_E04","1166_1_2_E04",NA,NA,"IGHG4","TGTGCGCGACGGGGCAGCTGGTACCATGACTTAGACTCCTGG","IGHV1-8*01",180571,3,1,7,3,14,TRUE,"IGKV3-20*01",222879,3,0,2,1,6,NA,NA,NA,NA,NA,NA,NA,NA
"1166_1_2_H06","1166_1_2_H06",NA,NA,"IGHG4","TGTGCAAGAGCTCCAACAGGGGGAATACGAGGGATTGACTACTGG","IGHV3-74*01,IGHV3-74*03",76738.5,5,1,4,2,12,TRUE,"IGKV1-39*01,IGKV1D-39*01",124027,1,1,4,1,7,NA,NA,NA,NA,NA,NA,NA,NA
"1166_1_2_P10","1166_1_2_P10",NA,NA,"IGHG1","TGTGCGAAAGATCGTCATTACTATGATAGTAGTGGTTATTATCATTACTACTACTACGGTATGGACGTCTGG","IGHV3-30*18,IGHV3-30-5*01",1808.04,2,0,3,2,7,TRUE,"IGKV1-33*01,IGKV1D-33*01",7155.62,1,0,2,0,3,NA,NA,NA,NA,NA,NA,NA,NA
"1166_1_2_A10","1166_1_2_A10",333,0,"IGHG4","TGTGCGAGAGACAGGTTCCCCGCCCGTCACTTTGATGCCAGTGGTCTCGCCTACTGG","IGHV1-46*01",69132.4,6,4,12,3,25,TRUE,"IGKV2-28*01,IGKV2D-28*01",115384,0,2,2,4,8,NA,NA,NA,NA,NA,NA,NA,NA
"1166_1_2_G14","1166_1_2_G14",NA,NA,"IGHG4","TGTGCGAGAGATTACACTCCGTACTCCCATGATAGTAGTCTTTACTATTGG","IGHV3-20*01",66163.2,1,0,8,2,11,TRUE,"IGKV3-20*01",188763,1,1,6,3,11,NA,NA,NA,NA,NA,NA,NA,NA
"1166_1_2_H08","1166_1_2_H08",354,1,"IGHG4","TGTGCGAGAGGTCGCCCGACGCTGCATAGCAGTGGCCTTCAATACTTCCAGTACTGG","IGHV1-18*04",51852.6,3,1,5,3,12,NA,NA,NA,NA,NA,NA,NA,NA,TRUE,"IGLV1-51*01",70685.9,3,0,3,1,7
"1166_1_2_H11","1166_1_2_H11",NA,NA,"IGHG4","TGTGCGAGAGTCCCGTATAATTATGATGATAGTAGTGGTTATTACTACTACTACGGTATGGACGTCTGG","IGHV3-21*01",66442.1,3,0,3,2,8,NA,NA,NA,NA,NA,NA,NA,NA,TRUE,"IGLV9-49*01",189653,0,0,2,0,2
"1166_1_2_J16","1166_1_2_J16",291,0,"IGHG4","TGTGCGAGAGTCGGATACAGCCATGGTGATAGTGACTACTGG","IGHV1-8*01",21182.8,5,1,6,4,16,TRUE,"IGKV1-12*01,IGKV1-12*02,IGKV1D-12*02",43845.1,3,0,6,4,13,NA,NA,NA,NA,NA,NA,NA,NA
"1166_1_2_I11","1166_1_2_I11",202,0,"IGHG4","TGTGCGAGACGGTCTCATTATAATAAACGACACTTTGACTTCTGG","IGHV3-23*01,IGHV3-23*04,IGHV3-23D*01",78165,6,1,3,6,16,TRUE,"IGKV1-6*02",74234,1,0,1,2,4,NA,NA,NA,NA,NA,NA,NA,NA
"1166_1_2_M03","1166_1_2_M03",NA,NA,"IGHG2","TGTGCGAAGGACAAATTCGGCCAGCTCCACTACTACGGTATGGACGTCTGG","IGHV3-30*18,IGHV3-30-5*01",83779.3,3,2,9,5,19,TRUE,"IGKV1-39*01,IGKV1D-39*01",134979,4,0,2,5,11,NA,NA,NA,NA,NA,NA,NA,NA
"1166_1_2_L09","1166_1_2_L09",NA,NA,"IGHG4","TGTGCGAGAGATAAAGTGGGACTACACTTCCACTTTGGTATGGACGTCTGG","IGHV3-48*02",518.899,4,2,3,4,13,TRUE,"IGKV1-39*01,IGKV1D-39*01",6288.81,5,0,7,3,15,NA,NA,NA,NA,NA,NA,NA,NA
"1166_1_2_B02","1166_1_2_B02",NA,NA,"IGHG2","TGTGCGAGAGGGGGGGCATTAGAATGGTTCGGGGCGGACTACTGG","IGHV3-30-3*01",173781,7,1,10,6,24,TRUE,"IGKV1-5*03",142640,3,1,5,1,10,NA,NA,NA,NA,NA,NA,NA,NA
"1166_1_2_A09","1166_1_2_A09",NA,NA,"IGHG1","TGTGCGAAGAATCTTTACACCAGTTCGCCCAATCTAGACCATTGG","IGHV3-30*18,IGHV3-30-5*01",2513.78,3,1,10,7,21,TRUE,"IGKV2-28*01,IGKV2D-28*01",10487.7,3,0,7,3,13,NA,NA,NA,NA,NA,NA,NA,NA
"1166_1_2_I07","1166_1_2_I07",NA,NA,"IGHG2","TGTGCCAGAGAAAGTGGCTACGAGGGGTTGGGCTCCTGG","IGHV4-30-4*01",34217.8,1,1,3,2,7,NA,NA,NA,NA,NA,NA,NA,NA,TRUE,"IGLV1-47*02",106376,3,0,2,3,8
"1166_1_2_M11","1166_1_2_M11",NA,NA,"IGHG4","TGTGCGAGACCCCGATTTCCCGCAGCCCACCGAATTACTTTGATGACTCCCGCTGCCTGGTTCGACCCCTGG","IGHV3-30*03,IGHV3-30-3*01",49889.4,5,3,7,3,18,TRUE,"IGKV2-28*01,IGKV2D-28*01",90771.6,1,1,4,2,8,NA,NA,NA,NA,NA,NA,NA,NA
"1166_1_2_I05","1166_1_2_I05",NA,NA,"IGHG4","TGTGCGAGAGTTTTCGGGTTCGGGGACTTATGGACCAACTACTTGGACCCCTGG","IGHV3-64*01",120627,4,3,7,5,19,TRUE,"IGKV1-39*01,IGKV1D-39*01",182764,3,0,5,6,14,NA,NA,NA,NA,NA,NA,NA,NA
"1166_1_2_B14","1166_1_2_B14",NA,NA,"IGHG1","TGTGCGAGAGATCGGTGGAACGGGGGAATAGCAGCCTCCCCGTGGTACTTCGATCTCTGG","IGHV4-31*03",1405.69,8,0,9,4,21,TRUE,"IGKV3-15*01,IGKV3D-15*01",8335.76,2,0,4,3,9,NA,NA,NA,NA,NA,NA,NA,NA
"1166_1_2_F06","1166_1_2_F06",NA,NA,"IGHG4","TGTGCAAGAGTAGGGCTGGGAAGCGAGAGTTATCCCTTTGAGTTCTGG","IGHV6-1*01",103923,2,1,3,4,10,NA,NA,NA,NA,NA,NA,NA,NA,TRUE,"IGLV2-11*01",185227,3,0,1,2,6
"1166_1_2_G15","1166_1_2_G15",NA,NA,"IGHG4","TGTGCGAGAGGGGATTGTAGTACTCTCAGCTGCCGTACCCCCCTTGACTACTGG","IGHV3-33*01",59547.3,4,2,3,5,14,TRUE,"IGKV1-39*01,IGKV1D-39*01",229328,0,1,3,6,10,NA,NA,NA,NA,NA,NA,NA,NA
"1166_1_2_P15","1166_1_2_P15",84,0,"IGHG4","TGTGCGAGAGCCCCAAGTCATAGCAGCGCCTGGTACCTCGACTACTGG","IGHV3-11*01",60366.5,4,0,5,4,13,TRUE,"IGKV1-5*03",142462,1,1,5,3,10,NA,NA,NA,NA,NA,NA,NA,NA
"1166_1_2_J13","1166_1_2_J13",NA,NA,"IGHG4","TGTGCGAGAGATAAAGGTCGCCACTACTACGGTATGGACGTCTGG","IGHV3-21*01",46846.4,3,0,3,4,10,TRUE,"IGKV1-39*01,IGKV1D-39*01",87278.2,3,1,3,3,10,NA,NA,NA,NA,NA,NA,NA,NA
"1166_1_2_B05","1166_1_2_B05",NA,NA,"IGHG4","TGTGCGGGCAGGAGAATCTCGACTACAGAAGTTATCGCGCGGTTCGACCCCTGG","IGHV3-48*03,IGHV3-69-1*02",64961.1,0,0,2,1,3,TRUE,"IGKV1-6*01",83132.3,0,0,2,0,2,NA,NA,NA,NA,NA,NA,NA,NA
"1166_1_2_P14","1166_1_2_P14",NA,NA,"IGHG4","TGTGCGAGAATAGACGAGTGGCTCCGACTCCCCGTTGACTACTGG","IGHV3-11*01",41594.7,6,1,3,3,13,TRUE,"IGKV3-15*01",200272,0,0,0,2,2,NA,NA,NA,NA,NA,NA,NA,NA
"1166_1_2_K08","1166_1_2_K08",NA,NA,"IGHG4","TGTGCGAGCCAGCGATTTTTGGTGTGGTATGCTTTTGATATCTGG","IGHV3-48*02",39545.8,8,2,3,1,14,NA,NA,NA,NA,NA,NA,NA,NA,TRUE,"IGLV2-23*02",116352,3,0,3,2,8
"1166_1_2_L03","1166_1_2_L03",NA,NA,"IGHG4","TGTGCGCGAGATCGGACTCCTTATCGCCGGAACACTAACTGGTTCGACCCCTGG","IGHV1-2*02",116964,4,2,2,3,11,NA,NA,NA,NA,NA,NA,NA,NA,TRUE,"IGLV2-23*02",158019,3,0,8,0,11
"1166_1_2_F09","1166_1_2_F09",NA,NA,"IGHG4","TGTGCGAGAGAAGGTAGTGGTTATTACTACGATGCTTTTGATATCTGG","IGHV3-66*01",102192,5,0,4,4,13,NA,NA,NA,NA,NA,NA,NA,NA,TRUE,"IGLV3-19*01",156009,4,1,3,2,10
"1166_1_2_O15","1166_1_2_O15",NA,NA,"IGHG4","TGTGCGAGCGAGGAGCAGTGGCTGGGGGAGTACTTTGACTACTGG","IGHV3-7*01",105923,2,0,3,3,8,NA,NA,NA,NA,NA,NA,NA,NA,TRUE,"IGLV3-10*02",40381,0,0,2,1,3
"1166_1_1_N16","1166_1_1_N16",NA,NA,"IGHG1","TGTGCGAAAGGGGGCGCGGTTATATTGACTGGCCTCGACTCCTGG","IGHV1-3*01",4132.98,9,2,14,7,32,TRUE,"IGKV1-33*01,IGKV1D-33*01",3206.33,2,1,10,6,19,NA,NA,NA,NA,NA,NA,NA,NA
"1166_1_2_F03","1166_1_2_F03",NA,NA,"IGHG1","TGTGCAAAAGGTTATTGTAGTAGTGCTACCTGCCACTCAGACTACTGG","IGHV3-9*01",65978.6,2,0,9,2,13,NA,NA,NA,NA,NA,NA,NA,NA,TRUE,"IGLV2-11*01",151080,3,0,1,0,4
"1166_1_1_B17","1166_1_1_B17",NA,NA,"IGHG1","TGTGTACACAGATCAGTATTCGACGCTTTTGATATCTGG","IGHV2-5*02",85430.5,1,0,4,0,5,NA,NA,NA,NA,NA,NA,NA,NA,TRUE,"IGLV3-19*01",195937,1,0,4,0,5
"1166_1_2_A14","1166_1_2_A14",NA,NA,"IGHG4","TGTGCGAGAGAGGGAGGGATCTACCCGAGACTCGCCGGTATGGACGTCTGG","IGHV1-2*02",1387.19,5,2,10,4,21,TRUE,"IGKV3D-15*01",3820.3,2,1,3,1,7,NA,NA,NA,NA,NA,NA,NA,NA
"1166_1_2_P04","1166_1_2_P04",NA,NA,"IGHG1","TGCGCGAGAGAAAGTCGCTGGCTACGGTTGAGGGGGGAGGTTGACTCCTGG","IGHV3-30*04,IGHV3-30-3*03",4188.56,3,2,11,5,21,TRUE,"IGKV1-16*02",3870.98,2,0,6,5,13,NA,NA,NA,NA,NA,NA,NA,NA
"1166_1_2_E07","1166_1_2_E07",NA,NA,"IGHG1","TGTGCCCTCTGGGATAGGAGTGGCTATGACTATTTCGACCCCTGG","IGHV2-5*02",54117.7,1,1,1,2,5,NA,NA,NA,NA,NA,NA,NA,NA,TRUE,"IGLV3-19*01",301050,6,0,3,1,10
"1166_1_2_J07","1166_1_2_J07",291,0,"IGHG4","TGTGCGAGAGTCGGATACAGCCATGGTGATAGTGACTACTGG","IGHV1-8*01",9924.03,5,1,6,4,16,TRUE,"IGKV1-12*01,IGKV1-12*02,IGKV1D-12*02",22425.9,3,0,6,4,13,NA,NA,NA,NA,NA,NA,NA,NA
"1166_1_2_N01","1166_1_2_N01",147,0,"IGHG4","TGTGCGAGAGCCCGTCGTACAATGGGAGCTAGTCGCTACTTTGACTACTGG","IGHV1-69*01,IGHV1-69*12,IGHV1-69*13",30837.9,3,0,3,5,11,TRUE,"IGKV1-5*03",177227,1,1,2,0,4,NA,NA,NA,NA,NA,NA,NA,NA
"1166_1_2_O16","1166_1_2_O16",NA,NA,"IGHG4","TGTGCGAGAGTCGGTTCCATGACTAAGGACTTTGACTACTGG","IGHV1-18*01",50247.3,3,1,4,7,15,TRUE,"IGKV1-6*01,IGKV1-6*02",71916.3,0,0,0,0,0,NA,NA,NA,NA,NA,NA,NA,NA
"1166_1_2_D07","1166_1_2_D07",NA,NA,"IGHG4","TGTGCACGGTTCAACAGTGGCCACGGTTCACGTCAGTACTACTTTGACTTCTGG","IGHV2-70*13",18980.7,4,1,4,1,10,NA,NA,NA,NA,NA,NA,NA,NA,TRUE,"IGLV6-57*02",249337,4,0,5,3,12
"1166_1_2_I14","1166_1_2_I14",NA,NA,"IGHG4","TGTGCCAGAAATTACATCCCTTACTCCTACTATTACGGTATGGACGTCTGG","IGHV3-30-3*01",133935,6,2,4,2,14,TRUE,"IGKV3-20*01",66558.3,0,0,5,1,6,NA,NA,NA,NA,NA,NA,NA,NA
"1166_1_2_I13","1166_1_2_I13",NA,NA,"IGHG4","TGTGCGAGAGAAATGGAGTGGAAGATATATTATCTTGACTACTGG","IGHV3-11*01",94157.9,5,2,2,3,12,TRUE,"IGKV3-11*01",213244,2,0,3,0,5,NA,NA,NA,NA,NA,NA,NA,NA
"1166_1_2_E06","1166_1_2_E06",83,0,"IGHG2","TGTGCGAGACTAATGGAGTGGGAGGTACCTGGCCCCTTTGACAACTGG","IGHV3-11*01",101316,3,0,5,1,9,TRUE,"IGKV1-5*03",226385,2,1,4,1,8,NA,NA,NA,NA,NA,NA,NA,NA
"1166_1_2_I08","1166_1_2_I08",158,0,"IGHG2","TGTGCGAGGGGGTCAGGTTTGGCTGATTATTATCCTTGGCTTGACTACTGG","IGHV3-21*01,IGHV3-21*02",76639.4,3,0,4,5,12,NA,NA,NA,NA,NA,NA,NA,NA,TRUE,"IGLV1-51*01,IGLV1-51*02",96326.8,4,1,2,3,10
"1166_1_2_O11","1166_1_2_O11",NA,NA,"IGHG1","TGTGCGAGAATGGGGGCCGGTGACTCCGGGGATTACTACTACTACGACGGTATGGACGTCTGG","IGHV3-11*01",148505,6,0,2,3,11,NA,NA,NA,NA,NA,NA,NA,NA,TRUE,"IGLV1-44*01",117938,2,0,1,1,4
"1166_1_2_O09","1166_1_2_O09",NA,NA,"IGHG4","TGTGCGAGAGGCGGGGGCATTACTATGGTGCGGGGGCTTATGCAATGG","IGHV4-4*02",40107.8,1,0,8,5,14,TRUE,"IGKV1-39*01,IGKV1D-39*01",99082.6,2,3,6,3,14,NA,NA,NA,NA,NA,NA,NA,NA
"1166_1_2_G07","1166_1_2_G07",NA,NA,"IGHG4","TGTGCGAGAGTCCCGGGTGTGGCAAGGGGGGACTATTGG","IGHV1-18*01",72599.8,4,2,7,4,17,TRUE,"IGKV1-12*01,IGKV1-12*02,IGKV1D-12*02",122752,3,1,2,4,10,NA,NA,NA,NA,NA,NA,NA,NA
"1166_1_2_K02","1166_1_2_K02",NA,NA,"IGHG4","TGTGCGAGACACATTGGTAGCCGTGGCTGGAACGATCAATTTGACTACTGG","IGHV1-18*01",95256,4,1,4,3,12,NA,NA,NA,NA,NA,NA,NA,NA,TRUE,"IGLV1-51*01",133286,2,1,3,1,7
"1166_1_2_A15","1166_1_2_A15",NA,NA,"IGHG2","TGTGCGAGACATAGCAACAGCCTATACGCGTGGTTCGACCCCTGG","IGHV4-39*01",142949,6,1,6,6,19,NA,NA,NA,NA,NA,NA,NA,NA,TRUE,"IGLV1-51*01",46591.5,2,0,3,1,6
"1166_1_2_G12","1166_1_2_G12",335,0,"IGHG1","TGTGCGAGGGAGGACATAGTGGCTCGTCCCTTTGACCACTGG","IGHV4-31*03",70306.1,1,2,2,2,7,NA,NA,NA,NA,NA,NA,NA,NA,TRUE,"IGLV2-23*02",182575,0,0,2,2,4
"1166_1_2_G08","1166_1_2_G08",214,0,"IGHG4","TGTGCGAGACAAGATGGCTATAATGAGGACATCTTTGAGTACTGG","IGHV5-51*03",12310,2,0,7,1,10,TRUE,"IGKV1D-12*01",57884,2,1,3,3,9,NA,NA,NA,NA,NA,NA,NA,NA
"1166_1_2_C07","1166_1_2_C07",NA,NA,"IGHG1","TGTGCACAATTTGATAGTAATGCTTCTTACGGGGAGGATGCTTTTGATCTCTGG","IGHV2-5*02",69276,2,1,4,1,8,NA,NA,NA,NA,NA,NA,NA,NA,TRUE,"IGLV3-19*01",155099,1,0,2,1,4
"1166_1_2_H13","1166_1_2_H13",295,0,"IGHG1","TGTGCACACATCACCGGTCTCCTTGATGCTTTTGATGTCTGG","IGHV2-5*02",98338.9,1,0,3,2,6,NA,NA,NA,NA,NA,NA,NA,NA,TRUE,"IGLV3-19*01",194657,3,0,3,3,9
"1166_1_2_C12","1166_1_2_C12",293,0,"IGHG1","TGTGCACACGTGGCTGCTATTTATGATGCTTTTGATATCTGG","IGHV2-5*02",40632.4,2,0,1,0,3,NA,NA,NA,NA,NA,NA,NA,NA,TRUE,"IGLV3-19*01",6898.49,0,0,1,0,1
"1166_1_2_K15","1166_1_2_K15",NA,NA,"IGHG4","TGTGCGAGGGGTCCGACAGTATCGGAGTCTGCTACCTTGTTCTTCGATCTCTGG","IGHV3-64*01",39736.5,2,0,6,1,9,NA,NA,NA,NA,NA,NA,NA,NA,TRUE,"IGLV1-51*01",106659,2,1,3,2,8
"1166_1_2_J02","1166_1_2_J02",5,0,"IGHG4","TGTTCGACTTTCAGAATCGAGCACCCCGTCTACTATTACGGTATGGATGTCTGG","IGHV1-69*04",105361,7,3,2,4,16,TRUE,"IGKV1-39*01,IGKV1D-39*01",160567,4,1,3,2,10,NA,NA,NA,NA,NA,NA,NA,NA
"1166_1_2_G06","1166_1_2_G06",NA,NA,"IGHG4","TGTGCACACAGGTCCAGTCGTGGTTTTGATGCTTTTGATATCTGG","IGHV2-5*02",62153.5,4,2,2,1,9,NA,NA,NA,NA,NA,NA,NA,NA,TRUE,"IGLV3-19*01",117019,1,0,3,1,5
"1166_1_2_C09","1166_1_2_C09",203,0,"IGHG4","TGTGCGAGAGGCGACAGTGGTGGTGGTGACTGCTCTTCTAATTGG","IGHV1-46*01",52832.7,2,1,3,4,10,TRUE,"IGKV1D-16*01",118992,2,0,2,1,5,NA,NA,NA,NA,NA,NA,NA,NA
"1166_1_2_D12","1166_1_2_D12",NA,NA,"IGHG4","TGTGCGAGAGATTTGGGGAGGGTTCGGGGACTTGACTACTGG","IGHV3-33*01",46119,4,2,5,4,15,TRUE,"IGKV1-39*01,IGKV1D-39*01",90272.7,1,1,6,4,12,NA,NA,NA,NA,NA,NA,NA,NA
"1166_1_2_N03","1166_1_2_N03",333,0,"IGHG4","TGTGCGAGAGACAGGTTCCCCGCCCGTCACTTTGATGCCAGTGGTCTCGCCTACTGG","IGHV1-46*01",28395.3,6,4,12,3,25,TRUE,"IGKV2-28*01,IGKV2D-28*01",94665.9,0,2,2,4,8,NA,NA,NA,NA,NA,NA,NA,NA
"1166_1_2_F12","1166_1_2_F12",202,0,"IGHG4","TGTGCGAGACGGTCTCATTATGATAAACGACACTTTGACTTCTGG","IGHV3-23*01,IGHV3-23D*01",106102,5,1,6,3,15,TRUE,"IGKV1-6*02",111897,0,0,0,2,2,NA,NA,NA,NA,NA,NA,NA,NA
"1166_1_2_K11","1166_1_2_K11",NA,NA,"IGHG4","TGTGCGAGAGCCCATTTCTATGATAGTACTGGTTATTACCTTTCTTACTTTGACTACTGG","IGHV1-69*01,IGHV1-69D*01",122623,5,0,6,5,16,TRUE,"IGKV1-5*03",207813,1,2,1,1,5,NA,NA,NA,NA,NA,NA,NA,NA
"1166_1_2_K04","1166_1_2_K04",227,0,"IGHG4","TGTGCGAGAATTTCCGAATGGGAGCTGGGGTACTTCGATCTCTGG","IGHV3-11*01",88904,3,2,5,2,12,TRUE,"IGKV3-15*01",235985,3,0,1,0,4,NA,NA,NA,NA,NA,NA,NA,NA
"1166_1_1_F12","1166_1_1_F12",NA,NA,"IGHG4","TGTGCGAGAGAGGTCCGAAATTACTATCAGTATTACGGCATGGACGTCTGG","IGHV3-48*01",13479.7,2,0,3,2,7,TRUE,"IGKV1-39*01,IGKV1D-39*01",1914.18,2,0,5,0,7,NA,NA,NA,NA,NA,NA,NA,NA
"1166_1_2_E15","1166_1_2_E15",212,0,"IGHG1","TGTGCGAAGGGGAGGAAGGAGGGCTACTACGCTATGGACGTCTGG","IGHV3-23*01,IGHV3-23D*01",106499,4,2,6,7,19,TRUE,"IGKV1-6*02",94637.3,1,0,6,4,11,NA,NA,NA,NA,NA,NA,NA,NA
"1166_1_2_H07","1166_1_2_H07",NA,NA,"IGHG1","TGTGCGAGGGCGCAAGAGTGGGACCTAGGGTCGTGGGACCACTGG","IGHV3-11*01",39950.9,4,1,7,1,13,TRUE,"IGKV3-20*01",107712,2,0,1,1,4,NA,NA,NA,NA,NA,NA,NA,NA
"1166_1_2_K03","1166_1_2_K03",NA,NA,"IGHG4","TGTGCGCGAGAGGCCGAGGACTACACGGGTCTTTTTGACTATTGG","IGHV3-11*01",153046,4,2,10,3,19,TRUE,"IGKV1-NL1*01",160520,2,0,3,3,8,NA,NA,NA,NA,NA,NA,NA,NA
"1166_1_2_F05","1166_1_2_F05",NA,NA,"IGHG4","TGTGCGAGAGAAAGGGCTCGTATTGTAATAATACCTTATAACTGGTTCGACCTCTGG","IGHV1-69*04",59937.5,3,2,8,5,18,NA,NA,NA,NA,NA,NA,NA,NA,TRUE,"IGLV3-21*02",135906,3,0,4,4,11
"1166_1_2_K16","1166_1_2_K16",NA,NA,"IGHG1","TGTGCGAAAGATACTGGAGTAGGGCAGTGGCTGGCCAGTCGGGGCGACAAGTACTACTACGGTGTGGACGTCTGG","IGHV3-23*01,IGHV3-23D*01",1238.27,5,0,6,2,13,NA,NA,NA,NA,NA,NA,NA,NA,TRUE,"IGLV1-47*02",2057.14,5,0,4,2,11
"1166_1_2_G04","1166_1_2_G04",391,0,"IGHG4","TGTGCACGAACACCTGTGGATTACTCTGGTTCGGGGGGGTTGGTCGGTATGGACGTCTGG","IGHV2-70*11",49923.3,1,1,2,1,5,NA,NA,NA,NA,NA,NA,NA,NA,TRUE,"IGLV2-14*01",180825,2,1,3,0,6
"1166_1_2_B11","1166_1_2_B11",NA,NA,"IGHG4","TGTGCGAGACCTAAGTATCCCCTCATCCACTACTTCGGTATGGACGTCTGG","IGHV1-46*01",86854.5,5,2,7,5,19,TRUE,"IGKV3-20*01",175990,1,1,4,1,7,NA,NA,NA,NA,NA,NA,NA,NA
"1166_1_2_O06","1166_1_2_O06",NA,NA,"IGHG4","TGTGCGAGAGATCTAGACGGATACAGTTTTGGTTCCGCTATGGACGTCTGG","IGHV3-11*01",62145.8,1,0,3,3,7,NA,NA,NA,NA,NA,NA,NA,NA,TRUE,"IGLV2-23*02",164177,2,0,2,1,5
"1166_1_2_A06","1166_1_2_A06",NA,NA,"IGHG4","TGTGCGAGAGTGAGATTCGCCCTAAAATTTACTTTTGGGGGAGTCTCAGTTGCGCTTGAGTACTGG","IGHV1-3*01",69034.9,1,1,5,4,11,TRUE,"IGKV2-28*01,IGKV2D-28*01",138934,0,0,1,1,2,NA,NA,NA,NA,NA,NA,NA,NA
"1166_1_2_M15","1166_1_2_M15",NA,NA,"IGHG4","TGTGCGGTTGCACCAGCTGGCACGGGTTATTTTGACTACTGG","IGHV1-69*01,IGHV1-69D*01",35523.4,5,1,3,1,10,TRUE,"IGKV1-5*03",149175,0,1,2,2,5,NA,NA,NA,NA,NA,NA,NA,NA
"1166_1_1_G09","1166_1_1_G09",NA,NA,"IGHG1","TGTGCGAGAGTCGATTGGTGGGACCATAAATTTGACTCTTGG","IGHV3-53*01",5106.8,4,3,14,11,32,NA,NA,NA,NA,NA,NA,NA,NA,TRUE,"IGLV2-14*01",11824.7,7,0,7,3,17
"1166_1_2_D11","1166_1_2_D11",310,0,"IGHG4","TGTGCGAGAGTTGAGGAGTGGAGCGCCTATTTTGACTACTGG","IGHV3-11*01",31483.3,2,0,4,1,7,TRUE,"IGKV3-15*01",40751.3,2,1,1,1,5,NA,NA,NA,NA,NA,NA,NA,NA
"1166_1_2_C04","1166_1_2_C04",NA,NA,"IGHG1","TGTGCACGGATGCGATCCCCAGGTAGTCCACTTGACTTCTGG","IGHV2-70*11",34120.5,1,0,2,5,8,TRUE,"IGKV3-20*01",21056.2,0,0,5,2,7,NA,NA,NA,NA,NA,NA,NA,NA
"1166_1_2_B13","1166_1_2_B13",NA,NA,"IGHG4","TGTGCGAGAGGGGTGATTAGGGCACTGGCTGGTAGGGAGGTCTGGTACTTCGATCTCTGG","IGHV1-69*04",133060,2,1,3,6,12,NA,NA,NA,NA,NA,NA,NA,NA,TRUE,"IGLV3-21*02",255779,5,0,4,5,14
"1166_1_2_G13","1166_1_2_G13",84,0,"IGHG4","TGTGCGAGAGCCCCAAGTCATAGCAGCGCCTGGTACCTCGACTACTGG","IGHV3-11*01",75933.8,4,0,5,4,13,TRUE,"IGKV1-5*03",163875,1,1,5,3,10,NA,NA,NA,NA,NA,NA,NA,NA
"1166_1_2_D14","1166_1_2_D14",NA,NA,"IGHG4","TGTGCGTGGGGTGTAAAACGTGTCACTAGGCTTCGGGGAGTTATTGCGGTCGTGGAAGGAGATGCTTTTGATATCTGG","IGHV4-39*01,IGHV4-39*02",74734.4,6,0,6,3,15,NA,NA,NA,NA,NA,NA,NA,NA,TRUE,"IGLV3-1*01",48543.1,2,1,3,2,8
"1166_1_1_O20","1166_1_1_O20",NA,NA,"IGHG4","TGTGCTAGAGATCTGGCGGGTGACAGTCCGCGTTACGGTGACTACGTTGGGTGGTTCGACCCCTGG","IGHV3-49*03",111952,4,0,5,2,11,TRUE,"IGKV1-12*01,IGKV1-12*02,IGKV1D-12*02",172169,1,0,3,1,5,NA,NA,NA,NA,NA,NA,NA,NA
"1166_1_2_N05","1166_1_2_N05",202,0,"IGHG4","TGTGCGAGACGGTCTCATTATAATAAACGACACTTTGACTTCTGG","IGHV3-23*01,IGHV3-23*04,IGHV3-23D*01",66703.9,5,1,5,2,13,TRUE,"IGKV1-6*02",67319,0,0,1,1,2,NA,NA,NA,NA,NA,NA,NA,NA
"1166_1_2_J15","1166_1_2_J15",NA,NA,"IGHG4","TGTGCGAGACACGTGGATGAAGTTCTGGTCAGTCGTGCTTTTGATATCTGG","IGHV4-31*03",1072.62,6,0,7,4,17,NA,NA,NA,NA,NA,NA,NA,NA,TRUE,"IGLV2-23*02",11079.6,3,0,5,1,9
"1166_1_2_C06","1166_1_2_C06",NA,NA,"IGHG4","TGTGCGAGAGATTCTAGACCTTATTGTAGTAGTACCAACTGCCCACTAAGGGGGTTCGACCCCTGG","IGHV3-30*01,IGHV3-30*03,IGHV3-30*04",92757.3,0,0,3,3,6,TRUE,"IGKV3-20*01",187520,4,0,6,6,16,NA,NA,NA,NA,NA,NA,NA,NA
"1166_1_2_F08","1166_1_2_F08",NA,NA,"IGHG1","TGTGCACGCCTAGAAAATGACTATGATGCTTTTGATATCTGG","IGHV2-5*02",48391.5,1,0,4,3,8,NA,NA,NA,NA,NA,NA,NA,NA,TRUE,"IGLV3-19*01",143095,2,0,4,1,7
"1166_1_2_P11","1166_1_2_P11",NA,NA,"IGHG4","TGTGCGAGAGAAGAACGGATGATAGTAGTAATTATCCCAATGGAAGCCTTTGACTACTGG","IGHV3-30-3*01",214688,2,0,4,1,7,TRUE,"IGKV1-39*01,IGKV1D-39*01",139003,3,1,0,2,6,NA,NA,NA,NA,NA,NA,NA,NA
"1166_1_2_H15","1166_1_2_H15",111,0,"IGHG2","TGTGCGAGAAGTAGGACGGGTAAAATCGCCCATTATGGTATGGACGTCTGG","IGHV1-2*04",80128.7,3,0,6,4,13,TRUE,"IGKV1-39*01,IGKV1D-39*01",210290,4,0,4,4,12,NA,NA,NA,NA,NA,NA,NA,NA
"1166_1_2_M14","1166_1_2_M14",NA,NA,"IGHG4","TGTTGTCGAACTCCTGGACCTCGATTAGACTTTGATAGTAGTACTTCCGAACCCTCTTACTTCTACTACTACGGAATCGATGTCTGG","IGHV3-49*04",1285.98,4,1,12,3,20,TRUE,"IGKV3D-15*01",14966.9,5,1,7,6,19,NA,NA,NA,NA,NA,NA,NA,NA
"1166_1_2_A02","1166_1_2_A02",NA,NA,"IGHG2","TGTGCGAAACTAGAATATAGTGGCTACCACTTTGACTACTGG","IGHV3-11*01",53825.4,2,0,5,3,10,NA,NA,NA,NA,NA,NA,NA,NA,TRUE,"IGLV2-11*01",206587,1,1,3,1,6
"1166_1_2_D04","1166_1_2_D04",NA,NA,"IGHG4","TGTGCGAGAACTCCACACTTATTAGGACATTTTTCCTGGTTCGACCCCTGG","IGHV1-8*01",130697,3,0,2,1,6,NA,NA,NA,NA,NA,NA,NA,NA,TRUE,"IGLV1-51*01,IGLV1-51*02",164218,0,0,0,0,0
"1166_1_2_A11","1166_1_2_A11",318,0,"IGHG4","TGTGCGAGAGAACGGATACAGTTGAGGGGTATGGACGTCTGG","IGHV3-21*01",117532,6,1,6,4,17,TRUE,"IGKV1-39*01,IGKV1D-39*01",120834,4,1,6,3,14,NA,NA,NA,NA,NA,NA,NA,NA
"1166_1_2_L04","1166_1_2_L04",NA,NA,"IGHG4","TGTGCACGGGATCGGGCGGTTCGGGGAGCCCCCTTTGACTACTGG","IGHV2-70*11",44639.2,1,1,5,4,11,TRUE,"IGKV1-39*01,IGKV1D-39*01",160611,2,0,6,2,10,NA,NA,NA,NA,NA,NA,NA,NA
"1166_1_2_H10","1166_1_2_H10",NA,NA,"IGHG1","TGTGCACACCTTGATAGCAGTGGCTGGGATTTCTTTGACTACTGG","IGHV2-5*02",82059.7,4,0,2,0,6,TRUE,"IGKV1-5*03",478.251,0,1,0,0,1,TRUE,"IGLV3-19*01",227355,0,0,6,0,6
"1166_1_2_D05","1166_1_2_D05",256,0,"IGHG4","TGTGCGAGAGAGGCACCAAGTGGCCTCCTTGACTCCTGG","IGHV4-39*01",5749.86,4,0,5,0,9,TRUE,"IGKV3-11*01",1248.16,2,0,2,1,5,NA,NA,NA,NA,NA,NA,NA,NA
"1166_1_2_L13","1166_1_2_L13",NA,NA,"IGHG4","TGTGCGAGAGTTCATTGGAATTATTACGATCTTTTGACTGGTTACTACTACTACTTTGACTACTGG","IGHV4-61*01,IGHV4-61*08",56410.6,6,0,2,1,9,NA,NA,NA,NA,NA,NA,NA,NA,TRUE,"IGLV1-44*01",125472,2,0,4,1,7
"1166_1_2_P07","1166_1_2_P07",NA,NA,"IGHG4","TGTGCGAAAGATCCTGGGATGGGGGGATATCATGATTTTTTCTCGGACTGG","IGHV3-30*18,IGHV3-30-5*01",1819.32,8,4,16,7,35,TRUE,"IGKV1-39*01,IGKV1D-39*01",2413.91,6,0,11,9,26,NA,NA,NA,NA,NA,NA,NA,NA
"1166_1_1_C07","1166_1_1_C07",NA,NA,"IGHG4","TGTGCGAGAGATTATTTTCCCTTATCGGTGAAGAGTGGATTGAAGCAATTCTGG","IGHV3-30*07,IGHV3-30*12,IGHV3-30*15",46971.3,0,0,1,1,2,TRUE,"IGKV3-20*01",133681,2,0,2,1,5,NA,NA,NA,NA,NA,NA,NA,NA
"1166_1_2_B09","1166_1_2_B09",NA,NA,"IGHG1","TGTGCGAGAGATTATGAGGCATATAGCAGTCACGGTAGTCGGTCTGCTTTTGACTCCTGG","IGHV3-21*01",1125.38,3,1,1,0,5,NA,NA,NA,NA,NA,NA,NA,NA,TRUE,"IGLV3-19*01",6940.18,1,1,1,2,5
"1166_1_2_H09","1166_1_2_H09",214,0,"IGHG4","TGTGCGAGACAAGATGGCTATAATGAGGACATCTTTGAATACTGG","IGHV5-51*03",49134.4,3,0,9,1,13,TRUE,"IGKV1D-12*01",25393.3,2,1,8,3,14,NA,NA,NA,NA,NA,NA,NA,NA
"1166_1_2_N15","1166_1_2_N15",NA,NA,"IGHG4","TGTGCGAGAGATTTGTATATTGTAGTACTACCAGAGCCCTACTATTACGGTATGGACGTCTGG","IGHV1-69*04",1130.67,5,1,3,3,12,NA,NA,NA,NA,NA,NA,NA,NA,TRUE,"IGLV2-14*01",1292.35,1,0,1,4,6
"1166_1_2_M04","1166_1_2_M04",NA,NA,"IGHG4","TGTGCGAGATCTCCGGAGTGGGACCTGTGGTACTTTGACTACTGG","IGHV3-11*01",60074.6,5,0,5,6,16,TRUE,"IGKV3-20*01",109908,1,0,3,0,4,NA,NA,NA,NA,NA,NA,NA,NA
"1166_1_2_C02","1166_1_2_C02",NA,NA,"IGHG2","TGTGTGAGACATACCCCGCCGATTGTTGTGGACGTAGGTCCTTTGACCCATCCGGCGGACTACTGG","IGHV4-39*01",106970,3,0,7,4,14,TRUE,"IGKV1-33*01,IGKV1D-33*01",112531,1,0,7,4,12,NA,NA,NA,NA,NA,NA,NA,NA
"1166_1_2_G03","1166_1_2_G03",151,0,"IGHG4","TGTGCGAGAGATTATGTACCGTTAGGAGCAGTACTTGCTATCGGTTACTGG","IGHV3-33*01",75569.2,2,1,3,3,9,TRUE,"IGKV3-20*01",145285,2,0,5,0,7,NA,NA,NA,NA,NA,NA,NA,NA
"1166_1_2_B10","1166_1_2_B10",394,0,"IGHG4","TGTGCAAGAGATAAACTCCCGTATACCACCTCGTCCTATCACTTCGCTATGGACGTCTGG","IGHV3-9*01",175991,6,1,5,5,17,TRUE,"IGKV1-12*01",91560.7,2,0,2,0,4,NA,NA,NA,NA,NA,NA,NA,NA
"1166_1_2_H02","1166_1_2_H02",256,0,"IGHG4","TGTGCGAGAGAGGCACCAAGTGGCCTCCTTGACTCCTGG","IGHV4-39*01",56926.5,4,0,5,0,9,TRUE,"IGKV3-11*01",108158,2,0,2,1,5,NA,NA,NA,NA,NA,NA,NA,NA
"1166_1_2_B04","1166_1_2_B04",NA,NA,"IGHG2","TGTGCGAGAGAGTCCGAGTGGGAGCTACCCATGTATAACTTTGACTCCTGG","IGHV3-11*01",74391.5,5,0,11,2,18,NA,NA,NA,NA,NA,NA,NA,NA,TRUE,"IGLV2-14*01",170422,1,0,1,1,3
"1166_1_2_F04","1166_1_2_F04",310,0,"IGHG4","TGTGCGAGAGTTGAGGAGTGGAGCGCCTATTTTGACTACTGG","IGHV3-11*01",49910.8,2,0,4,1,7,TRUE,"IGKV3-15*01",116547,2,1,1,1,5,NA,NA,NA,NA,NA,NA,NA,NA
"1166_1_2_F07","1166_1_2_F07",394,0,"IGHG4","TGTGCAAGAGATAAACTCCCGTATACCACCTCGTCCTATCACTTCGCTATGGACGTCTGG","IGHV3-9*01",83385.8,6,1,5,5,17,TRUE,"IGKV1-12*01",141078,2,0,2,0,4,NA,NA,NA,NA,NA,NA,NA,NA
"1166_1_2_N07","1166_1_2_N07",354,0,"IGHG4","TGTGCGAGAGGTCGCCCGACGCTGCATAGCAGTGGCCTTCAATACTTCCAATACTGG","IGHV1-18*01,IGHV1-18*04",87335.2,1,0,4,2,7,NA,NA,NA,NA,NA,NA,NA,NA,TRUE,"IGLV1-51*01",186712,3,0,4,1,8
"1166_1_2_L14","1166_1_2_L14",202,0,"IGHG4","TGTGCGAGACGGTCTCATTATAATAAACGACACTTTGACTTCTGG","IGHV3-23*01,IGHV3-23*04,IGHV3-23D*01",59781.2,5,1,5,2,13,TRUE,"IGKV1-6*02",67569,0,0,1,1,2,NA,NA,NA,NA,NA,NA,NA,NA
"1166_1_2_J12","1166_1_2_J12",212,0,"IGHG1","TGTGCGAAGGGGAGGAAGGCGGGCTACTACGCTATGGACGTCTGG","IGHV3-23*01,IGHV3-23D*01",81456.1,8,2,5,5,20,TRUE,"IGKV1-6*01",111841,1,0,3,2,6,NA,NA,NA,NA,NA,NA,NA,NA
"1166_1_2_J10","1166_1_2_J10",NA,NA,"IGHG4","TGTGCGAGAGTCCCGGGCACTCATAGCGGCTCTCTCTACTACTACCACGGTATGGACGTCTGG","IGHV1-8*01",185453,3,0,5,3,11,NA,NA,NA,NA,NA,NA,NA,NA,TRUE,"IGLV1-44*01",154986,3,0,2,2,7
"1166_1_1_G20","1166_1_1_G20",NA,NA,"IGHG1","TGTGCGAGAGACGATTTTTGGAGTGGTTACTACCCTCAGGAGGGGGGCTACTACGGTATGGACGTCTGG","IGHV4-4*07",4570.08,7,2,7,4,20,NA,NA,NA,NA,NA,NA,NA,NA,TRUE,"IGLV1-44*01",5827.86,3,0,3,1,7
"1166_1_2_K12","1166_1_2_K12",233,0,"IGHG4","TGTGCACGGTTCCTGATGGTTCGGGGACTTATTCCCCACGGACTCGGGCACTACGGTATGGACGTCTGG","IGHV2-70*01",17622.9,2,0,6,2,10,TRUE,"IGKV1-33*01,IGKV1-33*01,IGKV1D-33*01",104493,1,0,4,0,5,NA,NA,NA,NA,NA,NA,NA,NA
"1166_1_1_D14","1166_1_1_D14",295,0,"IGHG1","TGTGCACACATCACCGGTCTCCTTGATGCTTTTGATGTCTGG","IGHV2-5*02",130615,1,0,3,2,6,NA,NA,NA,NA,NA,NA,NA,NA,TRUE,"IGLV3-19*01",234220,3,0,3,3,9
"1166_1_2_M05","1166_1_2_M05",214,0,"IGHG4","TGTGCGAGACAAGATGGCTATAATGAGGACATCTTTGAATACTGG","IGHV5-51*03",27065.2,2,0,10,0,12,TRUE,"IGKV1D-12*01",118547,0,0,0,2,2,NA,NA,NA,NA,NA,NA,NA,NA
"1166_1_2_C03","1166_1_2_C03",NA,NA,"IGHG1","TGTGCGAAGGACCAAATATCATACACCTATGGGGGTGATGCTTTTGATATGTGG","IGHV3-30*18,IGHV3-30-5*01",2437.44,5,1,10,3,19,NA,NA,NA,NA,NA,NA,NA,NA,TRUE,"IGLV4-69*01",3223.01,3,3,4,2,12
"1166_1_2_D10","1166_1_2_D10",NA,NA,"IGHG2","TGTGCGCGAGATTTTTCCGCGATTTTTGGAGTGGTTCCGGAATACTACTTTGACCACTGG","IGHV3-30-3*01",111544,6,2,5,3,16,NA,NA,NA,NA,NA,NA,NA,NA,TRUE,"IGLV3-21*02",227512,1,1,5,2,9
"1166_1_2_B15","1166_1_2_B15",NA,NA,"IGHG4","TGTGCGAGGGATCCGGAGTGGGAGCCTAACTGCTTTGACTACTGG","IGHV3-11*01",64286.6,4,3,6,4,17,TRUE,"IGKV3-15*01",105500,2,1,2,0,5,NA,NA,NA,NA,NA,NA,NA,NA
"1166_1_2_M12","1166_1_2_M12",202,0,"IGHG4","TGTGCGAGACGGTCTCATTATAATAAACGACACTTTGACTTCTGG","IGHV3-23*01,IGHV3-23*04,IGHV3-23D*01",152582,6,1,3,6,16,TRUE,"IGKV1-6*02",122262,1,0,1,2,4,NA,NA,NA,NA,NA,NA,NA,NA
"1166_1_2_C14","1166_1_2_C14",NA,NA,"IGHG1","TGTACAAGAGTGTATAGCACCAGCTGGTGGCATTTCCACTTTGACTTCTGG","IGHV3-9*01",110071,7,1,3,5,16,NA,NA,NA,NA,NA,NA,NA,NA,TRUE,"IGLV3-21*02",252574,5,0,3,1,9
"1166_1_2_A12","1166_1_2_A12",NA,NA,"IGHG4","TGTGCGAAAGACTATTACTATGGTGTGCGACGTTTTAGGGGGGGCATGGACGTCTGG","IGHV3-30*18,IGHV3-30-5*01",125148,2,1,2,2,7,NA,NA,NA,NA,NA,NA,NA,NA,TRUE,"IGLV3-1*01",173709,2,2,8,4,16
"1166_1_2_N11","1166_1_2_N11",NA,NA,"IGHG4","TGTGCGAGAGATCGGGACTACGGTAATGCTTTTGATGTCTGG","IGHV3-11*01",39390.7,8,1,4,4,17,NA,NA,NA,NA,NA,NA,NA,NA,TRUE,"IGLV1-44*01",273224,2,0,3,2,7
"1166_1_2_F02","1166_1_2_F02",391,0,"IGHG4","TGTGCACGAACACCTGTGGATTACTCTGGTTCGGGGGGGTTGGTCGGTATGGACGTCTGG","IGHV2-70*11",1289.97,1,1,2,1,5,NA,NA,NA,NA,NA,NA,NA,NA,TRUE,"IGLV2-14*01",19020,2,1,3,0,6
"1166_1_2_C08","1166_1_2_C08",NA,NA,"IGHG4","TGTGCGAGACGGCGATTACTATCCTCCGCCGCGGGTGATGCTTTTGATATCTGG","IGHV4-39*02",100486,9,1,7,6,23,TRUE,"IGKV1-5*03",169649,3,1,2,2,8,NA,NA,NA,NA,NA,NA,NA,NA
"1166_1_2_G09","1166_1_2_G09",151,0,"IGHG4","TGTGCGAGAGATTATGTACCGTTAGGAGCAGTACTTGCTATCGGTTACTGG","IGHV3-33*01",47067.7,2,1,3,3,9,TRUE,"IGKV3-20*01",82192.2,2,0,5,0,7,NA,NA,NA,NA,NA,NA,NA,NA
"1166_1_2_C10","1166_1_2_C10",NA,NA,"IGHG1","TGTGCGAGGTACTGTGGTGGTGACTGCTATACAGGGCCACGCCATGCTTTTGATATCTGG","IGHV1-69*01,IGHV1-69D*01",2281.15,7,2,16,5,30,NA,NA,NA,NA,NA,NA,NA,NA,TRUE,"IGLV2-23*01,IGLV2-23*02,IGLV2-23*03",4169.59,8,1,6,5,20
"1166_1_2_I06","1166_1_2_I06",NA,NA,"IGHG4","TGTGCGAGAGCCCTCGTCATAGCAGTGGCTGGACGGGGTGCTTTTGATATCTGG","IGHV3-53*01",53370,4,0,4,1,9,NA,NA,NA,NA,NA,NA,NA,NA,TRUE,"IGLV3-21*02",163739,2,0,1,6,9
"1227_1_2_A04","1227_1_2_A04",NA,NA,"IGHG4","TGTGCGAGAGCGGCCTTTACATATTACGATCTTTTGATTGGTTATTTCCCTGATTACTTTGACATCTGG","IGHV3-33*01",55461.2,5,1,7,1,14,NA,NA,NA,NA,NA,NA,NA,NA,TRUE,"IGLV3-25*02",197496,5,0,3,5,13
"1227_1_2_A05","1227_1_2_A05",NA,NA,"IGHG2","TGTGCGAGGAGCCCTAGCAGCTACTACATGAACTATTTCGATTCGTGG","IGHV4-4*07",3600.19,5,0,8,5,18,TRUE,"IGKV3-15*01",8577.41,1,0,2,1,4,NA,NA,NA,NA,NA,NA,NA,NA
"1227_1_2_A06","1227_1_2_A06",NA,NA,"IGHG4","TGTGCGAGACGACCATACACTTATGGTTTCGGATGGTACTTTGACTCCTGG","IGHV4-39*01",43065.2,6,0,5,5,16,TRUE,"IGKV3-20*01",263644,1,2,4,2,9,NA,NA,NA,NA,NA,NA,NA,NA
"1227_1_2_B07","1227_1_2_B07",415,3,"IGHG4","TGTGCGCGGGAATCTATGGCTCGGGGAGTTGTTGTTTCCTACTACTATTACTCTATGGACGTCTGG","IGHV3-53*01,IGHV3-53*02",81634.9,5,2,8,2,17,TRUE,"IGKV3-20*01",295674,6,0,4,2,12,NA,NA,NA,NA,NA,NA,NA,NA
"1227_1_2_B08","1227_1_2_B08",NA,NA,"IGHG1","TGTGCGCGAGATCGGCACCCTTTGATGTCGGGTCTGACGGTTCTTGACTACTGG","IGHV1-3*01",37396.3,10,2,13,6,31,TRUE,"IGKV2-28*01,IGKV2D-28*01",139579,3,1,3,1,8,NA,NA,NA,NA,NA,NA,NA,NA
"1227_1_2_C04","1227_1_2_C04",NA,NA,"IGHG4","TGTGCGAGACAGGATATAGCGAAAGCTACCCTTGACTCCTGG","IGHV4-59*08",99321.8,2,0,11,5,18,NA,NA,NA,NA,NA,NA,NA,NA,TRUE,"IGLV2-14*01",182020,2,2,4,4,12
"1227_1_2_D03","1227_1_2_D03",NA,NA,"IGHG4","TGTGCGAGAGCACGGGAGTATTACTATGATACCAGTGGTTATTATCGCCACAATTACTTCGGTATGGACGTCTGG","IGHV1-3*01",44732.4,6,3,6,1,16,TRUE,"IGKV2-40*01,IGKV2D-40*01",458707,1,0,2,3,6,NA,NA,NA,NA,NA,NA,NA,NA
"1227_1_2_D07","1227_1_2_D07",NA,NA,"IGHG4","TGTGCGAGGGGAGAATTAAGGAGGGGCCCCCACAGGATGGCCTTCTGG","IGHV3-33*01",116203,8,1,12,4,25,TRUE,"IGKV4-1*01",153931,0,0,3,3,6,NA,NA,NA,NA,NA,NA,NA,NA
"1227_1_2_E01","1227_1_2_E01",NA,NA,"IGHG2","TGTGCGAGAGATCCTCAAACATATTACGATATATTCGACTACTTTGACATCTGG","IGHV1-2*02,IGHV1-2*03",21171.8,0,0,2,0,2,TRUE,"IGKV1-39*01,IGKV1D-39*01",160968,4,0,1,3,8,NA,NA,NA,NA,NA,NA,NA,NA
"1227_1_2_E02","1227_1_2_E02",NA,NA,"IGHG2","TGTGCGAGAGGGTGGGGAGATACTGGGGGTTATTCCTCCTCCGCCGACTTTGACTACTGG","IGHV3-30*03",82355.3,2,0,6,4,12,TRUE,"IGKV1-39*01,IGKV1D-39*01",296282,4,0,5,4,13,NA,NA,NA,NA,NA,NA,NA,NA
"1227_1_2_E03","1227_1_2_E03",NA,NA,"IGHG4","TGTGCAACAGGTTGGGGGCGGGCACTAGATGGTAGCCTCCTCCACTGG","IGHV1-69-2*01",328450,2,1,11,8,22,TRUE,"IGKV3-15*01",173908,5,1,9,3,18,NA,NA,NA,NA,NA,NA,NA,NA
"1227_1_2_E04","1227_1_2_E04",NA,NA,"IGHG1","TGTGCGAGAAGTCACGTAACGGTGACTGGTACGAAGACCTGGTTCGACCTCTGG","IGHV1-69*01,IGHV1-69*11,IGHV1-69*12",6894.38,0,0,3,3,6,NA,NA,NA,NA,NA,NA,NA,NA,TRUE,"IGLV2-14*01",21145,1,2,8,3,14
"1227_1_2_E07","1227_1_2_E07",NA,NA,"IGHG1","TGTGCGGCCACAGCTCTGGCCGCGGGCTATTTTGACTACTGG","IGHV3-23*01,IGHV3-23D*01",7419.96,8,3,10,5,26,TRUE,"IGKV6-21*01,IGKV6D-21*01",4437.27,1,1,4,2,8,NA,NA,NA,NA,NA,NA,NA,NA
"1227_1_2_F01","1227_1_2_F01",NA,NA,"IGHG1","TGTGCGAGACCTCTTTTTTATTACGATACTAGTGATTATCGATTCGGGGACCCCTTTCACTACTGG","IGHV1-69*11,IGHV1-69*12",690.222,5,1,4,6,16,TRUE,"IGKV3-15*01",16362.5,1,0,3,1,5,NA,NA,NA,NA,NA,NA,NA,NA
"1227_1_2_F02","1227_1_2_F02",NA,NA,"IGHG1","TGTGCGAGACAAGTGGCGGGGTGGATGGCGAACAGACGCAACTGGTTCGACCCCTGG","IGHV4-39*01",5058.36,7,3,15,5,30,TRUE,"IGKV3-15*01",12538,0,0,0,4,4,NA,NA,NA,NA,NA,NA,NA,NA
"1227_1_2_G03","1227_1_2_G03",438,0,"IGHG4","TGTGCGAGAGATTGGCGAGGAGCGGCGGTAGGTGCTGACACGTATTCTTACTACCGACATGGTTTGGACGTCTGG","IGHV4-59*01",60729.9,7,1,4,5,17,NA,NA,NA,NA,NA,NA,NA,NA,TRUE,"IGLV3-1*01",113780,4,2,6,4,16
"1227_1_2_G07","1227_1_2_G07",NA,NA,"IGHG1","TGTGCGAAAACCCCTTATGATAGTAGTGGTTATTTACCCCTCTACTACTTTGACTACTGG","IGHV5-51*03",2165.86,1,0,1,0,2,NA,NA,NA,NA,NA,NA,NA,NA,TRUE,"IGLV3-25*02",6038.46,0,1,1,3,5
"1227_1_2_H01","1227_1_2_H01",NA,NA,"IGHG1","TGTGCGAATAAGATGAGAGAAGGCTTCAATTCGTACTTTGACCGGTGG","IGHV1-69*01,IGHV1-69*06,IGHV1-69D*01",14312.1,9,2,11,6,28,TRUE,"IGKV4-1*01",27251,0,0,1,2,3,NA,NA,NA,NA,NA,NA,NA,NA
"1227_1_2_H05","1227_1_2_H05",415,3,"IGHG2","AGTGCGCGGGAATCTATGGCTCGGGGAGTTGTTGATTCCTACTACTATTACTCTATGGACGTCTCG","IGHV3-53*01,IGHV3-53*02",49701.9,4,2,9,1,16,TRUE,"IGKV3-20*01",235993,6,0,4,2,12,NA,NA,NA,NA,NA,NA,NA,NA
"1227_1_2_H07","1227_1_2_H07",NA,NA,"IGHG2","TGTGCGAGAGGGATGGTTCGGGGAAAAACTTTTGGTGATTTTGATATCTGG","IGHV1-69*06,IGHV1-69*14",45632.2,4,3,10,5,22,NA,NA,NA,NA,NA,NA,NA,NA,TRUE,"IGLV2-14*01",204009,4,0,6,3,13
"1227_1_2_H08","1227_1_2_H08",NA,NA,"IGHG4","TGTGTGAGAGATACTTCACGATATTTTGACTGGGCATTATCCCAAGAGGGCGAGTTCTACTTTGACTTCTGG","IGHV3-33*01,IGHV3-33*05",46651.6,8,0,5,4,17,TRUE,"IGKV3-15*01",252327,0,0,3,2,5,NA,NA,NA,NA,NA,NA,NA,NA
"1227_1_2_I05","1227_1_2_I05",NA,NA,"IGHG4","TGCGCGAGAATTCGAGCAGCAGCTGGTAAATTGGTGACGTTTGGGGCTTTTGATGTCTGG","IGHV1-2*02",286166,5,0,17,5,27,TRUE,"IGKV1-33*01,IGKV1D-33*01",39351,1,1,5,2,9,NA,NA,NA,NA,NA,NA,NA,NA
"1227_1_2_I06","1227_1_2_I06",NA,NA,"IGHG1","TGTGCGAGAGGCCTCTGGTTTGACTACTGG","IGHV3-48*01",1039.11,0,0,0,0,0,TRUE,"IGKV4-1*01",2030.71,0,0,0,0,0,NA,NA,NA,NA,NA,NA,NA,NA
"1227_1_2_I07","1227_1_2_I07",NA,NA,"IGHG4","TGTGCGAGACAAGGGGTTATAGACCTGTGGATTGAATACTGG","IGHV4-39*01",187664,11,2,7,6,26,TRUE,"IGKV3-15*01",255498,5,0,4,3,12,NA,NA,NA,NA,NA,NA,NA,NA
"1227_1_2_J04","1227_1_2_J04",NA,NA,"IGHG4","TGTACTAGGGCGAAATTTCCTCATTTTTACCACTACCAATACTCCATGGACGTCTGG","IGHV1-46*03",104204,9,1,4,8,22,TRUE,"IGKV2-28*01,IGKV2D-28*01",283922,2,0,3,3,8,NA,NA,NA,NA,NA,NA,NA,NA
"1227_1_2_J05","1227_1_2_J05",NA,NA,"IGHG4","TGTGCGACGTCTGTTAGAATACTTCGGGGAATTATTACAAACTACTTCGACTCCTGG","IGHV1-69*02",74513.2,5,3,9,8,25,NA,NA,NA,NA,NA,NA,NA,NA,TRUE,"IGLV3-21*02",307140,5,0,5,6,16
"1227_1_2_J08","1227_1_2_J08",91,0,"IGHG4","TGTGCGAGACATCTCAACCCGTGGTTCGGGGCTCCCATGGACGTCTGG","IGHV4-39*01",130068,3,1,6,6,16,NA,NA,NA,NA,NA,NA,NA,NA,TRUE,"IGLV1-51*01",110254,2,0,3,1,6
"1227_1_2_K01","1227_1_2_K01",NA,NA,"IGHG4","TGTGCGAGACTGGGGATAACTCTGGTTCGGGGAGCTGCAATATCTCACTTCTTTTACAAGGGAATGGACGTCTGG","IGHV1-18*01",83761.4,6,3,11,5,25,TRUE,"IGKV3-20*01",234308,5,0,4,5,14,NA,NA,NA,NA,NA,NA,NA,NA
"1227_1_2_K02","1227_1_2_K02",20,0,"IGHG4","TGTGCACGGATAGGAGTCCTTGGGAGCTACTGGGGGGGCTACTTTGACTTCTGG","IGHV2-26*01",40417.6,4,2,3,2,11,TRUE,"IGKV2-28*01,IGKV2D-28*01",220634,1,0,2,2,5,NA,NA,NA,NA,NA,NA,NA,NA
"1227_1_2_K03","1227_1_2_K03",44,0,"IGHG4","TGTGCGAGAGCTAGCCACCCGCTTAACGTAATTAGTCCCTCCGGTCCGCACTGG","IGHV3-30*03",89030,7,2,6,8,23,TRUE,"IGKV3-20*01",154160,0,0,2,0,2,NA,NA,NA,NA,NA,NA,NA,NA
"1227_1_2_K05","1227_1_2_K05",96,0,"IGHG4","TGTGCGAGAGAGTTGTGGTTCGGGAAATTACGCGGTATGGACGTCTGG","IGHV3-33*01",74895.7,7,1,9,6,23,TRUE,"IGKV1-39*01,IGKV1D-39*01",189539,4,1,9,4,18,NA,NA,NA,NA,NA,NA,NA,NA
"1227_1_2_L02","1227_1_2_L02",NA,NA,"IGHG4","TGTGCAAGAGATTTGATGATTCGGGGAGTTGACTACTGG","IGHV3-74*01,IGHV3-74*03",177017,5,1,4,4,14,TRUE,"IGKV1-39*01,IGKV1D-39*01",138293,1,3,6,5,15,NA,NA,NA,NA,NA,NA,NA,NA
"1227_1_2_L03","1227_1_2_L03",NA,NA,"IGHG2","TGTGCGAGACTGAGGGTGTATGACATCAAGTGGTATCCCTGGTTCGTCACCTGG","IGHV4-59*08",1237.65,0,2,9,3,14,NA,NA,NA,NA,NA,NA,NA,NA,TRUE,"IGLV1-47*02",5491.3,4,1,2,0,7
"1227_1_2_L04","1227_1_2_L04",NA,NA,"IGHG4","TGTGCGAAAGCGGGGGGGGACTACAGCTATGCCCGGCCGAGGTACTACTACGGTATGGACGTCTGG","IGHV1-69*01,IGHV1-69*12,IGHV1-69*13",58205.1,3,0,3,1,7,NA,NA,NA,NA,NA,NA,NA,NA,TRUE,"IGLV2-14*01",221885,0,1,3,1,5
"1227_1_2_L07","1227_1_2_L07",NA,NA,"IGHG4","TGTGCGAGGCGTCGCCATATAGAAGCTCCTGTTTCCTCGAGGTACTACTACGCTATGGACGTCTGG","IGHV1-69*01,IGHV1-69D*01",112610,2,0,5,4,11,TRUE,"IGKV4-1*01",97.506,0,0,0,0,0,TRUE,"IGLV2-14*01,IGLV2-14*03,IGLV2-14*04",92366.5,0,0,1,0,1
"1227_1_2_M08","1227_1_2_M08",NA,NA,"IGHG1","TGTACCCTTGCTATGACCAGGGGGTACTTTGACTACTGG","IGHV3-49*03",99057.2,0,0,2,0,2,TRUE,"IGKV3-11*01",144220,0,0,0,0,0,NA,NA,NA,NA,NA,NA,NA,NA
"1227_1_2_N06","1227_1_2_N06",NA,NA,"IGHG1","TGTGCGAGAGCTGCTACGGTGACATCCTACTGGAACTTCGATCTCTGG","IGHV4-31*03",7913.91,5,1,8,2,16,TRUE,"IGKV1-39*01,IGKV1D-39*01",3423.11,1,0,1,3,5,NA,NA,NA,NA,NA,NA,NA,NA
"1227_1_2_O03","1227_1_2_O03",NA,NA,"IGHG4","TGTGCGGCCCCCCGGCTTTTGGGTAAAGCTTTTGACATCTGG","IGHV4-59*08",48574.3,1,0,5,2,8,NA,NA,NA,NA,NA,NA,NA,NA,TRUE,"IGLV2-14*01",148237,0,1,6,1,8
"1227_1_2_O04","1227_1_2_O04",NA,NA,"IGHG4","TGTGCGAGGATTTACGATTTTTCGAGTGGCGGATTCGACCCCTGG","IGHV4-59*01,IGHV4-59*02,IGHV4-59*07",14105.6,1,0,7,2,10,NA,NA,NA,NA,NA,NA,NA,NA,TRUE,"IGLV2-14*01",303429,1,0,3,1,5
"1227_1_2_O05","1227_1_2_O05",91,0,"IGHG4","TGTGCGAGACATCTCAACCCGTGGTTCGGGGCTCCCATGGACGTCTGG","IGHV4-39*01",155716,3,1,6,6,16,NA,NA,NA,NA,NA,NA,NA,NA,TRUE,"IGLV1-51*01",108119,2,0,3,1,6
"1227_1_2_O06","1227_1_2_O06",NA,NA,"IGHG1","TGCAATATTGACGTCTTCCTAAGTCCTAGTGATGCTGGCGATTACTATTACTCCCACGCTATGGACGTCTGG","IGHV3-15*01",4451.25,3,1,7,8,19,TRUE,"IGKV3-11*01",4980.43,0,2,5,1,8,NA,NA,NA,NA,NA,NA,NA,NA
"1227_1_2_O07","1227_1_2_O07",NA,NA,"IGHG1","TGTGCGAGAGCCAGGGGGAGCCACCCTCCGCGGTGGTACTACGGTATGGACATCTGG","IGHV1-69*01,IGHV1-69D*01",106760,6,1,9,0,16,NA,NA,NA,NA,NA,NA,NA,NA,TRUE,"IGLV2-14*01",215303,0,0,0,1,1
"1227_1_2_P01","1227_1_2_P01",20,0,"IGHG4","TGTGCACGGATAGGAGTCCTTGGGAGCTACTGGGGGGGCTACTTTGACTTCTGG","IGHV2-26*01",47245.4,4,2,3,2,11,TRUE,"IGKV2-28*01,IGKV2D-28*01",225993,1,0,2,2,5,NA,NA,NA,NA,NA,NA,NA,NA
"1227_1_2_P04","1227_1_2_P04",NA,NA,"IGHG1","TGTGCGAGGGACAGATATTACGATTTCTGGAGTGGTAATGGATACCTTGACAACTGG","IGHV4-61*03",1083.86,5,3,12,12,32,TRUE,"IGKV3-15*01",17175.7,5,0,7,5,17,NA,NA,NA,NA,NA,NA,NA,NA
"1227_1_2_P05","1227_1_2_P05",NA,NA,"IGHG1","TGTGCGAAATATGACTACAGTAACTACGTCGGCTACTGG","IGHV3-23*01,IGHV3-23D*01",28026.3,2,2,2,1,7,NA,NA,NA,NA,NA,NA,NA,NA,TRUE,"IGLV4-69*01",347463,2,0,2,2,6
"1227_1_2_P07","1227_1_2_P07",NA,NA,"IGHG4","TGTGCGAGAGATTTGATACAGCTATGGTCTCACCTCCACAGGGGTATGGACGTCTGG","IGHV3-33*01",98006.9,4,1,4,3,12,TRUE,"IGKV2-28*01,IGKV2D-28*01",231993,2,0,0,0,2,NA,NA,NA,NA,NA,NA,NA,NA
"1227_1_3_C01","1227_1_3_C01",44,0,"IGHG4","TGTGCGAGAGCTAGCCACCCGCTTAACGTAATTAGTCCCTCCGGTCCGCACTGG","IGHV3-30*03",59286.4,7,2,6,8,23,TRUE,"IGKV3-20*01",258975,1,1,2,0,4,NA,NA,NA,NA,NA,NA,NA,NA
"1227_1_3_D02","1227_1_3_D02",NA,NA,"IGHG4","TGTGCGATAGAAACGTATTACTATGATAGTAGTGGTTACCGAACCGAGCTTGCTGACTACTGG","IGHV1-69*01,IGHV1-69D*01",228.019,2,0,0,2,4,TRUE,"IGKV3-15*01",16140.4,0,0,0,0,0,NA,NA,NA,NA,NA,NA,NA,NA
"1227_1_3_D03","1227_1_3_D03",NA,NA,"IGHG4","TGTGCGAAAGAAGAATACTTCTTTCCTTCGGGCAGTTCTTATAACAACTTCTACGGTATGGACGACTGG","IGHV1-69*06",48847.9,13,1,10,8,32,TRUE,"IGKV1-39*01,IGKV1D-39*01",46751.3,3,3,4,2,12,NA,NA,NA,NA,NA,NA,NA,NA
"1227_1_3_E01","1227_1_3_E01",NA,NA,"IGHG1","TGTGCGAGAGATTTGGTAGATGGCCTACGCTCGGCTTTTGATATCTGG","IGHV4-4*07",74280.6,1,1,2,2,6,NA,NA,NA,NA,NA,NA,NA,NA,TRUE,"IGLV3-1*01",71635.6,1,0,1,0,2
"1227_1_3_F02","1227_1_3_F02",NA,NA,"IGHG4","TGTGCGAGATTCAATCTCCTCAACTGGCTCGACCCCTGG","IGHV4-59*01,IGHV4-59*08",13709.1,1,1,5,5,12,NA,NA,NA,NA,NA,NA,NA,NA,TRUE,"IGLV2-14*01",167133,6,0,5,3,14
"1227_1_3_H02","1227_1_3_H02",NA,NA,"IGHG1","TGTGCGAGAGAGGATTACCTGGGTTCGGGGAGTTACATTTTCTGG","IGHV4-59*01",64105.2,6,1,8,3,18,NA,NA,NA,NA,NA,NA,NA,NA,TRUE,"IGLV2-14*01",197189,3,0,2,3,8
"1227_1_3_I01","1227_1_3_I01",NA,NA,"IGHG4","TGTGCGAAATTAAGTGTTCTTCTACCAGCTATAATCACCCACGACGCATTTGATATGTGG","IGHV4-59*01",55134,5,2,5,4,16,TRUE,"IGKV1-39*01,IGKV1D-39*01",157844,0,0,2,2,4,NA,NA,NA,NA,NA,NA,NA,NA
"1227_1_3_J02","1227_1_3_J02",NA,NA,"IGHG4","TGTGCGAAAGATCTGGACCTCGGCATTTTGACTGGTTTTTCTTATTACTACTACTACGGTATGGACGTCTGG","IGHV3-30*18,IGHV3-30-5*01",15958,8,3,8,7,26,TRUE,"IGKV1-33*01,IGKV1D-33*01",7.72502,0,0,2,1,3,TRUE,"IGLV1-44*01",391392,3,0,3,7,13
"1227_1_3_K01","1227_1_3_K01",NA,NA,"IGHG4","TGTGCGAGAGGCGTTGGGATTCTTGACTACTGG","IGHV1-69*08",171805,5,1,10,8,24,TRUE,"IGKV1-5*03",271328,0,0,4,1,5,NA,NA,NA,NA,NA,NA,NA,NA
"1227_1_3_L02","1227_1_3_L02",NA,NA,"IGHG4","TGTGCAACAATTGCGGCGGTGACGACGAGGCTTGACTTCTGG","IGHV1-69-2*01",77396.9,4,1,7,7,19,NA,NA,NA,NA,NA,NA,NA,NA,TRUE,"IGLV1-40*03",361560,1,0,1,0,2
"1284_1_2_O04","1284_1_2_O04",75,4,"IGHG2","TGTGCGCGAGGCCCATATTATTATGATATCACTGGCTATCCATTTGACTATTGG","IGHV3-48*02",80616.3,10,3,16,8,37,TRUE,"IGKV1-5*03",242889,3,1,8,6,18,NA,NA,NA,NA,NA,NA,NA,NA
"1284_1_4_A03","1284_1_4_A03",300,2,"IGHG4","TGTGCGAAAGATGCGACTCGGGGAGCCGCCCTTCACTACTGG","IGHV3-30*02,IGHV3-30-5*02",2605.68,11,2,14,6,33,TRUE,"IGKV1-33*01,IGKV1D-33*01",21922.9,2,3,10,1,16,NA,NA,NA,NA,NA,NA,NA,NA
"1284_1_4_A05","1284_1_4_A05",272,0,"IGHG1","TGTGGGAGACTGATCGGACACAATTATGGTTTTCGCTGG","IGHV4-34*01,IGHV4-34*02",157841,7,1,5,7,20,NA,NA,NA,NA,NA,NA,NA,NA,TRUE,"IGLV1-51*01",302077,3,1,5,1,10
"1284_1_4_B01","1284_1_4_B01",NA,NA,"IGHG1","TGTGTAAAAAGTACAGCAGCAGTCTTCGATGACCCCTATGATGCTTTTGATATGTGG","IGHV3-9*01",2939.45,9,1,6,1,17,NA,NA,NA,NA,NA,NA,NA,NA,TRUE,"IGLV3-1*01",4883.99,6,2,9,6,23
"1284_1_4_B05","1284_1_4_B05",NA,NA,"IGHG1","TGTGCGAGACATGTACGGACTGCGGAGCGACTACCCCCCCGGGACTGG","IGHV4-34*12",183097,8,2,9,7,26,NA,NA,NA,NA,NA,NA,NA,NA,TRUE,"IGLV1-44*01",227055,2,0,4,2,8
"1284_1_4_C03","1284_1_4_C03",NA,NA,"IGHG3","TGTGCGAAATTCACCTTGGCTGGAAATAGGGGCTACTACTACTTTGGTATGGACGTCTGG","IGHV3-23*04",1119.49,6,1,6,7,20,NA,NA,NA,NA,NA,NA,NA,NA,TRUE,"IGLV3-1*01",2994.71,2,3,5,2,12
"1284_1_4_C05","1284_1_4_C05",182,2,"IGHG1","TGTGCGAGACATGAACCAGGTGGAAGTTACTTTGCCCGGTTCGACCCCTGG","IGHV4-39*01",81900,2,1,10,2,15,NA,NA,NA,NA,NA,NA,NA,NA,TRUE,"IGLV3-19*01",223033,1,0,2,1,4
"1284_1_4_C06","1284_1_4_C06",98,0,"IGHG4","TGTGCAGTAGGCCTCTTTATGACTCACCAAGACGGTATGGACGTCTGG","IGHV1-24*01",110560,6,0,5,4,15,TRUE,"IGKV1D-43*01",254.428,0,0,0,0,0,TRUE,"IGLV2-23*02",315009,3,1,6,2,12
"1284_1_4_D02","1284_1_4_D02",NA,NA,"IGHG1","TGTGCGAGGCACATAGCAGTGCCTGATTCTCTTGACTATTGG","IGHV5-51*01",6599.55,3,2,8,5,18,NA,NA,NA,NA,NA,NA,NA,NA,TRUE,"IGLV1-44*01",34890.4,3,2,3,6,14
"1284_1_4_D04","1284_1_4_D04",175,0,"IGHG4","TGTGCGAGAGATGATTTTGGCCTCTTTGACTACTGG","IGHV1-3*01",120886,3,0,8,0,11,TRUE,"IGKV3-20*01",249053,4,0,3,3,10,NA,NA,NA,NA,NA,NA,NA,NA
"1284_1_4_D05","1284_1_4_D05",NA,NA,"IGHG1","TGTGCGAGAGAAACTGTTGACTACTGG","IGHV1-18*04",3650.07,3,2,5,4,14,TRUE,"IGKV2-30*01",25351,2,0,5,2,9,NA,NA,NA,NA,NA,NA,NA,NA
"1284_1_4_E01","1284_1_4_E01",75,0,"IGHG2","TGTGCGAGAGGCCCATATTACTATGATCTCACTGGCTATCCATTTGACTTCTGG","IGHV3-48*02",77673.3,11,3,15,7,36,TRUE,"IGKV1-5*03",269291,3,1,7,4,15,NA,NA,NA,NA,NA,NA,NA,NA
"1284_1_4_E05","1284_1_4_E05",213,1,"IGHG1","TGTGCGAGGCCTAATCTCTACCTCTCCTACGGTTTGGACGTCTGG","IGHV3-64D*06",78599.4,8,1,5,4,18,TRUE,"IGKV1-33*01,IGKV1D-33*01",6738.7,4,1,15,3,23,TRUE,"IGLV2-14*01",209972,2,0,4,2,8
"1284_1_4_G04","1284_1_4_G04",NA,NA,"IGHG1","TGTGCGAGAGATGGTCGCTGGGCTGCTCGCCCTTTGGACTACTGG","IGHV3-48*03",286.526,4,1,9,4,18,TRUE,"IGKV1-39*01,IGKV1D-39*01",7855.86,9,1,8,11,29,NA,NA,NA,NA,NA,NA,NA,NA
"1284_1_4_H03","1284_1_4_H03",NA,NA,"IGHG1","TGTACTAGACGCCATGATAATACTATCTCCTACAACTACTACGGGATGGACGTCTGG","IGHV3-49*05",2373.19,1,1,5,5,12,NA,NA,NA,NA,NA,NA,NA,NA,TRUE,"IGLV7-43*01",5917.66,1,0,2,2,5
"1284_1_4_J02","1284_1_4_J02",NA,NA,"IGHG1","TGTGCGAGGCTTGCACAATGGCGTGGCAACTCCTGGGCGACGCTAGTCTACTTTGACTACTGG","IGHV4-34*01",6008.87,4,2,9,9,24,TRUE,"IGKV1-39*01,IGKV1D-39*01",11238,2,1,2,5,10,NA,NA,NA,NA,NA,NA,NA,NA
"1284_1_4_J04","1284_1_4_J04",NA,NA,"IGHG1","TGTGCGAAAGATACAGGTGACACGATGTTTGGATTGATTCTTATGCGGGGATACTTCCAACACTGG","IGHV3-23*04",4120.37,6,1,9,10,26,TRUE,"IGKV3-20*01",4300.56,1,0,6,2,9,NA,NA,NA,NA,NA,NA,NA,NA
"1284_1_4_J06","1284_1_4_J06",NA,NA,"IGHG1","TGTGCGAGAGTCGCACTGGGCGGTGAGTTTGGCCTTGACTACTGG","IGHV4-59*02",4822.29,5,0,10,8,23,TRUE,"IGKV1-5*03",2559.77,4,0,4,2,10,TRUE,"IGLV2-11*01",7231.58,1,0,3,3,7
"1284_1_4_K01","1284_1_4_K01",NA,NA,"IGHG1","TGTTCGACAACATTTGACTTCTGG","IGHV3-21*02",64695.4,10,3,6,13,32,TRUE,"IGKV2-30*01,IGKV2-30*02",436849,0,0,2,5,7,NA,NA,NA,NA,NA,NA,NA,NA
"1284_1_4_K06","1284_1_4_K06",NA,NA,"IGHG3","TGTGCGAGAGATAAGTGGCTGGAACGGGGGCCTTTTGACTACTGG","IGHV1-46*01",3621.09,3,1,6,6,16,TRUE,"IGKV3-20*01",17757.2,5,1,3,1,10,NA,NA,NA,NA,NA,NA,NA,NA
"1284_1_4_L01","1284_1_4_L01",NA,NA,"IGHG3","TGTGCGAGAGAGGTGGAGCGCAGCAGTTGGAACTGGGTGTTTGACTCTTGG","IGHV4-59*01",2275.76,10,1,9,4,24,TRUE,"IGKV1-39*01,IGKV1D-39*01",11969.5,5,0,12,0,17,NA,NA,NA,NA,NA,NA,NA,NA
"1284_1_4_L02","1284_1_4_L02",461,1,"IGHG4","TGTGTGGAAGATTCCTTTGACTATTGG","IGHV3-23*04",161199,6,2,5,2,15,TRUE,"IGKV3-11*01",231484,3,1,5,5,14,NA,NA,NA,NA,NA,NA,NA,NA
"1284_1_4_M06","1284_1_4_M06",NA,NA,"IGHG1","TGTGCGAAAGTCCCCTTGGATACTAGTGGTTATTACCGAGGTTTTGAAATCTGG","IGHV3-23*01,IGHV3-23D*01",117041,1,1,9,4,15,TRUE,"IGKV1-9*01",279527,2,0,1,3,6,NA,NA,NA,NA,NA,NA,NA,NA
"1284_1_4_N01","1284_1_4_N01",NA,NA,"IGHG2","TGTGCGTCGGGACAAATCCCCTACGAATATCACGCTTTGGACGTCTGG","IGHV3-11*06",109915,2,2,12,4,20,TRUE,"IGKV1-39*01,IGKV1D-39*01",228272,1,1,7,2,11,NA,NA,NA,NA,NA,NA,NA,NA
"1284_1_4_N03","1284_1_4_N03",NA,NA,"IGHG2","TGTGCCAAGGGAAAGGCGGGTGGAAAAGTTGACTGGTTCGACCCCTGG","IGHV3-23*04",262.298,9,1,9,7,26,TRUE,"IGKV3-20*01",628.378,0,0,0,0,0,TRUE,"IGLV2-11*01",399421,4,0,5,1,10
"1284_1_4_N04","1284_1_4_N04",NA,NA,"IGHG1","TGTGCGAGGCTTTTGGGGGGGTTCGGGGAGTCACGGCGCTACTACTTCTACTCTATGGACGTCTGG","IGHV4-34*01",3264.05,6,4,17,10,37,TRUE,"IGKV1-6*01",9690.66,3,0,10,7,20,NA,NA,NA,NA,NA,NA,NA,NA
"1284_1_4_O01","1284_1_4_O01",175,0,"IGHG4","TGTGCGAGAGATGATTTTGGCCTCTTTGACTACTGG","IGHV1-3*01",127241,5,0,9,1,15,TRUE,"IGKV3-20*01",315144,4,0,3,3,10,NA,NA,NA,NA,NA,NA,NA,NA
"1284_1_4_O03","1284_1_4_O03",NA,NA,"IGHG1","TGTGCGAGAGGCCTGCGTCCCCTACGAAATTTTGACAAAGGCCCCTATTACTCCGCAATGGACGTCTGG","IGHV1-69*06",3429.98,8,2,12,5,27,NA,NA,NA,NA,NA,NA,NA,NA,TRUE,"IGLV1-51*01",12700.8,4,0,3,4,11
"1227_1_1_A18","1227_1_1_A18",438,0,"IGHG4","TGTGCGAGAGATTGGCGAGGAGCGGCGGTAGGTGCTGACACGTATTCTTACTACCGACATGGTTTGGACGTCTGG","IGHV4-59*01",8522.02,7,1,4,5,17,NA,NA,NA,NA,NA,NA,NA,NA,TRUE,"IGLV3-1*01",46967.3,4,2,6,4,16
"1227_1_1_G19","1227_1_1_G19",96,0,"IGHG4","TGTGCGAGAGAGTTGTGGTTCGGGAAATTACGCGGTATGGACGTCTGG","IGHV3-33*01",147698,7,1,9,6,23,TRUE,"IGKV1-39*01,IGKV1D-39*01",250157,4,1,9,4,18,NA,NA,NA,NA,NA,NA,NA,NA
"1227_1_1_H05","1227_1_1_H05",NA,NA,"IGHG3","TGTGTAAGAGGTGCCCGTGCACCGCAGGCCTATTATTATAACGGATTGGACGTCTGG","IGHV3-74*03",5719.5,7,3,11,9,30,NA,NA,NA,NA,NA,NA,NA,NA,TRUE,"IGLV1-47*01",25603,0,0,7,5,12
"1227_1_1_J08","1227_1_1_J08",NA,NA,"IGHG2","TGTGCGAGAAGGTTATTAATCAGGGGTCGAGGTCCCTTCTACTACTACGGTTTGGACGTCTGG","IGHV3-20*01",1078.9,0,2,9,3,14,TRUE,"IGKV2-28*01,IGKV2D-28*01",18721.4,1,0,1,1,3,NA,NA,NA,NA,NA,NA,NA,NA
"1227_1_1_K05","1227_1_1_K05",NA,NA,"IGHG1","TGTGCGAAAGTTCGTTTATATTGTGCTAGTACCAGCTGCCAGAGCTACCACTACCACGGTATGGACGTCTGG","IGHV3-30*18,IGHV3-30-5*01",2447,4,1,6,1,12,NA,NA,NA,NA,NA,NA,NA,NA,TRUE,"IGLV3-1*01",12819.7,4,0,8,7,19
"1227_1_1_M19","1227_1_1_M19",NA,NA,"IGHG4","TGTGCGAGACGCTCCTCGTCCTCGGTGACTAGCTTTGACTACTGG","IGHV4-59*08",78803.7,5,1,7,8,21,NA,NA,NA,NA,NA,NA,NA,NA,TRUE,"IGLV2-14*01",108267,0,2,3,2,7
"1227_1_1_N02","1227_1_1_N02",96,0,"IGHG4","TGTGCGAGAGAGTTGTGGTTCGGGAAATTACGCGGTATGGACGTCTGG","IGHV3-33*01",101616,7,1,9,6,23,TRUE,"IGKV1-39*01,IGKV1D-39*01",238439,4,1,9,4,18,NA,NA,NA,NA,NA,NA,NA,NA
"1284_1_3_B12","1284_1_3_B12",NA,NA,"IGHG1","TGTGCGAGGAACCTCTATGGCTCGGGGAATTTTTATAGGGACGCTGATTTCTGG","IGHV3-74*01",1482.78,8,3,8,7,26,NA,NA,NA,NA,NA,NA,NA,NA,TRUE,"IGLV2-14*01",30168.6,6,2,3,4,15
"1284_1_3_K06","1284_1_3_K06",NA,NA,"IGHG1","TGTGCGAGAGGCTTCATTTTTGCCCCTGGATACTTCTTTGGTCGACCCCAGCCACACTACTATGACTCCTGG","IGHV4-34*01",2026.19,6,1,12,5,24,TRUE,"IGKV3-15*01",33621.4,2,3,4,8,17,NA,NA,NA,NA,NA,NA,NA,NA
"1284_1_6_A02","1284_1_6_A02",182,0,"IGHG1","TGTGCGAGACATGAACCAGGTGGGAGCTACTTTGCCCGGTTCGACCCCTGG","IGHV4-39*01",138128,2,0,5,3,10,NA,NA,NA,NA,NA,NA,NA,NA,TRUE,"IGLV3-19*01",312948,1,0,2,2,5
"1284_1_6_A03","1284_1_6_A03",NA,NA,"IGHG1","TGTACGAAACCTGGGGGATATAGCAGCAGCTGGTACGCTCTTGACTCCTGG","IGHV3-43*01",1911.75,5,2,5,4,16,NA,NA,NA,NA,NA,NA,NA,NA,TRUE,"IGLV2-11*01,IGLV2-11*02,IGLV2-11*03",15204.8,1,0,3,1,5
"1284_1_6_A04","1284_1_6_A04",393,0,"IGHG4","TGTGCGAGACTTCCTTCGTCTTTCGATTCTTGGAGTGGTAACAAAATTATGGAGGTCTGG","IGHV1-69*06",104220,6,1,16,8,31,TRUE,"IGKV3-11*01",342985,6,1,3,2,12,NA,NA,NA,NA,NA,NA,NA,NA
"1284_1_6_A05","1284_1_6_A05",NA,NA,"IGHG1","TGTGCGAGAGGCCAGCTGGACTGGGG","IGHV4-34*01",104668,4,1,6,12,23,TRUE,"IGKV3-20*01",178163,2,2,3,1,8,NA,NA,NA,NA,NA,NA,NA,NA
"1284_1_6_C03","1284_1_6_C03",NA,NA,"IGHG1","TGTGCGAGACGCCCCTCTCAAACTATGGTTCGGGGAGTTATTATAATAGAACGAGGTGCTTTTGATATCTGG","IGHV4-39*01",5301.46,3,1,4,0,8,NA,NA,NA,NA,NA,NA,NA,NA,TRUE,"IGLV1-51*01",2581.78,0,0,0,0,0
"1284_1_6_C04","1284_1_6_C04",300,2,"IGHG4","TGTGCGAAAGATGCGGTTCGGGGAGCCGCCCTTCACTACTGG","IGHV3-30*02,IGHV3-30-5*02",77408.2,12,3,15,7,37,TRUE,"IGKV1-33*01,IGKV1D-33*01",265918,2,3,12,3,20,NA,NA,NA,NA,NA,NA,NA,NA
"1284_1_6_D02","1284_1_6_D02",NA,NA,"IGHG2","TGTGTCGCCTACACCTGGAATCGTCCTGACTACTGG","IGHV3-74*03",13502.9,9,4,12,3,28,TRUE,"IGKV2-30*01",45048.1,4,3,4,7,18,NA,NA,NA,NA,NA,NA,NA,NA
"1284_1_6_D03","1284_1_6_D03",213,1,"IGHG1","TGTGTGAGGCCTAATCTCTACCTCTCCTACGGTTTGGACGTCTGG","IGHV3-64D*06",107231,7,2,6,3,18,TRUE,"IGKV1-33*01,IGKV1D-33*01",6206.52,3,1,10,2,16,TRUE,"IGLV2-14*01",239829,2,1,0,1,4
"1284_1_6_E04","1284_1_6_E04",393,0,"IGHG4","TGTGCGAGACTTCCTTCGTCTTTCGATTCTTGGAGTGGTAACAAAATTATGGAGGTCTGG","IGHV1-69*06",114359,6,1,16,8,31,TRUE,"IGKV3-11*01",302402,6,1,3,2,12,NA,NA,NA,NA,NA,NA,NA,NA
"1284_1_6_E05","1284_1_6_E05",NA,NA,"IGHG2","TGTGCGACTGCCAGCGCTTCCTGGGATTCTGTTGGCTACTTTGATCACTGG","IGHV4-30-4*05",233643,0,0,13,4,17,TRUE,"IGKV3-11*01",346917,6,1,13,4,24,NA,NA,NA,NA,NA,NA,NA,NA
"1284_1_6_F01","1284_1_6_F01",175,0,"IGHG4","TGTGCGAGAGATGATTTTGGCCTCTTTGACTACTGG","IGHV1-3*01",115544,3,2,5,1,11,TRUE,"IGKV3-20*01",397697,1,1,4,1,7,NA,NA,NA,NA,NA,NA,NA,NA
"1284_1_6_F05","1284_1_6_F05",NA,NA,"IGHG2","TGTGCGAAAGGGACGTATTTCTATGGTTTGGGCACCCACTTCGACTACTGG","IGHV3-23*01,IGHV3-23*04,IGHV3-23D*01",95940.4,4,0,4,0,8,TRUE,"IGKV1-13*02,IGKV1D-13*02",263199,1,0,2,1,4,NA,NA,NA,NA,NA,NA,NA,NA
"1284_1_6_G03","1284_1_6_G03",276,0,"IGHG1","TGTTCAACAGGACTTTTCGGGGACTTTCCTGCCTACTGG","IGHV1-24*01",72671.2,1,0,8,3,12,NA,NA,NA,NA,NA,NA,NA,NA,TRUE,"IGLV2-23*02",356509,0,0,4,3,7
"1284_1_6_G04","1284_1_6_G04",NA,NA,"IGHG1","TGTGTGACTGATAGAGGGTACGGTGGTAACTTTGACTGGTTTGACTACTGG","IGHV3-33*01,IGHV3-33*05,IGHV3-33*06",1478.64,7,4,9,4,24,NA,NA,NA,NA,NA,NA,NA,NA,TRUE,"IGLV1-40*01",15225.6,3,0,2,3,8
"1284_1_6_G05","1284_1_6_G05",461,1,"IGHG4","TGTGTGAAAGATTCCTTTGACTATTGG","IGHV3-23*04",72939.9,4,0,4,1,9,TRUE,"IGKV3-11*01",57911.6,3,1,8,4,16,NA,NA,NA,NA,NA,NA,NA,NA
"1284_1_6_H01","1284_1_6_H01",329,0,"IGHG4","TGTGCAAAGGAGGACGATAGTGGCGGCAGTCTTGACTCTTGG","IGHV3-9*01",112261,5,2,14,5,26,TRUE,"IGKV1-9*01",286307,1,1,5,2,9,NA,NA,NA,NA,NA,NA,NA,NA
"1284_1_6_H02","1284_1_6_H02",329,0,"IGHG4","TGTGCAAAGGAGGACGATAGTGGCGGCAGTCTTGACTCTTGG","IGHV3-9*01,IGHV3-9*02",180322,0,0,8,2,10,TRUE,"IGKV1-9*01",156442,1,2,2,2,7,NA,NA,NA,NA,NA,NA,NA,NA
"1284_1_6_H05","1284_1_6_H05",NA,NA,"IGHG1","TGTGCAACTGGAATTACTATGATTCGGGGAGGTCCTTACTTGGACTACTGG","IGHV1-24*01",2244.77,5,0,4,0,9,TRUE,"IGKV3-15*01",50919.2,0,1,3,0,4,NA,NA,NA,NA,NA,NA,NA,NA
"1284_1_6_I01","1284_1_6_I01",NA,NA,"IGHG1","TGTGCGGTCCTCCTTAAGTCATTCCGGGGAGCTTACTACTTTGACTTCTGG","IGHV1-69*06",135185,6,2,9,4,21,TRUE,"IGKV3-11*01",325695,1,0,1,1,3,NA,NA,NA,NA,NA,NA,NA,NA
"1284_1_6_I02","1284_1_6_I02",NA,NA,"IGHG1","TGTGCGAGACGGAATTCATTCACGTATTACGATTTCCCGGACGTCTGG","IGHV5-51*01",774.156,2,2,8,2,14,TRUE,"IGKV1D-8*02",14246.5,3,0,7,4,14,NA,NA,NA,NA,NA,NA,NA,NA
"1284_1_6_I03","1284_1_6_I03",NA,NA,"IGHG1","TGTGCGAGAGGCGTCGCACTGCCATATTATTACTACGGCATGGACGTCTGG","IGHV1-69*06",4506.21,7,1,11,9,28,TRUE,"IGKV2-28*01,IGKV2D-28*01",49761.8,0,0,2,1,3,NA,NA,NA,NA,NA,NA,NA,NA
"1284_1_6_I04","1284_1_6_I04",NA,NA,"IGHG1","TGTGCGAGAGACCTGGTATACGATCTTTTGACCCATGGTTTGGCCGTCTGG","IGHV3-30*04,IGHV3-30-3*03",2270,5,2,7,2,16,TRUE,"IGKV1-5*03",58312.3,2,1,4,2,9,NA,NA,NA,NA,NA,NA,NA,NA
"1284_1_6_J05","1284_1_6_J05",175,1,"IGHG2","TGTGCGAGAGTTGATTTTGGTCTCTTTGACTACTGG","IGHV1-3*01",64865.4,0,0,8,2,10,TRUE,"IGKV3-20*01",328848,1,0,5,2,8,NA,NA,NA,NA,NA,NA,NA,NA
"1284_1_6_K05","1284_1_6_K05",NA,NA,"IGHG1","TGTGCGAGACAGTCTTCAGGGCTACTTGATGCTGTTGATGTCTGG","IGHV4-39*01",11716.1,5,2,11,4,22,TRUE,"IGKV1-39*01,IGKV1D-39*01",20844.5,5,2,3,3,13,NA,NA,NA,NA,NA,NA,NA,NA
"1284_1_6_L01","1284_1_6_L01",98,0,"IGHG4","TGTGCAGTAGGCCTCTTTATGACTCACCAAGACGGTATGGACGTCTGG","IGHV1-24*01",142772,5,0,4,2,11,NA,NA,NA,NA,NA,NA,NA,NA,TRUE,"IGLV2-23*02",202857,4,1,4,2,11
"1284_1_6_L02","1284_1_6_L02",NA,NA,"IGHG1","TGTGCGAGAGTCGGAAATGCGGGGGGTTCGGGGAGTTATTATCAACTGTGG","IGHV4-4*07",7001.07,5,1,7,4,17,NA,NA,NA,NA,NA,NA,NA,NA,TRUE,"IGLV3-21*02",23500.7,3,0,0,2,5
"1284_1_6_L03","1284_1_6_L03",75,1,"IGHG4","TGTGCGAGAGGCCCATATTACTATGATATTACTGGCTATCCATTTGACTTCTGG","IGHV3-48*02",109835,9,3,16,5,33,TRUE,"IGKV1-5*03",306104,3,1,8,6,18,NA,NA,NA,NA,NA,NA,NA,NA
"1284_1_6_L04","1284_1_6_L04",75,0,"IGHG4","TGTGCGAGAGGCCCATATTACTATGATATCACTGGCTATCCATTTGACTTCTGG","IGHV3-48*02",136981,9,4,15,6,34,TRUE,"IGKV1-5*03",283570,4,1,9,5,19,NA,NA,NA,NA,NA,NA,NA,NA
"1284_1_6_L05","1284_1_6_L05",NA,NA,"IGHG1","TGTGCGAGAGGTGGTGACCGCTACGGTTATAAGCCTCTTGACTACTGG","IGHV3-53*01",1774.81,4,1,7,2,14,TRUE,"IGKV3-20*01",17554.7,1,0,2,4,7,NA,NA,NA,NA,NA,NA,NA,NA
"1284_1_6_N03","1284_1_6_N03",182,0,"IGHG1","TGTGCGAGACATGAACCAGGTGGGAGCTACTTTGCCCGGTTCGACCCCTGG","IGHV4-39*02",118518,3,1,10,3,17,NA,NA,NA,NA,NA,NA,NA,NA,TRUE,"IGLV3-19*01",205783,1,1,5,4,11
"1284_1_6_O03","1284_1_6_O03",175,1,"IGHG4","TGTGCGAGAGATGATTTTGGTCTCTTTGACTACTGG","IGHV1-3*01",67245.2,7,1,7,3,18,TRUE,"IGKV3-20*01",186716,1,0,4,1,6,NA,NA,NA,NA,NA,NA,NA,NA
"1284_1_6_O04","1284_1_6_O04",NA,NA,"IGHG1","TGTGCGAAAGTCCGATATCATGGATTACGTATAACTGTGGTTCGGGGAGTTATCAGTGGGGGTATGGACGTCTGG","IGHV3-23*01,IGHV3-23*04,IGHV3-23D*01",1278.58,3,1,2,1,7,NA,NA,NA,NA,NA,NA,NA,NA,TRUE,"IGLV1-51*01",5298.84,1,0,3,3,7
"1284_1_6_P03","1284_1_6_P03",75,0,"IGHG4","TGTGCGAGAGGCCCATATTACTATGATCTCACTGGCTATCCATTTGACTTCTGG","IGHV3-48*02",129663,11,4,19,9,43,TRUE,"IGKV1-5*03",215855,3,1,9,5,18,NA,NA,NA,NA,NA,NA,NA,NA
"1284_1_6_P04","1284_1_6_P04",NA,NA,"IGHG4","TGTGCGAGAGGGACCAGTACCCACTACTATCGAAACAACTGGTTCGATCCCTGG","IGHV1-46*01",60966.1,7,0,7,5,19,TRUE,"IGKV1-39*01,IGKV1D-39*01",334199,4,0,3,2,9,NA,NA,NA,NA,NA,NA,NA,NA
"1284_1_5_F01","1284_1_5_F01",276,1,"IGHG1","TGTTCAACAGGACTTTTCGGGGACTTTCCTGCGTACTGG","IGHV1-24*01",155465,3,0,5,5,13,NA,NA,NA,NA,NA,NA,NA,NA,TRUE,"IGLV2-23*02",292722,0,0,4,2,6
"1284_1_5_C03","1284_1_5_C03",NA,NA,"IGHG1","TGTGCGCAGGGAACTGGGAAGTACCCCTTTCATAACTGGGG","IGHV2-5*02",1972.23,5,0,8,3,16,NA,NA,NA,NA,NA,NA,NA,NA,TRUE,"IGLV7-43*01",15189.6,0,0,7,3,10
"1284_1_5_F06","1284_1_5_F06",75,0,"IGHG4","TGTGCGAGAGGCCCATATTACTATGATATCACTGGCTATCCATTTGACTTCTGG","IGHV3-48*02",124061,9,3,16,5,33,TRUE,"IGKV1-5*03",144673,4,1,7,5,17,NA,NA,NA,NA,NA,NA,NA,NA
"1284_1_5_N03","1284_1_5_N03",175,0,"IGHG4","TGTGCGAGAGATGATTTTGGCCTCTTTGACTACTGG","IGHV1-3*01",155871,5,0,9,1,15,TRUE,"IGKV3-20*01",309879,4,0,3,3,10,NA,NA,NA,NA,NA,NA,NA,NA
"1284_1_5_M06","1284_1_5_M06",NA,NA,"IGHG1","TGTGCGCAGGGGACAGCTGCTACCCACGTCCACGACTGG","IGHV4-61*03",5065.96,6,4,6,5,21,TRUE,"IGKV3-11*01",13207.8,4,1,4,5,14,NA,NA,NA,NA,NA,NA,NA,NA
"1284_1_5_F03","1284_1_5_F03",NA,NA,"IGHG1","TGTGCGAGAGCCCAAGAGGTGGCCCGTCTCTTTGATGGGACCTACCGGTGGTTCTCTGACTCCTGG","IGHV1-69*06",5690.14,7,4,11,13,35,TRUE,"IGKV3-20*01",22670.9,3,0,6,2,11,NA,NA,NA,NA,NA,NA,NA,NA
"1284_1_5_B05","1284_1_5_B05",NA,NA,"IGHG3","TGTGCGAGACATCCGAGGTTCGGGGATTTATTGGGTGCTTTTGATATCTGG","IGHV5-10-1*03",1605.69,3,1,6,4,14,NA,NA,NA,NA,NA,NA,NA,NA,TRUE,"IGLV2-8*01",7242.86,1,1,1,2,5
"1284_1_5_O03","1284_1_5_O03",98,0,"IGHG4","TGTGCAGTAGGCCTCTTTATGACTCACCAAGACGGTATGGACGTCTGG","IGHV1-24*01",194937,5,0,4,2,11,TRUE,"IGKV4-1*01",155.677,0,0,0,0,0,TRUE,"IGLV2-23*02",117331,4,1,4,2,11
"1284_1_5_N04","1284_1_5_N04",272,0,"IGHG1","TGTGGGAGACTGATCGGACACAATTATGGTTTTCGCTGG","IGHV4-34*01,IGHV4-34*02",288808,7,1,5,7,20,TRUE,"IGKV3-20*01,IGKV3D-20*01",8.22895,0,0,1,0,1,TRUE,"IGLV1-51*01,IGLV1-51*02",16563.2,0,0,0,0,0
"1284_1_5_A06","1284_1_5_A06",329,1,"IGHG4","TGTGCAAAGGAGGACGATAGCGGCGGCAGTCTTGACTCTTGG","IGHV3-9*01",81117.3,6,1,14,4,25,TRUE,"IGKV1-9*01",133937,2,2,2,3,9,NA,NA,NA,NA,NA,NA,NA,NA
"1284_1_1_H07","1284_1_1_H07",276,0,"IGHG1","TGTTCAACAGGACTTTTCGGGGACTTTCCTGCCTACTGG","IGHV1-24*01",177300,3,0,9,4,16,NA,NA,NA,NA,NA,NA,NA,NA,TRUE,"IGLV2-23*02",332343,0,0,4,3,7
"1284_1_5_A04","1284_1_5_A04",NA,NA,"IGHG4","TGTGCGAGAGATGGGACTATTTCGTACGGTATGGATGTCTGG","IGHV3-23*01,IGHV3-23D*01",194386,5,4,8,9,26,TRUE,"IGKV3-20*01",203839,6,1,4,2,13,TRUE,"IGLV1-51*01",4.52368,3,1,5,1,10
"1284_1_1_A12","1284_1_1_A12",NA,NA,"IGHG1","TGTGCAACAGGCTTGAGTGGTTACCACGCTATGGACGTCTGG","IGHV1-69-2*01",320.357,1,0,8,2,11,NA,NA,NA,NA,NA,NA,NA,NA,TRUE,"IGLV2-11*01",6228.82,4,0,2,1,7
"1284_1_5_A02","1284_1_5_A02",NA,NA,"IGHG1","TGTGTGAGACATAGATATTGCAGTGGTGGAAGCTGCTCCTTGGCTATGGACGTCTGG","IGHV4-59*08",2759.92,6,3,9,4,22,TRUE,"IGKV3-20*01,IGKV3D-20*01",30.2593,0,0,1,1,2,TRUE,"IGLV1-40*01",34893.8,2,1,3,0,6
"1284_1_5_K04","1284_1_5_K04",NA,NA,"IGHG3","TGTGCGGCCCTGACCATCGGGCCGTATTCCAGTCGTGGGCCTGGCCAGTGG","IGHV4-59*03",10218.4,0,0,15,7,22,TRUE,"IGKV1-39*01,IGKV1D-39*01",29524.1,4,3,13,19,39,NA,NA,NA,NA,NA,NA,NA,NA
"1284_1_5_H05","1284_1_5_H05",NA,NA,"IGHG3","TGTGCGAGAGATAATCAGCTGGACGGAAAGTGGTACTTCGATCTCTGG","IGHV3-48*02",6807.65,9,2,10,8,29,NA,NA,NA,NA,NA,NA,NA,NA,TRUE,"IGLV1-44*01",10069.1,5,1,5,4,15
"1284_1_1_F01","1284_1_1_F01",NA,NA,"IGHG1","TGTGCAAGAGTCGATTTCCTACGGGGCCCCCTTAAGTACTGG","IGHV4-31*02,IGHV4-31*03",3367.88,1,0,3,2,6,TRUE,"IGKV3-20*01",2360.17,1,0,6,2,9,TRUE,"IGLV2-23*01,IGLV2-23*02,IGLV2-23*03",707.497,0,0,2,1,3
"1284_1_5_P01","1284_1_5_P01",329,0,"IGHG4","TGTGCAAAGGAGGACGATAGTGGCGGCAGTCTTGACTCTTGG","IGHV3-9*01",87952.7,7,1,11,2,21,TRUE,"IGKV1-9*01",243107,3,0,2,3,8,TRUE,"IGLV2-23*02",50.7972,4,0,1,0,5
"1284_1_5_D03","1284_1_5_D03",NA,NA,"IGHG1","TGTGCGAGGGACGGGTTTTACGATGATACTGGTGCTTTTCTCGACCCTCCGTGGTGGTTCGACCCCTGG","IGHV1-69*06",3631.2,7,0,4,5,16,TRUE,"IGKV3-20*01",37.6094,4,0,3,3,10,TRUE,"IGLV1-47*01",13351.4,1,0,0,0,1
"1284_1_5_L02","1284_1_5_L02",NA,NA,"IGHG2","TGTGCGAGATATAGTGGGAGCTTCATAGACTATTACTATGGTATGGACGTCTGG","IGHV1-18*04",4935.26,3,2,14,6,25,NA,NA,NA,NA,NA,NA,NA,NA,TRUE,"IGLV1-40*01",19284.1,4,1,1,1,7
"1284_1_5_F02","1284_1_5_F02",NA,NA,"IGHG1","TGTGCGAAGAGCAGTGGCGGATTCGGCTCTTGGGCTTTTGATACCTGG","IGHV4-4*07",623.511,1,2,7,4,14,NA,NA,NA,NA,NA,NA,NA,NA,TRUE,"IGLV1-47*01",17740.6,2,0,1,3,6
"1284_1_1_F09","1284_1_1_F09",NA,NA,"IGHG1","TGTGCGGGATGGGAGCTACATCGTTCCGATGCTTTTCATCTCTGG","IGHV4-4*07",1275.59,6,0,3,3,12,NA,NA,NA,NA,NA,NA,NA,NA,TRUE,"IGLV3-21*02",7291.18,2,1,5,2,10
"1284_1_1_M03","1284_1_1_M03",NA,NA,"IGHG1","TGTGCGAGAGATCGCGGGTATAGCGGCCTATGGGTTATAAAGGACTTCGAGTACTGG","IGHV1-18*04",1097.41,5,3,9,5,22,NA,NA,NA,NA,NA,NA,NA,NA,TRUE,"IGLV1-44*01",16001.8,5,0,9,4,18
"1284_1_1_E04","1284_1_1_E04",NA,NA,"IGHG1","TGTGCACACACAGACCCCTCCGGGTATAGTAGTGGCTGGTACACTTACTTTGACAACTGG","IGHV2-5*02,IGHV2-5*06",1532.33,7,1,5,2,15,TRUE,"IGKV1-5*03",6896.3,2,2,3,2,9,NA,NA,NA,NA,NA,NA,NA,NA
"1284_1_5_O01","1284_1_5_O01",NA,NA,"IGHG1","TGTGCGAGAGGGGGAATAGTGGGAGCTGCTAATTGGTTCGACCCCTGG","IGHV3-30-3*01",1810.74,5,2,12,7,26,NA,NA,NA,NA,NA,NA,NA,NA,TRUE,"IGLV3-21*02",11070.5,0,1,4,2,7
"1284_1_5_K06","1284_1_5_K06",NA,NA,"IGHG2","TGTGCGAAAGATGGTACCAGTAAACTGTACTACATTGACTCTTGG","IGHV3-30*02,IGHV3-30-5*02",1536.21,8,3,7,7,25,TRUE,"IGKV3-11*01",30156.3,2,0,2,1,5,NA,NA,NA,NA,NA,NA,NA,NA
"1284_1_5_B06","1284_1_5_B06",NA,NA,"IGHG1","TGTGCGAGGGGGCCACAGTGGGTACTAAATGATTTTTACTACTTTGACGTCTGG","IGHV4-38-2*02",9334.48,7,3,15,8,33,NA,NA,NA,NA,NA,NA,NA,NA,TRUE,"IGLV3-21*02",33774.3,6,1,8,6,21
